,AAPL (NASD),,,,
Date,Open,High,Low,Close,Volume
12/23/2025,270.84,272.5,269.56,272.36,"29,641,999"
12/22/2025,272.86,273.88,270.51,270.97,"36,571,827"
12/19/2025,272.15,274.6,269.9,273.67,"144,632,048"
12/18/2025,273.61,273.63,266.95,272.19,"51,630,721"
12/17/2025,275.01,276.16,271.64,271.84,"50,138,743"
12/16/2025,272.82,275.5,271.79,274.61,"37,648,628"
12/15/2025,280.15,280.15,272.84,274.11,"50,409,078"
12/12/2025,277.9,279.22,276.82,278.28,"39,532,887"
12/11/2025,279.1,279.59,273.81,278.03,"33,247,986"
12/10/2025,277.75,279.75,276.44,278.78,"33,038,318"
12/9/2025,278.16,280.03,276.92,277.18,"32,193,256"
12/8/2025,278.13,279.67,276.15,277.89,"38,211,832"
12/5/2025,280.54,281.14,278.05,278.78,"47,265,845"
12/4/2025,284.1,284.73,278.59,280.7,"43,989,056"
12/3/2025,286.2,288.62,283.3,284.15,"43,538,687"
12/2/2025,283,287.4,282.63,286.19,"53,669,532"
12/1/2025,278.01,283.42,276.14,283.1,"46,587,722"
11/28/2025,277.26,279,275.99,278.85,"20,135,620"
11/26/2025,276.96,279.53,276.63,277.55,"33,431,423"
11/25/2025,275.27,280.38,275.25,276.97,"46,914,220"
11/24/2025,270.9,277,270.9,275.92,"65,585,796"
11/21/2025,265.95,273.33,265.67,271.49,"59,030,832"
11/20/2025,270.83,275.43,265.92,266.25,"45,823,568"
11/19/2025,265.53,272.21,265.5,268.56,"40,424,492"
11/18/2025,269.99,270.71,265.32,267.44,"45,677,278"
11/17/2025,268.82,270.49,265.73,267.46,"45,018,260"
11/14/2025,271.05,275.96,269.6,272.41,"47,431,331"
11/13/2025,274.11,276.7,272.09,272.95,"49,602,794"
11/12/2025,275,275.73,271.7,273.47,"48,397,982"
11/11/2025,269.81,275.91,269.8,275.25,"46,208,318"
11/10/2025,268.96,273.73,267.46,269.43,"41,312,412"
11/7/2025,269.8,272.29,266.77,268.47,"48,227,365"
11/6/2025,267.89,273.4,267.89,269.77,"51,204,045"
11/5/2025,268.61,271.7,266.93,270.14,"43,683,072"
11/4/2025,268.33,271.49,267.62,270.04,"49,274,846"
11/3/2025,270.42,270.85,266.25,269.05,"50,194,583"
10/31/2025,276.99,277.32,269.16,270.37,"86,167,123"
10/30/2025,271.99,274.14,268.48,271.4,"69,886,534"
10/29/2025,269.28,271.41,267.11,269.7,"51,086,742"
10/28/2025,268.99,269.89,268.15,269,"41,534,759"
10/27/2025,264.88,269.12,264.65,268.81,"44,888,152"
10/24/2025,261.19,264.13,259.18,262.82,"38,253,717"
10/23/2025,259.94,260.62,258.01,259.58,"32,754,941"
10/22/2025,262.65,262.85,255.43,258.45,"45,015,254"
10/21/2025,261.88,265.29,261.83,262.77,"46,695,948"
10/20/2025,255.89,264.38,255.63,262.24,"90,483,029"
10/17/2025,248.02,253.38,247.27,252.29,"49,146,961"
10/16/2025,248.25,249.04,245.13,247.45,"39,776,974"
10/15/2025,249.49,251.82,247.47,249.34,"33,893,611"
10/14/2025,246.6,248.85,244.7,247.77,"35,477,986"
10/13/2025,249.38,249.69,245.56,247.66,"38,142,942"
10/10/2025,254.94,256.38,244,245.27,"61,999,098"
10/9/2025,257.81,258,253.14,254.04,"38,322,012"
10/8/2025,256.52,258.52,256.11,258.06,"36,496,895"
10/7/2025,256.81,257.4,255.43,256.48,"31,955,776"
10/6/2025,257.99,259.07,255.05,256.69,"44,664,118"
10/3/2025,254.67,259.24,253.95,258.02,"49,155,614"
10/2/2025,256.58,258.18,254.15,257.13,"42,630,239"
10/1/2025,255.04,258.79,254.93,255.45,"48,713,940"
9/30/2025,254.86,255.92,253.11,254.63,"37,704,259"
9/29/2025,254.56,255,253.01,254.43,"40,127,687"
9/26/2025,254.1,257.6,253.78,255.46,"46,076,258"
9/25/2025,253.21,257.17,251.71,256.87,"55,202,075"
9/24/2025,255.22,255.74,251.04,252.31,"42,303,710"
9/23/2025,255.88,257.34,253.58,254.43,"60,275,187"
9/22/2025,248.3,256.64,248.12,256.08,"105,517,416"
9/19/2025,241.23,246.3,240.21,245.5,"163,741,314"
9/18/2025,239.97,241.2,236.65,237.88,"44,249,576"
9/17/2025,238.97,240.1,237.73,238.99,"46,508,017"
9/16/2025,237.18,241.22,236.32,238.15,"63,421,099"
9/15/2025,237,238.19,235.03,236.7,"42,699,524"
9/12/2025,229.22,234.51,229.02,234.07,"55,824,216"
9/11/2025,226.88,230.45,226.65,230.03,"50,208,578"
9/10/2025,232.19,232.42,225.95,226.79,"83,440,810"
9/9/2025,237,238.78,233.36,234.35,"66,313,918"
9/8/2025,239.3,240.15,236.34,237.88,"48,999,495"
9/5/2025,240,241.32,238.49,239.69,"54,870,397"
9/4/2025,238.45,239.9,236.74,239.78,"47,549,429"
9/3/2025,237.21,238.85,234.36,238.47,"66,427,835"
9/2/2025,229.25,230.85,226.97,229.72,"44,075,638"
8/29/2025,232.51,233.38,231.37,232.14,"39,418,437"
8/28/2025,230.82,233.41,229.34,232.56,"38,074,700"
8/27/2025,228.61,230.9,228.26,230.49,"31,259,513"
8/26/2025,226.87,229.49,224.69,229.31,"54,575,107"
8/25/2025,226.48,229.3,226.23,227.16,"30,983,133"
8/22/2025,226.17,229.09,225.41,227.76,"42,477,811"
8/21/2025,226.27,226.52,223.78,224.9,"30,621,249"
8/20/2025,229.98,230.47,225.77,226.01,"42,263,865"
8/19/2025,231.28,232.87,229.35,230.56,"39,402,564"
8/18/2025,231.7,233.12,230.11,230.89,"37,476,188"
8/15/2025,234,234.28,229.34,231.59,"56,038,657"
8/14/2025,234.06,235.12,230.85,232.78,"51,916,275"
8/13/2025,231.07,235,230.43,233.33,"69,878,546"
8/12/2025,228.01,230.8,227.07,229.65,"55,672,301"
8/11/2025,227.92,229.56,224.76,227.18,"61,806,132"
8/8/2025,220.83,231,219.25,229.35,"113,853,967"
8/7/2025,218.88,220.85,216.58,220.03,"90,224,834"
8/6/2025,205.63,215.38,205.59,213.25,"108,483,103"
8/5/2025,203.4,205.34,202.16,202.92,"44,155,079"
8/4/2025,204.51,207.88,201.68,203.35,"75,109,298"
8/1/2025,210.87,213.58,201.5,202.38,"104,434,473"
7/31/2025,208.49,209.84,207.16,207.57,"80,698,431"
7/30/2025,211.9,212.39,207.72,209.05,"45,512,514"
7/29/2025,214.18,214.81,210.82,211.27,"51,411,723"
7/28/2025,214.03,214.85,213.06,214.05,"37,858,017"
7/25/2025,214.7,215.24,213.4,213.88,"40,268,781"
7/24/2025,213.9,215.69,213.53,213.76,"46,022,620"
7/23/2025,215,215.15,212.41,214.15,"46,989,301"
7/22/2025,213.14,214.95,212.23,214.4,"46,404,072"
7/21/2025,212.1,215.78,211.63,212.48,"51,377,434"
7/18/2025,210.87,211.79,209.7,211.18,"48,974,591"
7/17/2025,210.57,211.8,209.59,210.02,"48,068,141"
7/16/2025,210.3,212.4,208.64,210.16,"47,490,532"
7/15/2025,209.22,211.89,208.92,209.11,"42,296,339"
7/14/2025,209.93,210.91,207.54,208.62,"38,840,111"
7/11/2025,210.57,212.13,209.86,211.16,"39,765,812"
7/10/2025,210.51,213.48,210.03,212.41,"44,443,635"
7/9/2025,209.53,211.33,207.22,211.14,"48,749,367"
7/8/2025,210.1,211.43,208.45,210.01,"42,848,928"
7/7/2025,212.68,216.23,208.8,209.95,"50,228,984"
7/3/2025,212.15,214.65,211.81,213.55,"34,955,836"
7/2/2025,208.91,213.34,208.14,212.44,"67,941,811"
7/1/2025,206.67,210.19,206.14,207.82,"78,788,867"
6/30/2025,202.01,207.39,199.26,205.17,"91,912,816"
6/27/2025,201.89,203.22,200,201.08,"73,188,571"
6/26/2025,201.43,202.64,199.46,201,"50,799,121"
6/25/2025,201.45,203.67,200.62,201.56,"39,525,730"
6/24/2025,202.59,203.44,200.2,200.3,"54,064,033"
6/23/2025,201.63,202.3,198.96,201.5,"55,814,272"
6/20/2025,198.24,201.7,196.86,201,"96,813,542"
6/18/2025,195.94,197.57,195.07,196.58,"45,394,689"
6/17/2025,197.2,198.39,195.21,195.64,"38,856,152"
6/16/2025,197.3,198.69,196.56,198.42,"43,020,691"
6/13/2025,199.73,200.37,195.7,196.45,"51,447,349"
6/12/2025,199.08,199.68,197.36,199.2,"43,904,635"
6/11/2025,203.5,204.5,198.41,198.78,"60,989,857"
6/10/2025,200.6,204.35,200.57,202.67,"54,672,608"
6/9/2025,204.39,206,200.02,201.45,"72,862,557"
6/6/2025,203,205.7,202.05,203.92,"46,607,693"
6/5/2025,203.5,204.75,200.15,200.63,"55,221,235"
6/4/2025,202.91,206.24,202.1,202.82,"43,603,985"
6/3/2025,201.35,203.77,200.96,203.27,"46,381,567"
6/2/2025,200.28,202.13,200.12,201.7,"35,423,294"
5/30/2025,199.37,201.96,196.78,200.85,"70,819,942"
5/29/2025,203.58,203.81,198.51,199.95,"51,477,938"
5/28/2025,200.59,202.73,199.9,200.42,"45,339,678"
5/27/2025,198.3,200.74,197.43,200.21,"56,288,475"
5/23/2025,193.67,197.7,193.46,195.27,"78,432,918"
5/22/2025,200.71,202.75,199.7,201.36,"46,742,407"
5/21/2025,205.17,207.04,200.71,202.09,"59,211,774"
5/20/2025,207.67,208.47,205.03,206.86,"42,496,635"
5/19/2025,207.91,209.48,204.26,208.78,"46,140,527"
5/16/2025,212.36,212.57,209.77,211.26,"54,737,850"
5/15/2025,210.95,212.96,209.54,211.45,"45,029,473"
5/14/2025,212.43,213.94,210.58,212.33,"49,325,825"
5/13/2025,210.43,213.4,209,212.93,"51,909,332"
5/12/2025,210.97,211.27,206.75,210.79,"63,775,814"
5/9/2025,199,200.54,197.54,198.53,"36,453,923"
5/8/2025,197.72,200.05,194.68,197.49,"50,478,872"
5/7/2025,199.17,199.44,193.25,196.25,"68,616,943"
5/6/2025,198.21,200.65,197.02,198.51,"51,216,482"
5/5/2025,203.1,204.1,198.21,198.89,"69,018,452"
5/2/2025,206.09,206.99,202.16,205.35,"101,010,621"
5/1/2025,209.08,214.56,208.9,213.32,"57,365,675"
4/30/2025,209.3,213.58,206.67,212.5,"52,286,454"
4/29/2025,208.69,212.24,208.37,211.21,"36,827,633"
4/28/2025,210,211.5,207.46,210.14,"38,743,074"
4/25/2025,206.37,209.75,206.2,209.28,"38,222,258"
4/24/2025,204.89,208.83,202.94,208.37,"47,310,989"
4/23/2025,206,208,202.8,204.6,"52,929,165"
4/22/2025,196.12,201.59,195.97,199.74,"52,976,371"
4/21/2025,193.27,193.8,189.81,193.16,"46,742,537"
4/17/2025,197.2,198.83,194.42,196.98,"52,164,675"
4/16/2025,198.36,200.7,192.37,194.27,"59,732,423"
4/15/2025,201.86,203.51,199.8,202.14,"51,343,872"
4/14/2025,211.44,212.94,201.16,202.52,"101,352,911"
4/11/2025,186.1,199.54,186.06,198.15,"87,435,915"
4/10/2025,189.07,194.78,183,190.42,"121,879,981"
4/9/2025,171.95,200.61,171.89,198.85,"184,395,885"
4/8/2025,186.7,190.34,169.21,172.42,"120,859,491"
4/7/2025,177.2,194.15,174.62,181.46,"160,466,286"
4/4/2025,193.89,199.88,187.34,188.38,"125,910,913"
4/3/2025,205.54,207.49,201.25,203.19,"103,419,006"
4/2/2025,221.32,225.19,221.02,223.89,"35,905,904"
4/1/2025,219.81,223.68,218.9,223.19,"36,412,740"
3/31/2025,217.01,225.62,216.23,222.13,"65,299,321"
3/28/2025,221.67,223.81,217.68,217.9,"39,818,617"
3/27/2025,221.39,224.99,220.56,223.85,"37,094,774"
3/26/2025,223.51,225.02,220.47,221.53,"34,532,656"
3/25/2025,220.77,224.1,220.08,223.75,"34,493,583"
3/24/2025,221,221.48,218.58,220.73,"44,299,483"
3/21/2025,211.56,218.84,211.28,218.27,"94,127,768"
3/20/2025,213.99,217.49,212.22,214.1,"48,862,947"
3/19/2025,214.22,218.76,213.75,215.24,"54,385,391"
3/18/2025,214.16,215.15,211.49,212.69,"42,432,426"
3/17/2025,213.31,215.22,209.97,214,"48,073,426"
3/14/2025,211.25,213.95,209.58,213.49,"60,107,582"
3/13/2025,215.95,216.84,208.42,209.68,"61,368,330"
3/12/2025,220.14,221.75,214.91,216.98,"62,547,467"
3/11/2025,223.81,225.84,217.45,220.84,"76,137,410"
3/10/2025,235.54,236.16,224.22,227.48,"72,071,197"
3/7/2025,235.11,241.37,234.76,239.07,"46,273,565"
3/6/2025,234.44,237.86,233.16,235.33,"45,170,419"
3/5/2025,235.42,236.55,229.23,235.74,"47,227,643"
3/4/2025,237.71,240.07,234.68,235.93,"53,798,062"
3/3/2025,241.79,244.03,236.11,238.03,"47,183,985"
2/28/2025,236.95,242.09,230.2,241.84,"56,833,360"
2/27/2025,239.41,242.46,237.06,237.3,"41,153,639"
2/26/2025,244.33,244.98,239.13,240.36,"44,433,564"
2/25/2025,248,250,244.91,247.04,"48,013,272"
2/24/2025,244.93,248.86,244.42,247.1,"51,326,396"
2/21/2025,245.95,248.69,245.22,245.55,"53,197,431"
2/20/2025,244.94,246.78,244.29,245.83,"32,316,907"
2/19/2025,244.66,246.01,243.16,244.87,"32,204,215"
2/18/2025,244.15,245.18,241.84,244.47,"48,822,491"
2/14/2025,241.25,245.55,240.99,244.6,"40,896,227"
2/13/2025,236.91,242.34,235.57,241.53,"53,614,054"
2/12/2025,231.2,236.96,230.68,236.87,"45,243,292"
2/11/2025,228.2,235.23,228.13,232.62,"53,718,362"
2/10/2025,229.57,230.59,227.2,227.65,"33,115,645"
2/7/2025,232.6,234,227.26,227.63,"39,707,224"
2/6/2025,231.29,233.8,230.43,233.22,"29,925,349"
2/5/2025,228.53,232.67,228.27,232.47,"39,664,989"
2/4/2025,227.25,233.13,226.65,232.8,"45,067,301"
2/3/2025,229.99,231.83,225.7,228.01,"73,063,301"
1/31/2025,247.19,247.19,233.44,236,"101,075,128"
1/30/2025,238.67,240.79,237.21,237.59,"55,658,279"
1/29/2025,234.12,239.86,234.01,239.36,"45,486,100"
1/28/2025,230.85,240.19,230.81,238.26,"75,707,569"
1/27/2025,224.02,232.15,223.98,229.86,"94,863,418"
1/24/2025,224.78,225.63,221.41,222.78,"54,697,907"
1/23/2025,224.74,227.03,222.3,223.66,"60,234,760"
1/22/2025,219.79,224.12,219.79,223.83,"64,126,500"
1/21/2025,224,224.42,219.38,222.64,"98,070,429"
1/17/2025,232.12,232.29,228.48,229.98,"68,488,301"
1/16/2025,237.35,238.01,228.03,228.26,"71,759,052"
1/15/2025,234.64,238.96,234.43,237.87,"39,831,969"
1/14/2025,234.75,236.12,232.47,233.28,"39,435,294"
1/13/2025,233.53,234.67,229.72,234.4,"49,630,725"
1/10/2025,240.01,240.16,233,236.85,"61,710,856"
1/8/2025,241.92,243.71,240.05,242.7,"37,628,940"
1/7/2025,242.98,245.55,241.35,242.21,"40,855,960"
1/6/2025,244.31,247.33,243.2,245,"45,045,571"
1/3/2025,243.36,244.18,241.89,243.36,"40,244,114"
1/2/2025,248.93,249.1,241.82,243.85,"55,740,731"
12/31/2024,252.44,253.28,249.43,250.42,"39,480,718"
12/30/2024,252.23,253.5,250.75,252.2,"35,557,542"
12/27/2024,257.83,258.7,253.06,255.59,"42,355,321"
12/26/2024,258.19,260.1,257.63,259.02,"27,262,983"
12/24/2024,255.49,258.21,255.29,258.2,"23,234,705"
12/23/2024,254.77,255.65,253.45,255.27,"40,858,774"
12/20/2024,248.04,255,245.69,254.49,"147,495,267"
12/19/2024,247.5,252,247.09,249.79,"60,882,264"
12/18/2024,252.16,254.28,247.74,248.05,"56,774,101"
12/17/2024,250.08,253.83,249.78,253.48,"51,356,360"
12/16/2024,247.99,251.38,247.65,251.04,"51,694,753"
12/13/2024,247.82,249.29,246.24,248.13,"33,155,290"
12/12/2024,246.89,248.74,245.68,247.96,"32,777,532"
12/11/2024,247.96,250.8,246.26,246.49,"45,205,814"
12/10/2024,246.89,248.21,245.34,247.77,"36,914,806"
12/9/2024,241.83,247.24,241.75,246.75,"44,649,232"
12/6/2024,242.91,244.63,242.08,242.84,"36,870,619"
12/5/2024,243.99,244.54,242.13,243.04,"40,033,878"
12/4/2024,242.87,244.11,241.25,243.01,"44,383,935"
12/3/2024,239.81,242.76,238.9,242.65,"38,861,017"
12/2/2024,237.27,240.79,237.16,239.59,"48,137,103"
11/29/2024,234.81,237.81,233.97,237.33,"28,481,377"
11/27/2024,234.47,235.69,233.81,234.93,"33,498,439"
11/26/2024,233.33,235.57,233.33,235.06,"45,986,189"
11/25/2024,231.46,233.25,229.74,232.87,"90,152,832"
11/22/2024,228.06,230.72,228.06,229.87,"38,168,252"
11/21/2024,228.88,230.16,225.71,228.52,"42,108,327"
11/20/2024,228.06,229.93,225.89,229,"35,169,566"
11/19/2024,226.98,230.16,226.66,228.28,"36,211,774"
11/18/2024,225.25,229.74,225.17,228.02,"44,686,020"
11/15/2024,226.4,226.92,224.27,225,"47,923,696"
11/14/2024,225.02,228.87,225,228.22,"44,923,941"
11/13/2024,224.01,226.65,222.76,225.12,"48,566,217"
11/12/2024,224.55,225.59,223.36,224.23,"40,398,299"
11/11/2024,225,225.7,221.5,224.23,"42,005,602"
11/8/2024,227.17,228.66,226.41,226.96,"38,328,824"
11/7/2024,224.63,227.88,224.57,227.48,"42,137,691"
11/6/2024,222.61,226.07,221.19,222.72,"54,561,121"
11/5/2024,221.8,223.95,221.14,223.45,"28,111,338"
11/4/2024,220.99,222.79,219.71,222.01,"44,944,468"
11/1/2024,220.97,225.35,220.27,222.91,"65,276,741"
10/31/2024,229.34,229.83,225.37,225.91,"64,370,086"
10/30/2024,232.61,233.47,229.55,230.1,"47,070,907"
10/29/2024,233.1,234.33,232.32,233.67,"35,417,247"
10/28/2024,233.32,234.73,232.55,233.4,"36,087,134"
10/25/2024,229.74,233.22,229.57,231.41,"38,802,304"
10/24/2024,229.98,230.82,228.41,230.57,"31,109,503"
10/23/2024,234.08,235.14,227.76,230.76,"52,286,979"
10/22/2024,233.89,236.22,232.6,235.86,"38,846,578"
10/21/2024,234.45,236.85,234.45,236.48,"36,254,470"
10/18/2024,236.18,236.18,234.01,235,"46,431,472"
10/17/2024,233.43,233.85,230.52,232.15,"32,993,810"
10/16/2024,231.6,232.12,229.84,231.78,"34,082,240"
10/15/2024,233.61,237.49,232.37,233.85,"64,751,367"
10/14/2024,228.7,231.73,228.6,231.3,"39,882,085"
10/11/2024,229.3,229.41,227.34,227.55,"31,759,188"
10/10/2024,227.78,229.5,227.17,229.04,"28,183,544"
10/9/2024,225.23,229.75,224.83,229.54,"33,591,091"
10/8/2024,224.3,225.98,223.25,225.77,"31,855,693"
10/7/2024,224.5,225.69,221.33,221.69,"39,505,354"
10/4/2024,227.9,228,224.13,226.8,"37,345,098"
10/3/2024,225.14,226.81,223.32,225.67,"34,044,158"
10/2/2024,225.89,227.37,223.02,226.78,"32,880,605"
10/1/2024,229.52,229.65,223.74,226.21,"63,285,048"
9/30/2024,230.04,233,229.65,233,"54,793,391"
9/27/2024,228.46,229.52,227.3,227.79,"34,025,967"
9/26/2024,227.3,228.5,225.41,227.52,"36,636,707"
9/25/2024,224.93,227.29,224.02,226.37,"42,308,715"
9/24/2024,228.65,229.35,225.73,227.37,"43,556,068"
9/23/2024,227.34,229.45,225.81,226.47,"54,146,023"
9/20/2024,229.97,233.09,227.62,228.2,"318,679,888"
9/19/2024,224.99,229.82,224.63,228.87,"66,781,315"
9/18/2024,217.55,222.71,217.54,220.69,"59,894,928"
9/17/2024,215.75,216.9,214.5,216.79,"45,519,339"
9/16/2024,216.54,217.22,213.92,216.32,"59,357,427"
9/13/2024,223.58,224.04,221.91,222.5,"36,766,619"
9/12/2024,222.5,223.55,219.82,222.77,"37,498,225"
9/11/2024,221.46,223.09,217.89,222.66,"44,587,072"
9/10/2024,218.92,221.48,216.73,220.11,"51,591,033"
9/9/2024,220.82,221.27,216.71,220.91,"67,179,965"
9/6/2024,223.95,225.24,219.77,220.82,"48,423,011"
9/5/2024,221.63,225.48,221.52,222.38,"36,615,398"
9/4/2024,221.66,221.78,217.48,220.85,"43,840,196"
9/3/2024,228.55,229,221.17,222.77,"50,190,574"
8/30/2024,230.19,230.4,227.48,229,"52,990,770"
8/29/2024,230.1,232.92,228.88,229.79,"51,906,297"
8/28/2024,227.92,229.86,225.68,226.49,"38,052,167"
8/27/2024,226,228.85,224.89,228.03,"35,934,559"
8/26/2024,226.76,227.28,223.89,227.18,"30,602,208"
8/23/2024,225.66,228.22,224.33,226.84,"38,677,250"
8/22/2024,227.79,228.34,223.9,224.53,"43,695,321"
8/21/2024,226.52,227.98,225.05,226.4,"34,765,480"
8/20/2024,225.77,227.17,225.45,226.51,"30,299,033"
8/19/2024,225.72,225.99,223.04,225.89,"40,687,813"
8/16/2024,223.92,226.83,223.65,226.05,"44,340,240"
8/15/2024,224.6,225.35,222.76,224.72,"46,414,013"
8/14/2024,220.57,223.03,219.7,221.72,"41,960,574"
8/13/2024,219.01,221.89,219.01,221.27,"44,155,331"
8/12/2024,216.07,219.51,215.6,217.53,"38,028,092"
8/9/2024,212.1,216.78,211.97,216.24,"42,201,646"
8/8/2024,213.11,214.2,208.83,213.31,"47,161,149"
8/7/2024,206.9,213.64,206.39,209.82,"63,516,417"
8/6/2024,205.3,209.99,201.07,207.23,"69,660,488"
8/5/2024,199.09,213.5,196,209.27,"119,548,589"
8/2/2024,219.15,225.6,217.71,219.86,"105,568,560"
8/1/2024,224.37,224.48,217.02,218.36,"62,500,996"
7/31/2024,221.44,223.82,220.63,222.08,"50,036,262"
7/30/2024,219.19,220.33,216.12,218.8,"41,643,840"
7/29/2024,216.96,219.3,215.75,218.24,"36,311,778"
7/26/2024,218.7,219.49,216.01,217.96,"41,601,345"
7/25/2024,218.93,220.85,214.62,217.49,"51,391,199"
7/24/2024,224,224.8,217.13,218.54,"61,777,576"
7/23/2024,224.37,226.94,222.68,225.01,"39,960,260"
7/22/2024,227.01,227.78,223.09,223.96,"48,201,835"
7/19/2024,224.82,226.8,223.28,224.31,"49,151,453"
7/18/2024,230.28,230.44,222.27,224.18,"66,034,585"
7/17/2024,229.45,231.46,226.64,228.88,"57,345,884"
7/16/2024,235,236.27,232.33,234.82,"43,234,278"
7/15/2024,236.48,237.23,233.09,234.4,"62,631,252"
7/12/2024,228.92,232.64,228.68,230.54,"53,046,527"
7/11/2024,231.39,232.39,225.77,227.57,"64,710,617"
7/10/2024,229.3,233.08,229.25,232.98,"62,627,687"
7/9/2024,227.93,229.4,226.37,228.68,"48,169,822"
7/8/2024,227.09,227.85,223.25,227.82,"59,085,861"
7/5/2024,221.65,226.45,221.65,226.34,"60,412,408"
7/3/2024,220,221.55,219.03,221.55,"37,369,801"
7/2/2024,216.15,220.38,215.1,220.27,"58,046,178"
7/1/2024,212.09,217.51,211.92,216.75,"60,402,929"
6/28/2024,215.77,216.07,210.3,210.62,"82,542,718"
6/27/2024,214.69,215.74,212.35,214.1,"49,772,707"
6/26/2024,211.5,214.86,210.64,213.25,"66,213,186"
6/25/2024,209.15,211.38,208.61,209.07,"56,713,868"
6/24/2024,207.72,212.7,206.59,208.14,"80,727,006"
6/21/2024,210.39,211.89,207.11,207.49,"246,421,353"
6/20/2024,213.93,214.24,208.85,209.68,"86,172,451"
6/18/2024,217.59,218.63,213,214.29,"79,943,254"
6/17/2024,213.37,218.95,212.72,216.67,"93,728,300"
6/14/2024,213.85,215.17,211.3,212.49,"70,122,748"
6/13/2024,214.74,216.75,211.6,214.24,"97,862,729"
6/12/2024,207.37,220.2,206.9,213.07,"198,134,293"
6/11/2024,193.65,207.16,193.63,207.15,"172,373,296"
6/10/2024,196.9,197.3,192.15,193.12,"97,262,077"
6/7/2024,194.65,196.94,194.14,196.89,"53,103,912"
6/6/2024,195.69,196.5,194.17,194.48,"41,181,753"
6/5/2024,195.4,196.9,194.87,195.87,"54,156,785"
6/4/2024,194.64,195.32,193.03,194.35,"47,471,445"
6/3/2024,192.9,194.99,192.52,194.03,"50,080,539"
5/31/2024,191.44,192.57,189.91,192.25,"75,158,277"
5/30/2024,190.76,192.18,190.63,191.29,"49,947,941"
5/29/2024,189.61,192.25,189.51,190.29,"53,068,016"
5/28/2024,191.51,193,189.1,189.99,"52,280,051"
5/24/2024,188.82,190.58,188.04,189.98,"36,326,975"
5/23/2024,190.98,191,186.63,186.88,"51,005,924"
5/22/2024,192.27,192.82,190.27,190.9,"34,648,547"
5/21/2024,191.09,192.73,190.92,192.35,"42,309,401"
5/20/2024,189.33,191.92,189.01,191.04,"44,361,275"
5/17/2024,189.51,190.81,189.18,189.87,"41,282,925"
5/16/2024,190.47,191.1,189.66,189.84,"52,845,230"
5/15/2024,187.91,190.65,187.37,189.72,"70,399,988"
5/14/2024,187.51,188.3,186.29,187.43,"52,393,619"
5/13/2024,185.44,187.1,184.62,186.28,"72,044,809"
5/10/2024,184.9,185.09,182.13,183.05,"50,759,496"
5/9/2024,182.56,184.66,182.11,184.57,"48,982,972"
5/8/2024,182.85,183.07,181.45,182.74,"45,057,087"
5/7/2024,183.45,184.9,181.32,182.4,"77,305,771"
5/6/2024,182.35,184.2,180.42,181.71,"78,569,667"
5/3/2024,186.65,187,182.66,183.38,"163,224,109"
5/2/2024,172.51,173.42,170.89,173.03,"94,214,915"
5/1/2024,169.58,172.71,169.11,169.3,"50,383,147"
4/30/2024,173.33,174.99,170,170.33,"65,934,776"
4/29/2024,173.37,176.03,173.1,173.5,"68,169,419"
4/26/2024,169.88,171.34,169.18,169.3,"44,838,354"
4/25/2024,169.53,170.61,168.15,169.89,"50,558,329"
4/24/2024,166.54,169.3,166.21,169.02,"48,251,835"
4/23/2024,165.35,167.05,164.92,166.9,"49,537,761"
4/22/2024,165.52,167.26,164.77,165.84,"48,116,443"
4/19/2024,166.21,166.4,164.08,165,"68,149,377"
4/18/2024,168.03,168.64,166.55,167.04,"43,122,903"
4/17/2024,169.61,170.65,168,168,"50,901,210"
4/16/2024,171.75,173.76,168.27,169.38,"73,711,235"
4/15/2024,175.36,176.63,172.5,172.69,"73,531,773"
4/12/2024,174.26,178.36,174.21,176.55,"101,670,886"
4/11/2024,168.34,175.46,168.16,175.04,"91,070,275"
4/10/2024,168.8,169.09,167.11,167.78,"49,709,336"
4/9/2024,168.7,170.08,168.35,169.67,"42,451,209"
4/8/2024,169.03,169.2,168.24,168.45,"37,425,513"
4/5/2024,169.59,170.39,168.95,169.58,"42,104,826"
4/4/2024,170.29,171.92,168.82,168.82,"53,704,386"
4/3/2024,168.79,170.68,168.58,169.65,"47,691,715"
4/2/2024,169.08,169.34,168.23,168.84,"49,329,481"
4/1/2024,171.19,171.25,169.48,170.03,"46,240,500"
3/28/2024,171.75,172.23,170.51,171.48,"65,672,690"
3/27/2024,170.41,173.6,170.11,173.31,"60,273,265"
3/26/2024,170,171.42,169.58,169.71,"57,388,449"
3/25/2024,170.57,171.94,169.45,170.85,"54,288,328"
3/22/2024,171.76,173.05,170.06,172.28,"71,160,138"
3/21/2024,177.05,177.49,170.84,171.37,"106,181,270"
3/20/2024,175.72,178.67,175.09,178.67,"53,423,102"
3/19/2024,174.34,176.61,173.03,176.08,"55,215,244"
3/18/2024,175.57,177.71,173.52,173.72,"75,604,184"
3/15/2024,171.17,172.62,170.29,172.62,"121,752,699"
3/14/2024,172.91,174.31,172.05,173,"72,913,507"
3/13/2024,172.77,173.19,170.76,171.13,"52,488,692"
3/12/2024,173.15,174.03,171.01,173.23,"59,825,372"
3/11/2024,172.94,174.38,172.05,172.75,"60,139,473"
3/8/2024,169,173.7,168.94,170.73,"76,267,041"
3/7/2024,169.15,170.73,168.49,169,"71,765,061"
3/6/2024,171.06,171.24,168.68,169.12,"68,587,707"
3/5/2024,170.76,172.04,169.62,170.12,"95,132,355"
3/4/2024,176.15,176.9,173.79,175.1,"81,510,101"
3/1/2024,179.55,180.53,177.38,179.66,"73,563,082"
2/29/2024,181.27,182.57,179.53,180.75,"136,682,597"
2/28/2024,182.51,183.12,180.13,181.42,"48,953,939"
2/27/2024,181.1,183.92,179.56,182.63,"54,318,851"
2/26/2024,182.24,182.76,180.65,181.16,"40,867,421"
2/23/2024,185.01,185.04,182.23,182.52,"45,119,677"
2/22/2024,183.48,184.96,182.46,184.37,"52,292,208"
2/21/2024,181.94,182.89,180.66,182.32,"41,529,674"
2/20/2024,181.79,182.43,180,181.56,"53,665,553"
2/16/2024,183.42,184.85,181.67,182.31,"49,752,465"
2/15/2024,183.55,184.49,181.35,183.86,"65,434,496"
2/14/2024,185.32,185.53,182.44,184.15,"54,630,517"
2/13/2024,185.77,186.21,183.51,185.04,"56,529,529"
2/12/2024,188.42,188.67,186.79,187.15,"41,781,934"
2/9/2024,188.65,189.99,188,188.85,"45,155,216"
2/8/2024,189.39,189.54,187.35,188.32,"40,962,046"
2/7/2024,190.64,191.05,188.61,189.41,"53,438,955"
2/6/2024,186.86,189.31,186.77,189.3,"43,490,759"
2/5/2024,188.15,189.25,185.84,187.68,"69,668,820"
2/2/2024,179.86,187.33,179.25,185.85,"102,551,680"
2/1/2024,183.99,186.95,183.82,186.86,"64,885,408"
1/31/2024,187.04,187.1,184.35,184.4,"55,467,803"
1/30/2024,190.94,191.8,187.47,188.04,"55,859,370"
1/29/2024,192.01,192.2,189.58,191.73,"47,145,622"
1/26/2024,194.27,194.76,191.94,192.42,"44,594,011"
1/25/2024,195.22,196.27,193.11,194.17,"54,822,126"
1/24/2024,195.42,196.38,194.34,194.5,"53,631,316"
1/23/2024,195.02,195.75,193.83,195.18,"42,355,590"
1/22/2024,192.3,195.33,192.26,193.89,"60,133,852"
1/19/2024,189.33,191.95,188.82,191.56,"68,902,985"
1/18/2024,186.09,189.14,185.83,188.63,"78,005,754"
1/17/2024,181.27,182.93,180.3,182.68,"47,317,433"
1/16/2024,182.16,184.26,180.93,183.63,"65,603,041"
1/12/2024,186.06,186.74,185.19,185.92,"40,477,782"
1/11/2024,186.54,187.05,183.62,185.59,"49,128,408"
1/10/2024,184.35,186.4,183.92,186.19,"46,792,908"
1/9/2024,183.92,185.15,182.73,185.14,"42,841,809"
1/8/2024,182.09,185.6,181.5,185.56,"59,144,470"
1/5/2024,181.99,182.76,180.17,181.18,"62,379,661"
1/4/2024,182.15,183.09,180.88,181.91,"71,983,570"
1/3/2024,184.22,185.88,183.43,184.25,"58,414,460"
1/2/2024,187.15,188.44,183.89,185.64,"82,488,674"
12/29/2023,193.9,194.4,191.73,192.53,"42,672,148"
12/28/2023,194.14,194.66,193.17,193.58,"34,049,898"
12/27/2023,192.49,193.5,191.09,193.15,"48,087,681"
12/26/2023,193.61,193.89,192.83,193.05,"28,919,310"
12/22/2023,195.18,195.41,192.97,193.6,"37,149,570"
12/21/2023,196.1,197.08,193.5,194.68,"46,482,549"
12/20/2023,196.9,197.68,194.83,194.83,"52,242,815"
12/19/2023,196.16,196.95,195.89,196.94,"40,714,051"
12/18/2023,196.09,196.63,194.39,195.89,"55,751,861"
12/15/2023,197.53,198.4,197,197.57,"128,538,401"
12/14/2023,198.02,199.62,196.16,198.11,"66,831,572"
12/13/2023,195.09,198,194.85,197.96,"70,404,183"
12/12/2023,193.08,194.72,191.72,194.71,"52,696,900"
12/11/2023,193.11,193.49,191.42,193.18,"60,943,699"
12/8/2023,194.2,195.99,193.67,195.71,"53,406,358"
12/7/2023,193.63,195,193.59,194.27,"47,477,655"
12/6/2023,194.45,194.76,192.11,192.32,"41,089,737"
12/5/2023,190.21,194.4,190.18,193.42,"66,628,398"
12/4/2023,189.98,190.05,187.45,189.43,"43,389,519"
12/1/2023,190.33,191.56,189.23,191.24,"45,704,823"
11/30/2023,189.84,190.32,188.19,189.95,"48,794,366"
11/29/2023,190.9,192.09,188.97,189.37,"43,014,224"
11/28/2023,189.78,191.08,189.4,190.4,"38,415,419"
11/27/2023,189.92,190.67,188.9,189.79,"40,552,609"
11/24/2023,190.87,190.9,189.25,189.97,"24,048,344"
11/22/2023,191.49,192.93,190.83,191.31,"39,630,011"
11/21/2023,191.41,191.52,189.74,190.64,"38,134,485"
11/20/2023,189.89,191.91,189.88,191.45,"46,538,614"
11/17/2023,190.25,190.38,188.57,189.69,"50,941,404"
11/16/2023,189.57,190.96,188.65,189.71,"54,412,915"
11/15/2023,187.85,189.5,187.78,188.01,"53,790,499"
11/14/2023,187.7,188.11,186.3,187.44,"60,108,378"
11/13/2023,185.82,186.03,184.21,184.8,"43,627,519"
11/10/2023,183.97,186.57,183.53,186.4,"66,177,922"
11/9/2023,182.96,184.12,181.81,182.41,"53,763,540"
11/8/2023,182.35,183.45,181.59,182.89,"49,340,282"
11/7/2023,179.18,182.44,178.97,181.82,"70,529,966"
11/6/2023,176.38,179.43,176.21,179.23,"63,841,310"
11/3/2023,174.24,176.82,173.35,176.65,"79,829,246"
11/2/2023,175.52,177.78,175.46,177.57,"77,334,752"
11/1/2023,171,174.23,170.12,173.97,"56,934,906"
10/31/2023,169.35,170.9,167.9,170.77,"44,846,017"
10/30/2023,169.02,171.17,168.87,170.29,"51,130,955"
10/27/2023,166.91,168.96,166.83,168.22,"58,499,129"
10/26/2023,170.37,171.38,165.67,166.89,"70,625,258"
10/25/2023,171.88,173.06,170.65,171.1,"57,156,962"
10/24/2023,173.05,173.67,171.45,173.44,"43,816,644"
10/23/2023,170.91,174.01,169.93,173,"55,980,109"
10/20/2023,175.31,175.42,172.64,172.88,"64,244,028"
10/19/2023,176.04,177.84,175.19,175.46,"59,302,863"
10/18/2023,175.58,177.58,175.11,175.84,"54,764,375"
10/17/2023,176.65,178.42,174.8,177.15,"57,549,350"
10/16/2023,176.75,179.08,176.51,178.72,"52,516,984"
10/13/2023,181.42,181.93,178.14,178.85,"51,456,082"
10/12/2023,180.07,182.34,179.04,180.71,"56,743,119"
10/11/2023,178.2,179.85,177.6,179.8,"47,551,098"
10/10/2023,178.1,179.72,177.95,178.39,"43,698,019"
10/9/2023,176.81,179.05,175.8,178.99,"42,390,772"
10/6/2023,173.8,177.99,173.18,177.49,"57,266,675"
10/5/2023,173.79,175.45,172.68,174.91,"48,527,918"
10/4/2023,171.09,174.21,170.97,173.66,"53,020,286"
10/3/2023,172.26,173.63,170.82,172.4,"49,594,613"
10/2/2023,171.22,174.3,170.93,173.75,"52,164,535"
9/29/2023,172.02,173.07,170.34,171.21,"51,861,083"
9/28/2023,169.34,172.03,167.62,170.69,"56,294,419"
9/27/2023,172.62,173.04,169.05,170.43,"66,921,808"
9/26/2023,174.82,175.2,171.66,171.96,"64,588,945"
9/25/2023,174.2,176.97,174.15,176.08,"46,172,740"
9/22/2023,174.67,177.08,174.05,174.79,"56,725,385"
9/21/2023,174.55,176.3,173.86,173.93,"63,149,116"
9/20/2023,179.26,179.7,175.4,175.49,"58,436,181"
9/19/2023,177.52,179.63,177.13,179.07,"51,826,941"
9/18/2023,176.48,179.38,176.17,177.97,"67,257,573"
9/15/2023,176.48,176.5,173.82,175.01,"109,259,461"
9/14/2023,174,176.1,173.58,175.74,"60,895,757"
9/13/2023,176.51,177.3,173.98,174.21,"84,267,928"
9/12/2023,179.49,180.13,174.82,176.3,"90,370,192"
9/11/2023,180.07,180.3,177.34,179.36,"58,953,052"
9/8/2023,178.35,180.24,177.79,178.18,"65,602,066"
9/7/2023,175.18,178.21,173.54,177.56,"112,488,803"
9/6/2023,188.4,188.85,181.47,182.91,"81,755,816"
9/5/2023,188.28,189.98,187.61,189.7,"45,280,027"
9/1/2023,189.49,189.92,188.28,189.46,"45,766,503"
8/31/2023,187.84,189.12,187.48,187.87,"60,794,467"
8/30/2023,184.94,187.85,184.74,187.65,"60,813,888"
8/29/2023,179.7,184.9,179.5,184.12,"53,003,948"
8/28/2023,180.09,180.59,178.55,180.19,"43,820,697"
8/25/2023,177.38,179.15,175.82,178.61,"51,449,594"
8/24/2023,180.67,181.1,176.01,176.38,"54,945,798"
8/23/2023,178.52,181.55,178.33,181.12,"52,722,752"
8/22/2023,177.06,177.68,176.25,177.23,"42,084,245"
8/21/2023,175.07,176.13,173.74,175.84,"46,311,879"
8/18/2023,172.3,175.1,171.96,174.49,"61,172,150"
8/17/2023,177.14,177.51,173.48,174,"66,062,882"
8/16/2023,177.13,178.54,176.5,176.57,"46,964,857"
8/15/2023,178.88,179.48,177.05,177.45,"43,622,593"
8/14/2023,177.97,179.69,177.31,179.46,"43,675,627"
8/11/2023,177.32,178.62,176.55,177.79,"52,036,672"
8/10/2023,179.48,180.75,177.6,177.97,"54,686,851"
8/9/2023,180.87,180.93,177.01,178.19,"60,378,492"
8/8/2023,179.69,180.27,177.58,179.8,"67,823,003"
8/7/2023,182.13,183.13,177.35,178.85,"97,576,069"
8/4/2023,185.52,187.38,181.92,181.99,"115,956,841"
8/3/2023,191.57,192.37,190.69,191.17,"62,243,282"
8/2/2023,195.04,195.18,191.85,192.58,"50,389,327"
8/1/2023,196.24,196.73,195.28,195.61,"35,281,426"
7/31/2023,196.06,196.49,195.26,196.45,"38,824,113"
7/28/2023,194.67,196.63,194.14,195.83,"48,291,443"
7/27/2023,196.02,197.2,192.55,193.22,"47,460,180"
7/26/2023,193.67,195.64,193.32,194.5,"47,471,868"
7/25/2023,193.33,194.44,192.92,193.62,"37,283,201"
7/24/2023,193.41,194.91,192.25,192.75,"45,505,097"
7/21/2023,194.1,194.97,191.23,191.94,"71,951,683"
7/20/2023,195.09,196.47,192.5,193.13,"59,581,196"
7/19/2023,193.1,198.23,192.65,195.1,"80,507,323"
7/18/2023,193.35,194.33,192.42,193.73,"48,353,774"
7/17/2023,191.9,194.32,191.81,193.99,"50,520,159"
7/14/2023,190.23,191.18,189.63,190.69,"41,616,242"
7/13/2023,190.5,191.19,189.78,190.54,"41,342,338"
7/12/2023,189.68,191.7,188.47,189.77,"60,750,248"
7/11/2023,189.16,189.3,186.6,188.08,"46,638,119"
7/10/2023,189.26,189.99,187.04,188.61,"59,922,163"
7/7/2023,191.41,192.67,190.24,190.68,"46,814,998"
7/6/2023,189.84,192.02,189.2,191.81,"45,156,009"
7/5/2023,191.57,192.98,190.62,191.33,"46,920,261"
7/3/2023,193.78,193.88,191.76,192.46,"31,458,198"
6/30/2023,191.63,194.48,191.26,193.97,"85,213,216"
6/29/2023,189.08,190.07,188.94,189.59,"46,347,308"
6/28/2023,187.93,189.9,187.6,189.25,"51,216,801"
6/27/2023,185.89,188.39,185.67,188.06,"50,730,846"
6/26/2023,186.83,188.05,185.23,185.27,"48,088,661"
6/23/2023,185.55,187.56,185.01,186.68,"53,116,996"
6/22/2023,183.74,187.05,183.67,187,"51,245,327"
6/21/2023,184.9,185.41,182.59,183.96,"49,515,697"
6/20/2023,184.41,186.1,184.41,185.01,"49,799,092"
6/16/2023,186.73,186.99,184.27,184.92,"101,256,225"
6/15/2023,183.96,186.52,183.78,186.01,"65,433,166"
6/14/2023,183.37,184.39,182.02,183.95,"57,462,882"
6/13/2023,182.8,184.15,182.44,183.31,"54,929,129"
6/12/2023,181.27,183.89,180.97,183.79,"54,754,995"
6/9/2023,181.5,182.23,180.63,180.96,"48,899,973"
6/8/2023,177.9,180.84,177.46,180.57,"50,214,881"
6/7/2023,178.44,181.21,177.32,177.82,"61,944,615"
6/6/2023,179.97,180.12,177.43,179.21,"64,848,374"
6/5/2023,182.63,184.95,178.04,179.58,"121,946,497"
6/2/2023,181.03,181.78,179.26,180.95,"61,996,913"
6/1/2023,177.7,180.12,176.93,180.09,"68,901,809"
5/31/2023,177.33,179.35,176.76,177.25,"99,625,288"
5/30/2023,176.96,178.99,176.57,177.3,"55,964,401"
5/26/2023,173.32,175.77,173.11,175.43,"54,834,975"
5/25/2023,172.41,173.9,171.69,172.99,"56,058,258"
5/24/2023,171.09,172.42,170.52,171.84,"45,143,488"
5/23/2023,173.13,173.38,171.28,171.56,"50,747,263"
5/22/2023,173.98,174.71,173.45,174.2,"43,570,932"
5/19/2023,176.39,176.39,174.94,175.16,"55,809,475"
5/18/2023,173,175.24,172.58,175.05,"65,496,657"
5/17/2023,171.71,172.93,170.42,172.69,"57,951,604"
5/16/2023,171.99,173.14,171.8,172.07,"42,110,293"
5/15/2023,173.16,173.21,171.47,172.07,"37,266,659"
5/12/2023,173.62,174.06,171,172.57,"45,533,138"
5/11/2023,173.85,174.59,172.17,173.75,"49,514,676"
5/10/2023,173.02,174.03,171.9,173.56,"53,724,501"
5/9/2023,173.05,173.54,171.6,171.77,"45,326,874"
5/8/2023,172.48,173.85,172.11,173.5,"55,962,793"
5/5/2023,170.98,174.3,170.76,173.57,"113,453,171"
5/4/2023,164.89,167.04,164.31,165.79,"81,235,427"
5/3/2023,169.5,170.92,167.16,167.45,"65,136,018"
5/2/2023,170.09,170.35,167.54,168.54,"48,425,696"
5/1/2023,169.28,170.45,168.64,169.59,"52,472,936"
4/28/2023,168.49,169.85,167.88,169.68,"55,275,851"
4/27/2023,165.19,168.56,165.19,168.41,"64,902,329"
4/26/2023,163.06,165.28,162.8,163.76,"45,498,796"
4/25/2023,165.19,166.31,163.73,163.77,"48,714,063"
4/24/2023,165,165.6,163.89,165.33,"41,949,581"
4/21/2023,165.05,166.45,164.49,165.02,"58,337,341"
4/20/2023,166.09,167.87,165.56,166.65,"52,456,377"
4/19/2023,165.8,168.16,165.54,167.63,"47,720,166"
4/18/2023,166.1,167.41,165.65,166.47,"49,923,008"
4/17/2023,165.09,165.39,164.03,165.23,"41,516,217"
4/14/2023,164.59,166.32,163.82,165.21,"49,386,480"
4/13/2023,161.63,165.8,161.42,165.56,"68,445,649"
4/12/2023,161.22,162.06,159.78,160.1,"50,133,062"
4/11/2023,162.35,162.36,160.51,160.8,"47,644,217"
4/10/2023,161.42,162.03,160.08,162.03,"47,716,882"
4/6/2023,162.43,164.96,162,164.66,"45,390,123"
4/5/2023,164.74,165.05,161.8,163.76,"51,511,744"
4/4/2023,166.6,166.84,165.11,165.63,"46,278,295"
4/3/2023,164.27,166.29,164.22,166.17,"56,976,187"
3/31/2023,162.44,165,161.91,164.9,"68,749,792"
3/30/2023,161.53,162.47,161.27,162.36,"49,501,689"
3/29/2023,159.37,161.05,159.35,160.77,"51,305,691"
3/28/2023,157.97,158.49,155.98,157.65,"45,992,152"
3/27/2023,159.94,160.77,157.87,158.28,"52,390,266"
3/24/2023,158.86,160.34,157.85,160.25,"59,256,343"
3/23/2023,158.83,161.55,157.68,158.93,"67,622,060"
3/22/2023,159.3,162.14,157.81,157.83,"75,701,811"
3/21/2023,157.32,159.4,156.54,159.28,"73,938,285"
3/20/2023,155.07,157.82,154.15,157.4,"73,641,415"
3/17/2023,156.08,156.74,154.28,155,"98,944,633"
3/16/2023,152.16,156.46,151.64,155.85,"76,254,419"
3/15/2023,151.19,153.25,149.92,152.99,"77,167,866"
3/14/2023,151.28,153.4,150.1,152.59,"73,695,893"
3/13/2023,147.81,153.14,147.7,150.47,"84,457,122"
3/10/2023,150.21,150.94,147.61,148.5,"68,572,400"
3/9/2023,153.56,154.54,150.23,150.59,"53,833,582"
3/8/2023,152.81,153.47,151.83,152.87,"47,204,791"
3/7/2023,153.7,154.03,151.13,151.6,"56,182,028"
3/6/2023,153.79,156.3,153.46,153.83,"87,558,028"
3/3/2023,148.05,151.11,147.33,151.03,"70,732,297"
3/2/2023,144.38,146.71,143.9,145.91,"52,279,761"
3/1/2023,146.83,147.23,145.01,145.31,"55,478,991"
2/28/2023,147.05,149.08,146.83,147.41,"50,546,998"
2/27/2023,147.71,149.17,147.45,147.92,"44,998,470"
2/24/2023,147.11,147.19,145.72,146.71,"55,469,606"
2/23/2023,150.09,150.34,147.24,149.4,"48,394,249"
2/22/2023,148.87,149.95,147.16,148.91,"51,011,305"
2/21/2023,150.2,151.3,148.41,148.48,"58,867,230"
2/17/2023,152.35,153,150.85,152.55,"59,144,118"
2/16/2023,153.51,156.33,153.35,153.71,"68,167,942"
2/15/2023,153.11,155.5,152.88,155.33,"65,669,252"
2/14/2023,152.12,153.77,150.86,153.2,"61,707,573"
2/13/2023,150.95,154.26,150.92,153.85,"62,199,013"
2/10/2023,149.46,151.34,149.22,151.01,"57,450,708"
2/9/2023,153.78,154.33,150.42,150.87,"56,007,143"
2/8/2023,153.88,154.58,151.17,151.92,"64,120,079"
2/7/2023,150.64,155.23,150.64,154.65,"83,322,551"
2/6/2023,152.58,153.1,150.78,151.73,"69,858,306"
2/3/2023,148.03,157.38,147.83,154.5,"154,357,337"
2/2/2023,148.9,151.18,148.17,150.82,"118,338,980"
2/1/2023,143.97,146.61,141.32,145.43,"77,663,633"
1/31/2023,142.7,144.34,142.28,144.29,"65,874,459"
1/30/2023,144.96,145.55,142.85,143,"64,015,274"
1/27/2023,143.16,147.23,143.08,145.93,"70,555,843"
1/26/2023,143.17,144.25,141.9,143.96,"54,105,068"
1/25/2023,140.89,142.43,138.81,141.86,"65,799,349"
1/24/2023,140.31,143.16,140.3,142.53,"66,435,142"
1/23/2023,138.12,143.32,137.9,141.11,"81,760,313"
1/20/2023,135.28,138.02,134.22,137.87,"80,223,626"
1/19/2023,134.08,136.25,133.77,135.27,"58,280,413"
1/18/2023,136.82,138.61,135.03,135.21,"69,672,800"
1/17/2023,134.83,137.29,134.13,135.94,"63,646,627"
1/13/2023,132.03,134.92,131.66,134.76,"57,809,719"
1/12/2023,133.88,134.26,131.44,133.41,"71,379,648"
1/11/2023,131.25,133.51,130.46,133.49,"69,458,949"
1/10/2023,130.26,131.26,128.12,130.73,"63,896,155"
1/9/2023,130.47,133.41,129.89,130.15,"70,790,813"
1/6/2023,126.01,130.29,124.89,129.62,"87,754,715"
1/5/2023,127.13,127.77,124.76,125.02,"80,962,708"
1/4/2023,126.89,128.66,125.08,126.36,"89,113,633"
1/3/2023,130.28,130.9,124.17,125.07,"112,117,471"
12/30/2022,128.41,129.95,127.43,129.93,"77,034,209"
12/29/2022,127.99,130.48,127.73,129.61,"75,703,710"
12/28/2022,129.67,131.03,125.87,126.04,"85,438,391"
12/27/2022,131.38,131.41,128.72,130.03,"69,007,830"
12/23/2022,130.92,132.42,129.64,131.86,"63,814,893"
12/22/2022,134.35,134.56,130.3,132.23,"77,852,108"
12/21/2022,132.98,136.81,132.75,135.45,"85,927,993"
12/20/2022,131.39,133.25,129.89,132.3,"77,432,819"
12/19/2022,135.11,135.2,131.32,132.37,"79,592,614"
12/16/2022,136.69,137.65,133.73,134.51,"160,156,900"
12/15/2022,141.11,141.8,136.03,136.5,"98,931,907"
12/14/2022,145.35,146.66,141.16,143.21,"82,291,182"
12/13/2022,149.5,149.97,144.24,145.47,"93,886,161"
12/12/2022,142.7,144.5,141.06,144.49,"70,462,654"
12/9/2022,142.34,145.57,140.9,142.16,"76,097,011"
12/8/2022,142.36,143.52,141.1,142.65,"62,128,338"
12/7/2022,142.19,143.37,140,140.94,"69,721,094"
12/6/2022,147.08,147.3,141.92,142.91,"64,727,186"
12/5/2022,147.77,150.92,145.77,146.63,"68,826,442"
12/2/2022,145.96,148,145.65,147.81,"65,447,446"
12/1/2022,148.21,149.13,146.61,148.31,"71,250,416"
11/30/2022,141.4,148.72,140.55,148.03,"111,380,880"
11/29/2022,144.29,144.81,140.36,141.17,"83,763,803"
11/28/2022,145.14,146.64,143.38,144.22,"69,346,522"
11/25/2022,148.31,148.88,147.12,148.11,"35,195,860"
11/23/2022,149.45,151.83,149.34,151.07,"58,301,395"
11/22/2022,148.13,150.42,146.93,150.18,"51,804,132"
11/21/2022,150.16,150.37,147.72,148.01,"58,724,070"
11/18/2022,152.31,152.7,149.97,151.29,"74,829,573"
11/17/2022,146.43,151.48,146.15,150.72,"80,389,400"
11/16/2022,149.13,149.87,147.29,148.79,"64,218,266"
11/15/2022,152.22,153.59,148.56,150.04,"89,868,332"
11/14/2022,148.97,150.28,147.43,148.28,"73,374,114"
11/11/2022,145.82,150.01,144.37,149.7,"93,979,665"
11/10/2022,141.24,146.87,139.5,146.87,"118,854,028"
11/9/2022,138.5,138.55,134.59,134.87,"74,917,794"
11/8/2022,140.41,141.43,137.49,139.5,"89,908,477"
11/7/2022,137.11,139.15,135.67,138.92,"83,374,628"
11/4/2022,142.09,142.67,134.38,138.38,"140,814,796"
11/3/2022,142.06,142.8,138.75,138.88,"97,918,516"
11/2/2022,148.95,152.17,145,145.03,"93,604,623"
11/1/2022,155.08,155.45,149.13,150.65,"80,379,345"
10/31/2022,153.16,154.24,151.92,153.34,"97,943,171"
10/28/2022,148.2,157.5,147.82,155.74,"164,762,371"
10/27/2022,148.07,149.05,144.13,144.8,"109,180,150"
10/26/2022,150.96,151.99,148.04,149.35,"88,436,172"
10/25/2022,150.09,152.49,149.36,152.34,"74,732,290"
10/24/2022,147.19,150.23,146,149.45,"75,981,918"
10/21/2022,142.87,147.85,142.65,147.27,"86,548,609"
10/20/2022,143.02,145.89,142.65,143.39,"64,521,989"
10/19/2022,141.69,144.95,141.5,143.86,"61,758,340"
10/18/2022,145.49,146.7,140.61,143.75,"99,136,610"
10/17/2022,141.07,142.9,140.27,142.41,"85,250,939"
10/14/2022,144.31,144.52,138.19,138.38,"88,597,969"
10/13/2022,134.99,143.59,134.37,142.99,"113,223,975"
10/12/2022,139.13,140.36,138.16,138.34,"70,433,744"
10/11/2022,139.9,141.35,138.22,138.98,"77,033,672"
10/10/2022,140.42,141.89,138.57,140.42,"74,899,002"
10/7/2022,142.54,143.1,139.45,140.09,"85,925,559"
10/6/2022,145.81,147.54,145.22,145.43,"68,402,169"
10/5/2022,144.08,147.38,143.01,146.4,"79,470,968"
10/4/2022,145.03,146.22,144.26,146.1,"87,830,064"
10/3/2022,138.21,143.07,137.69,142.45,"114,311,663"
9/30/2022,141.28,143.1,138,138.2,"124,925,274"
9/29/2022,146.1,146.72,140.68,142.48,"128,138,237"
9/28/2022,147.64,150.64,144.84,149.84,"146,691,387"
9/27/2022,152.74,154.72,149.95,151.76,"84,442,741"
9/26/2022,149.66,153.77,149.64,150.77,"93,339,409"
9/23/2022,151.19,151.47,148.56,150.43,"96,029,909"
9/22/2022,152.38,154.47,150.91,152.74,"86,652,542"
9/21/2022,157.34,158.74,153.6,153.72,"101,696,790"
9/20/2022,153.4,158.08,153.08,156.9,"107,689,796"
9/19/2022,149.31,154.56,149.1,154.48,"81,474,246"
9/16/2022,151.21,151.35,148.37,150.7,"162,278,841"
9/15/2022,154.65,155.24,151.38,152.37,"90,481,110"
9/14/2022,154.79,157.1,153.61,155.31,"87,965,409"
9/13/2022,159.9,160.54,153.37,153.84,"122,656,614"
9/12/2022,159.59,164.26,159.3,163.43,"104,955,962"
9/9/2022,155.47,157.82,154.75,157.37,"68,081,006"
9/8/2022,154.64,156.36,152.68,154.46,"84,923,847"
9/7/2022,154.83,156.67,153.61,155.96,"87,449,574"
9/6/2022,156.47,157.09,153.69,154.53,"73,714,843"
9/2/2022,159.75,160.36,154.97,155.81,"76,957,768"
9/1/2022,156.64,158.42,154.67,157.96,"74,229,896"
8/31/2022,160.31,160.58,157.14,157.22,"87,991,091"
8/30/2022,162.13,162.56,157.72,158.91,"77,906,197"
8/29/2022,161.15,162.9,159.82,161.38,"73,313,953"
8/26/2022,170.57,171.05,163.56,163.62,"78,960,980"
8/25/2022,168.78,170.14,168.35,170.03,"51,218,209"
8/24/2022,167.32,168.11,166.25,167.53,"53,841,524"
8/23/2022,167.08,168.71,166.65,167.23,"54,147,079"
8/22/2022,169.69,169.86,167.14,167.57,"69,026,809"
8/19/2022,173.03,173.74,171.31,171.52,"70,346,295"
8/18/2022,173.75,174.9,173.12,174.15,"62,290,075"
8/17/2022,172.77,176.15,172.57,174.55,"79,542,037"
8/16/2022,172.78,173.71,171.66,173.03,"56,377,050"
8/15/2022,171.52,173.39,171.35,173.19,"54,091,694"
8/12/2022,169.82,172.17,169.4,172.1,"68,039,382"
8/11/2022,170.06,170.99,168.19,168.49,"57,149,159"
8/10/2022,167.68,169.34,166.9,169.24,"70,170,540"
8/9/2022,164.02,165.82,163.25,164.92,"63,135,503"
8/8/2022,166.37,167.81,164.2,164.87,"60,362,338"
8/5/2022,163.21,165.85,163,165.35,"56,696,985"
8/4/2022,166.01,167.19,164.43,165.81,"55,474,144"
8/3/2022,160.84,166.59,160.75,166.13,"82,507,488"
8/2/2022,160.1,162.41,159.63,160.01,"59,907,025"
8/1/2022,161.01,163.59,160.89,161.51,"67,829,379"
7/29/2022,161.24,163.63,159.5,162.51,"101,786,860"
7/28/2022,156.98,157.64,154.41,157.35,"81,378,731"
7/27/2022,152.58,157.33,152.16,156.79,"78,620,688"
7/26/2022,152.27,153.09,150.8,151.6,"55,138,691"
7/25/2022,154.01,155.04,152.28,152.95,"53,623,945"
7/22/2022,155.39,156.28,153.41,154.09,"66,675,408"
7/21/2022,154.5,155.57,151.94,155.35,"65,086,636"
7/20/2022,151.12,153.72,150.37,153.04,"64,823,413"
7/19/2022,147.92,151.23,146.91,151,"82,982,367"
7/18/2022,150.74,151.57,146.7,147.07,"81,420,868"
7/15/2022,149.78,150.86,148.2,150.17,"76,259,931"
7/14/2022,144.08,148.95,143.25,148.47,"78,140,744"
7/13/2022,142.99,146.45,142.12,145.49,"71,185,560"
7/12/2022,145.76,148.45,145.05,145.86,"77,588,759"
7/11/2022,145.67,146.64,143.78,144.87,"63,305,113"
7/8/2022,145.27,147.55,145,147.04,"64,547,798"
7/7/2022,143.29,146.55,143.28,146.35,"66,253,709"
7/6/2022,141.36,144.12,141.08,142.92,"74,064,254"
7/5/2022,137.77,141.61,136.93,141.56,"73,429,641"
7/1/2022,136.04,139.04,135.66,138.93,"71,051,552"
6/30/2022,137.25,138.37,133.77,136.72,"98,964,467"
6/29/2022,137.46,140.67,136.67,139.23,"66,242,411"
6/28/2022,142.13,143.42,137.33,137.44,"67,315,328"
6/27/2022,142.7,143.49,140.97,141.66,"70,207,908"
6/24/2022,139.9,141.91,139.77,141.66,"89,116,837"
6/23/2022,136.82,138.59,135.63,138.27,"72,433,768"
6/22/2022,134.79,137.76,133.91,135.35,"73,409,234"
6/21/2022,133.42,137.06,133.32,135.87,"81,000,488"
6/17/2022,130.07,133.08,129.81,131.56,"134,520,290"
6/16/2022,132.08,132.39,129.04,130.06,"107,961,508"
6/15/2022,134.29,137.34,132.16,135.43,"91,532,972"
6/14/2022,133.13,133.89,131.48,132.76,"84,784,326"
6/13/2022,132.87,135.2,131.44,131.88,"122,207,099"
6/10/2022,140.28,140.76,137.06,137.13,"91,566,637"
6/9/2022,147.08,147.95,142.53,142.64,"69,472,976"
6/8/2022,148.58,149.87,147.46,147.96,"53,950,201"
6/7/2022,144.35,149,144.1,148.71,"67,808,150"
6/6/2022,147.03,148.57,144.9,146.14,"71,598,380"
6/3/2022,146.9,147.97,144.46,145.38,"88,570,289"
6/2/2022,147.83,151.27,146.86,151.21,"72,348,055"
6/1/2022,149.9,151.74,147.68,148.71,"74,286,635"
5/31/2022,149.07,150.66,146.84,148.84,"103,718,416"
5/27/2022,145.39,149.68,145.26,149.64,"90,978,503"
5/26/2022,137.39,144.34,137.14,143.78,"90,601,548"
5/25/2022,138.43,141.79,138.34,140.52,"92,482,696"
5/24/2022,140.81,141.97,137.33,140.36,"104,132,746"
5/23/2022,137.79,143.26,137.65,143.11,"117,726,265"
5/20/2022,139.09,140.7,132.61,137.59,"137,426,125"
5/19/2022,139.88,141.66,136.6,137.35,"136,095,640"
5/18/2022,146.85,147.36,139.9,140.82,"109,742,890"
5/17/2022,148.86,149.77,146.68,149.24,"78,336,254"
5/16/2022,145.55,147.52,144.18,145.54,"86,643,781"
5/13/2022,144.59,148.11,143.11,147.11,"113,990,852"
5/12/2022,142.77,146.2,138.8,142.56,"182,602,041"
5/11/2022,153.5,155.45,145.81,146.5,"142,689,825"
5/10/2022,155.52,156.74,152.93,154.51,"115,366,736"
5/9/2022,154.93,155.83,151.49,152.06,"131,577,921"
5/6/2022,156.01,159.44,154.18,157.28,"116,124,647"
5/5/2022,163.85,164.08,154.95,156.77,"130,525,275"
5/4/2022,159.67,166.48,159.26,166.02,"108,256,503"
5/3/2022,158.15,160.71,156.32,159.48,"88,966,526"
5/2/2022,156.71,158.23,153.27,157.96,"123,055,265"
4/29/2022,161.84,166.2,157.25,157.65,"131,747,571"
4/28/2022,159.25,164.52,158.93,163.64,"130,216,792"
4/27/2022,155.91,159.79,155.38,156.57,"88,063,191"
4/26/2022,162.25,162.34,156.72,156.8,"95,623,240"
4/25/2022,161.12,163.17,158.46,162.88,"96,046,376"
4/22/2022,166.46,167.87,161.5,161.79,"84,882,424"
4/21/2022,168.91,171.53,165.91,166.42,"87,227,768"
4/20/2022,168.76,168.88,166.1,167.23,"67,929,814"
4/19/2022,165.02,167.82,163.91,167.4,"67,723,833"
4/18/2022,163.92,166.6,163.57,165.07,"69,023,941"
4/14/2022,170.62,171.27,165.04,165.29,"75,329,376"
4/13/2022,167.39,171.04,166.77,170.4,"70,618,925"
4/12/2022,168.02,169.87,166.64,167.66,"79,265,181"
4/11/2022,168.71,169.03,165.5,165.75,"72,246,706"
4/8/2022,171.78,171.78,169.2,170.09,"76,575,508"
4/7/2022,171.16,173.36,169.85,172.14,"77,594,650"
4/6/2022,172.36,173.63,170.13,171.83,"89,058,782"
4/5/2022,177.5,178.3,174.42,175.06,"73,401,786"
4/4/2022,174.57,178.49,174.44,178.44,"76,545,983"
4/1/2022,174.03,174.88,171.94,174.31,"78,751,328"
3/31/2022,177.84,178.03,174.4,174.61,"103,049,285"
3/30/2022,178.55,179.61,176.7,177.77,"92,633,154"
3/29/2022,176.69,179.01,176.34,178.96,"100,589,440"
3/28/2022,172.17,175.73,172,175.6,"90,371,916"
3/25/2022,173.88,175.28,172.75,174.72,"80,546,156"
3/24/2022,171.06,174.14,170.21,174.07,"90,131,418"
3/23/2022,167.99,172.64,167.65,170.21,"98,062,674"
3/22/2022,165.51,169.42,164.91,168.82,"81,532,007"
3/21/2022,163.51,166.35,163.02,165.38,"95,811,352"
3/18/2022,160.51,164.48,159.76,163.98,"123,511,692"
3/17/2022,158.61,161,157.63,160.62,"75,615,376"
3/16/2022,157.05,160,154.46,159.59,"102,300,157"
3/15/2022,150.9,155.57,150.38,155.09,"92,964,302"
3/14/2022,151.45,154.12,150.1,150.62,"108,732,111"
3/11/2022,158.93,159.28,154.5,154.73,"96,970,102"
3/10/2022,160.2,160.39,155.98,158.52,"105,342,033"
3/9/2022,161.48,163.41,159.41,162.95,"91,454,905"
3/8/2022,158.82,162.88,155.8,157.44,"131,148,280"
3/7/2022,163.36,165.02,159.04,159.3,"96,418,845"
3/4/2022,164.49,165.55,162.1,163.17,"83,819,592"
3/3/2022,168.47,168.91,165.55,166.23,"76,678,441"
3/2/2022,164.39,167.36,162.95,166.56,"79,724,750"
3/1/2022,164.7,166.6,161.97,163.2,"83,474,425"
2/28/2022,163.06,165.42,162.43,165.12,"95,056,629"
2/25/2022,163.84,165.12,160.87,164.85,"91,974,222"
2/24/2022,152.58,162.85,152,162.74,"141,147,540"
2/23/2022,165.54,166.15,159.75,160.07,"90,009,247"
2/22/2022,164.98,166.69,162.15,164.32,"91,162,758"
2/18/2022,169.82,170.54,166.19,167.3,"82,772,674"
2/17/2022,171.03,171.91,168.47,168.88,"69,589,344"
2/16/2022,171.85,173.34,170.05,172.55,"61,177,398"
2/15/2022,170.97,172.95,170.25,172.79,"64,286,320"
2/14/2022,167.37,169.58,166.56,168.88,"86,185,530"
2/11/2022,172.33,173.08,168.04,168.64,"98,670,687"
2/10/2022,174.14,175.48,171.55,172.12,"90,865,899"
2/9/2022,176.05,176.65,174.9,176.28,"71,285,038"
2/8/2022,171.73,175.35,171.43,174.83,"74,829,217"
2/7/2022,172.86,173.95,170.95,171.66,"77,251,204"
2/4/2022,171.68,174.1,170.68,172.39,"82,465,400"
2/3/2022,174.48,176.24,172.12,172.9,"89,418,074"
2/2/2022,174.75,175.88,173.33,175.84,"84,914,256"
2/1/2022,174.01,174.84,172.31,174.61,"86,213,911"
1/31/2022,170.16,175,169.51,174.78,"115,541,590"
1/28/2022,165.71,170.35,162.8,170.33,"179,935,660"
1/27/2022,162.45,163.84,158.28,159.22,"121,954,638"
1/26/2022,163.5,164.39,157.82,159.69,"108,275,308"
1/25/2022,158.98,162.76,157.02,159.78,"115,798,367"
1/24/2022,160.02,162.3,154.7,161.62,"162,706,686"
1/21/2022,164.42,166.33,162.3,162.41,"122,848,858"
1/20/2022,166.98,169.68,164.18,164.51,"91,420,515"
1/19/2022,170,171.08,165.94,166.23,"94,814,990"
1/18/2022,171.51,172.54,169.41,169.8,"91,168,729"
1/14/2022,171.34,173.78,171.09,173.07,"80,440,780"
1/13/2022,175.78,176.62,171.79,172.19,"84,505,760"
1/12/2022,176.12,177.18,174.82,175.53,"74,805,173"
1/11/2022,172.32,175.18,170.82,175.08,"76,138,312"
1/10/2022,169.08,172.5,168.17,172.19,"106,765,552"
1/7/2022,172.89,174.14,171.03,172.17,"86,709,147"
1/6/2022,172.7,175.3,171.64,172,"96,903,955"
1/5/2022,179.61,180.17,174.64,174.92,"94,537,602"
1/4/2022,182.63,182.94,179.12,179.7,"99,310,438"
1/3/2022,177.83,182.88,177.71,182.01,"104,701,220"
12/31/2021,178.09,179.23,177.26,177.57,"64,062,261"
12/30/2021,179.47,180.57,178.09,178.2,"59,773,014"
12/29/2021,179.33,180.63,178.14,179.38,"62,348,931"
12/28/2021,180.16,181.33,178.53,179.29,"79,144,339"
12/27/2021,177.09,180.42,177.07,180.33,"74,919,582"
12/23/2021,175.85,176.85,175.27,176.28,"68,356,567"
12/22/2021,173.04,175.86,172.15,175.64,"92,135,303"
12/21/2021,171.56,173.2,169.12,172.99,"91,185,905"
12/20/2021,168.28,170.58,167.46,169.75,"107,499,114"
12/17/2021,169.93,173.47,169.69,171.14,"195,923,441"
12/16/2021,179.28,181.14,170.75,172.26,"150,185,843"
12/15/2021,175.11,179.5,172.31,179.3,"131,063,257"
12/14/2021,175.25,177.74,172.21,174.33,"139,380,382"
12/13/2021,181.12,182.13,175.53,175.74,"153,237,019"
12/10/2021,175.21,179.63,174.69,179.45,"115,402,731"
12/9/2021,174.91,176.75,173.92,174.56,"108,923,739"
12/8/2021,172.13,175.96,170.7,175.08,"116,998,901"
12/7/2021,169.08,171.58,168.34,171.18,"120,405,352"
12/6/2021,164.29,167.88,164.28,165.32,"107,496,982"
12/3/2021,164.02,164.96,159.72,161.84,"118,023,116"
12/2/2021,158.74,164.2,157.8,163.76,"136,739,174"
12/1/2021,167.48,170.3,164.53,164.77,"152,423,003"
11/30/2021,159.99,165.52,159.92,165.3,"174,048,056"
11/29/2021,159.37,161.19,158.79,160.24,"88,748,217"
11/26/2021,159.57,160.45,156.36,156.81,"76,959,752"
11/24/2021,160.75,162.14,159.64,161.94,"69,463,623"
11/23/2021,161.12,161.8,159.06,161.41,"96,041,899"
11/22/2021,161.68,165.7,161,161.02,"117,467,889"
11/19/2021,157.65,161.02,156.53,160.55,"117,305,597"
11/18/2021,153.71,158.67,153.05,157.87,"137,827,673"
11/17/2021,151,155,150.99,153.49,"88,807,000"
11/16/2021,149.94,151.49,149.34,151,"59,256,210"
11/15/2021,150.37,151.88,149.43,150,"59,222,803"
11/12/2021,148.43,150.4,147.48,149.99,"63,804,008"
11/11/2021,148.96,149.43,147.68,147.87,"40,999,950"
11/10/2021,150.02,150.13,147.85,147.92,"65,187,092"
11/9/2021,150.2,151.43,150.06,150.81,"56,787,930"
11/8/2021,151.41,151.57,150.16,150.44,"55,020,868"
11/5/2021,151.89,152.2,150.06,151.28,"65,463,883"
11/4/2021,151.58,152.43,150.64,150.96,"60,394,616"
11/3/2021,150.39,151.97,149.82,151.49,"54,511,534"
11/2/2021,148.66,151.57,148.65,150.02,"69,121,987"
11/1/2021,148.99,149.7,147.8,148.96,"74,588,258"
10/29/2021,147.22,149.94,146.41,149.8,"124,953,168"
10/28/2021,149.82,153.17,149.72,152.57,"100,077,888"
10/27/2021,149.36,149.73,148.49,148.85,"56,094,929"
10/26/2021,149.33,150.84,149.01,149.32,"60,893,395"
10/25/2021,148.68,149.37,147.62,148.64,"50,720,556"
10/22/2021,149.69,150.18,148.64,148.69,"58,883,443"
10/21/2021,148.81,149.64,147.87,149.48,"61,420,990"
10/20/2021,148.7,149.75,148.12,149.26,"58,418,788"
10/19/2021,147.01,149.17,146.55,148.76,"76,378,894"
10/18/2021,143.45,146.84,143.16,146.55,"85,589,175"
10/15/2021,143.77,144.9,143.51,144.84,"67,940,334"
10/14/2021,142.11,143.88,141.51,143.76,"69,907,100"
10/13/2021,141.24,141.4,139.2,140.91,"78,762,721"
10/12/2021,143.23,143.25,141.04,141.51,"73,035,859"
10/11/2021,142.27,144.81,141.81,142.81,"64,452,219"
10/8/2021,144.03,144.18,142.56,142.9,"58,773,155"
10/7/2021,143.06,144.22,142.72,143.29,"61,732,656"
10/6/2021,139.47,142.15,138.37,142,"83,221,119"
10/5/2021,139.49,142.24,139.36,141.11,"80,861,062"
10/4/2021,141.76,142.21,138.27,139.14,"98,322,008"
10/1/2021,141.9,142.92,139.11,142.65,"94,639,581"
9/30/2021,143.66,144.38,141.28,141.5,"89,056,664"
9/29/2021,142.47,144.45,142.03,142.83,"74,602,044"
9/28/2021,143.25,144.75,141.69,141.91,"108,972,340"
9/27/2021,145.47,145.96,143.82,145.37,"74,150,729"
9/24/2021,145.66,147.47,145.56,146.92,"53,477,869"
9/23/2021,146.65,147.08,145.64,146.83,"64,838,170"
9/22/2021,144.45,146.43,143.7,145.85,"76,404,341"
9/21/2021,143.93,144.6,142.78,143.43,"75,833,962"
9/20/2021,143.8,144.84,141.27,142.94,"123,478,863"
9/17/2021,148.82,148.82,145.76,146.06,"129,868,824"
9/16/2021,148.44,148.97,147.22,148.79,"68,034,149"
9/15/2021,148.56,149.44,146.37,149.03,"83,281,315"
9/14/2021,150.35,151.07,146.91,148.12,"109,296,295"
9/13/2021,150.63,151.42,148.75,149.55,"102,404,329"
9/10/2021,155,155.48,148.7,148.97,"140,893,235"
9/9/2021,155.49,156.11,153.95,154.07,"57,305,730"
9/8/2021,156.98,157.04,153.98,155.11,"74,420,207"
9/7/2021,154.97,157.26,154.39,156.69,"82,278,261"
9/3/2021,153.76,154.63,153.09,154.3,"57,866,066"
9/2/2021,153.87,154.72,152.4,153.65,"71,171,317"
9/1/2021,152.83,154.98,152.34,152.51,"80,313,711"
8/31/2021,152.66,152.8,151.29,151.83,"86,453,117"
8/30/2021,149,153.49,148.61,153.12,"90,956,723"
8/27/2021,147.48,148.75,146.83,148.6,"55,802,388"
8/26/2021,148.35,149.12,147.51,147.54,"48,597,195"
8/25/2021,149.81,150.32,147.8,148.36,"58,991,297"
8/24/2021,149.45,150.86,149.15,149.62,"48,606,428"
8/23/2021,148.31,150.19,147.89,149.71,"60,131,810"
8/20/2021,147.44,148.5,146.78,148.19,"60,549,630"
8/19/2021,145.03,148,144.5,146.7,"86,960,310"
8/18/2021,149.8,150.72,146.15,146.36,"86,325,990"
8/17/2021,150.23,151.68,149.09,150.19,"92,229,735"
8/16/2021,148.54,151.19,146.47,151.12,"103,558,782"
8/13/2021,148.97,149.44,148.27,149.1,"59,375,009"
8/12/2021,146.19,149.05,145.84,148.89,"73,779,113"
8/11/2021,146.05,146.72,145.53,145.86,"48,493,463"
8/10/2021,146.44,147.71,145.3,145.6,"69,023,081"
8/9/2021,146.2,146.7,145.52,146.09,"48,908,689"
8/6/2021,146.35,147.11,145.63,146.14,"54,126,813"
8/5/2021,146.98,147.84,146.17,147.06,"46,397,674"
8/4/2021,147.27,147.79,146.28,146.95,"56,368,271"
8/3/2021,145.81,148.05,145.18,147.36,"64,786,618"
8/2/2021,146.36,146.95,145.25,145.52,"62,879,961"
7/30/2021,144.38,146.33,144.11,145.86,"70,440,626"
7/29/2021,144.69,146.55,144.58,145.64,"56,699,475"
7/28/2021,144.81,146.97,142.54,144.98,"118,931,191"
7/27/2021,149.12,149.21,145.55,146.77,"104,818,578"
7/26/2021,148.27,149.83,147.7,148.99,"72,434,089"
7/23/2021,147.55,148.72,146.92,148.56,"71,447,416"
7/22/2021,145.94,148.2,145.81,146.8,"77,338,156"
7/21/2021,145.53,146.13,144.63,145.4,"74,993,460"
7/20/2021,143.46,147.1,142.96,146.15,"96,350,036"
7/19/2021,143.75,144.07,141.67,142.45,"121,434,571"
7/16/2021,148.46,149.76,145.88,146.39,"93,251,426"
7/15/2021,149.24,150,147.09,148.48,"106,820,297"
7/14/2021,148.1,149.57,147.68,149.15,"127,050,785"
7/13/2021,144.03,147.46,143.63,145.64,"100,827,099"
7/12/2021,146.21,146.32,144,144.5,"76,299,719"
7/9/2021,142.75,145.65,142.65,145.11,"99,890,800"
7/8/2021,141.58,144.06,140.67,143.24,"105,575,458"
7/7/2021,143.54,144.89,142.66,144.57,"104,911,589"
7/6/2021,140.07,143.15,140.07,142.02,"108,181,793"
7/2/2021,137.9,140,137.75,139.96,"78,945,572"
7/1/2021,136.6,137.33,135.76,137.27,"52,485,781"
6/30/2021,136.17,137.41,135.87,136.96,"63,261,393"
6/29/2021,134.8,136.49,134.35,136.33,"64,556,081"
6/28/2021,133.41,135.25,133.35,134.78,"62,111,303"
6/25/2021,133.46,133.89,132.81,133.11,"70,783,746"
6/24/2021,134.45,134.64,132.93,133.41,"68,710,998"
6/23/2021,133.77,134.32,133.23,133.7,"60,214,200"
6/22/2021,132.13,134.08,131.62,133.98,"74,783,618"
6/21/2021,130.3,132.41,129.21,132.3,"79,663,316"
6/18/2021,130.71,131.51,130.24,130.46,"108,953,309"
6/17/2021,129.8,132.55,129.65,131.79,"96,721,669"
6/16/2021,130.37,130.89,128.46,130.15,"91,815,026"
6/15/2021,129.94,130.6,129.39,129.64,"62,746,332"
6/14/2021,127.82,130.54,127.07,130.48,"96,906,490"
6/11/2021,126.53,127.44,126.1,127.35,"53,522,373"
6/10/2021,127.02,128.19,125.94,126.11,"71,186,421"
6/9/2021,127.21,127.75,126.52,127.13,"56,877,937"
6/8/2021,126.6,128.46,126.21,126.74,"74,403,774"
6/7/2021,126.17,126.32,124.83,125.9,"71,057,550"
6/4/2021,124.07,126.16,123.85,125.89,"75,169,343"
6/3/2021,124.68,124.85,123.13,123.54,"76,229,170"
6/2/2021,124.28,125.24,124.05,125.06,"59,278,862"
6/1/2021,125.08,125.35,123.94,124.28,"67,637,118"
5/28/2021,125.57,125.8,124.55,124.61,"71,311,109"
5/27/2021,126.44,127.64,125.08,125.28,"94,625,601"
5/26/2021,126.96,127.39,126.42,126.85,"56,575,920"
5/25/2021,127.82,128.32,126.32,126.9,"72,009,482"
5/24/2021,126.01,127.94,125.94,127.1,"63,092,945"
5/21/2021,127.82,128,125.21,125.43,"79,295,436"
5/20/2021,125.23,127.72,125.1,127.31,"76,857,123"
5/19/2021,123.16,124.92,122.86,124.69,"92,611,989"
5/18/2021,126.56,126.99,124.78,124.85,"63,342,929"
5/17/2021,126.82,126.93,125.17,126.27,"74,244,624"
5/14/2021,126.25,127.89,125.85,127.45,"81,917,951"
5/13/2021,124.58,126.15,124.26,124.97,"105,861,339"
5/12/2021,123.4,124.64,122.25,122.77,"112,172,282"
5/11/2021,123.5,126.27,122.77,125.91,"126,142,826"
5/10/2021,129.41,129.54,126.81,126.85,"88,071,229"
5/7/2021,130.85,131.26,129.48,130.21,"78,973,273"
5/6/2021,127.89,129.75,127.13,129.74,"78,128,334"
5/5/2021,129.2,130.45,127.97,128.1,"84,000,900"
5/4/2021,131.19,131.49,126.7,127.85,"137,564,718"
5/3/2021,132.04,134.07,131.83,132.54,"75,135,100"
4/30/2021,131.78,133.56,131.07,131.46,"109,839,466"
4/29/2021,136.47,137.07,132.45,133.48,"151,100,953"
4/28/2021,134.31,135.02,133.08,133.58,"107,760,097"
4/27/2021,135.01,135.41,134.11,134.39,"66,015,804"
4/26/2021,134.83,135.06,133.56,134.72,"66,905,069"
4/23/2021,132.16,135.12,132.16,134.32,"78,756,779"
4/22/2021,133.04,134.15,131.41,131.94,"84,566,456"
4/21/2021,132.36,133.75,131.3,133.5,"68,847,136"
4/20/2021,135.02,135.53,131.81,133.11,"94,812,349"
4/19/2021,133.51,135.47,133.34,134.84,"94,264,215"
4/16/2021,134.3,134.67,133.28,134.16,"84,922,386"
4/15/2021,133.82,135,133.64,134.5,"89,347,102"
4/14/2021,134.94,135,131.66,132.03,"87,222,782"
4/13/2021,132.44,134.66,131.93,134.43,"91,266,545"
4/12/2021,132.52,132.85,130.63,131.24,"91,419,983"
4/9/2021,129.8,133.04,129.47,133,"106,686,703"
4/8/2021,128.95,130.39,128.52,130.36,"88,844,591"
4/7/2021,125.83,127.92,125.14,127.9,"83,466,716"
4/6/2021,126.5,127.13,125.65,126.21,"80,171,253"
4/5/2021,123.87,126.16,123.07,125.9,"88,651,175"
4/1/2021,123.66,124.18,122.49,123,"75,089,134"
3/31/2021,121.65,123.52,121.15,122.15,"118,323,826"
3/30/2021,120.11,120.4,118.86,119.9,"85,671,919"
3/29/2021,121.65,122.58,120.73,121.39,"80,819,203"
3/26/2021,120.35,121.48,118.92,121.21,"94,071,234"
3/25/2021,119.54,121.66,119,120.59,"98,844,681"
3/24/2021,122.82,122.9,120.07,120.09,"88,530,485"
3/23/2021,123.33,124.24,122.14,122.54,"95,467,142"
3/22/2021,120.33,123.87,120.26,123.39,"111,912,284"
3/19/2021,119.9,121.43,119.68,119.99,"185,549,522"
3/18/2021,122.88,123.18,120.32,120.53,"121,469,755"
3/17/2021,124.05,125.86,122.34,124.76,"111,932,636"
3/16/2021,125.7,127.22,124.72,125.57,"115,227,936"
3/15/2021,121.41,124,120.42,123.99,"92,590,555"
3/12/2021,120.4,121.17,119.16,121.03,"88,105,050"
3/11/2021,122.54,123.21,121.26,121.96,"103,026,514"
3/10/2021,121.69,122.17,119.45,119.98,"111,943,326"
3/9/2021,119.03,122.06,118.79,121.09,"129,525,780"
3/8/2021,120.93,121,116.21,116.36,"154,376,610"
3/5/2021,120.98,121.94,117.57,121.42,"153,766,601"
3/4/2021,121.75,123.6,118.62,120.13,"178,154,975"
3/3/2021,124.81,125.71,121.84,122.06,"112,966,340"
3/2/2021,128.41,128.72,125.01,125.12,"102,260,945"
3/1/2021,123.75,127.93,122.79,127.79,"116,307,892"
2/26/2021,122.59,124.85,121.2,121.26,"164,560,394"
2/25/2021,124.68,126.46,120.54,120.99,"148,199,540"
2/24/2021,124.94,125.56,122.23,125.35,"111,039,904"
2/23/2021,123.76,126.71,118.39,125.86,"158,273,022"
2/22/2021,128.01,129.72,125.6,126,"103,916,419"
2/19/2021,130.24,130.71,128.8,129.87,"87,668,834"
2/18/2021,129.2,130,127.41,129.71,"96,856,748"
2/17/2021,131.25,132.22,129.47,130.84,"98,085,249"
2/16/2021,135.49,136.01,132.79,133.19,"80,576,316"
2/12/2021,134.35,135.53,133.69,135.37,"60,145,130"
2/11/2021,135.9,136.39,133.77,135.13,"64,280,029"
2/10/2021,136.48,136.99,134.4,135.39,"73,046,563"
2/9/2021,136.62,137.88,135.85,136.01,"76,774,213"
2/8/2021,136.03,136.96,134.92,136.91,"71,297,214"
2/5/2021,137.35,137.42,135.86,136.76,"75,693,830"
2/4/2021,136.3,137.4,134.59,137.39,"84,183,061"
2/3/2021,135.76,135.77,133.61,133.94,"89,880,937"
2/2/2021,135.73,136.31,134.61,134.99,"83,305,367"
2/1/2021,133.75,135.38,130.93,134.14,"106,239,823"
1/29/2021,135.83,136.74,130.21,131.96,"177,523,812"
1/28/2021,139.52,141.99,136.7,137.09,"142,621,128"
1/27/2021,143.43,144.3,140.41,142.06,"140,843,759"
1/26/2021,143.6,144.3,141.37,143.16,"98,390,555"
1/25/2021,143.07,145.09,136.54,142.92,"157,611,713"
1/22/2021,136.28,139.85,135.02,139.07,"114,459,360"
1/21/2021,133.8,139.67,133.59,136.87,"120,529,544"
1/20/2021,128.66,132.49,128.55,132.03,"104,319,489"
1/19/2021,127.78,128.71,126.94,127.83,"90,757,329"
1/15/2021,128.78,130.22,127,127.14,"111,598,531"
1/14/2021,130.8,131,128.76,128.91,"90,221,755"
1/13/2021,128.76,131.45,128.49,130.89,"88,636,831"
1/12/2021,128.5,129.69,126.86,128.8,"91,951,145"
1/11/2021,129.19,130.17,128.5,128.98,"100,620,880"
1/8/2021,132.43,132.63,130.23,132.05,"105,158,245"
1/7/2021,128.36,131.63,127.86,130.92,"109,578,157"
1/6/2021,127.72,131.05,126.38,126.6,"155,087,970"
1/5/2021,128.89,131.74,128.43,131.01,"97,664,898"
1/4/2021,133.52,133.61,126.76,129.41,"143,301,887"
12/31/2020,134.08,134.74,131.72,132.69,"99,116,586"
12/30/2020,135.58,135.99,133.4,133.72,"96,452,124"
12/29/2020,138.05,138.79,134.34,134.87,"121,047,324"
12/28/2020,133.99,137.34,133.51,136.69,"124,486,237"
