,AMD (NASD),,,,
Date,Open,High,Low,Close,Volume
12/24/2025,214.98,216.54,213.97,215.04,"7,956,797"
12/23/2025,212.86,217.03,212.28,214.9,"20,272,288"
12/22/2025,220,220.17,213.31,214.95,"24,950,728"
12/19/2025,204.6,215.18,204.2,213.43,"58,445,450"
12/18/2025,203.82,206.36,200.5,201.06,"29,720,136"
12/17/2025,210.04,211.5,197.53,198.11,"31,595,409"
12/16/2025,206.92,210.22,205.11,209.17,"23,467,569"
12/15/2025,212.28,215.36,206.58,207.58,"27,222,196"
12/12/2025,218.37,222.49,209.06,210.78,"37,073,910"
12/11/2025,217.81,221.5,210.19,221.43,"30,694,649"
12/10/2025,222,222.61,218.67,221.42,"23,279,366"
12/9/2025,221.04,224.84,217.91,221.62,"25,166,128"
12/8/2025,219.09,223.71,218.36,221.11,"30,943,182"
12/5/2025,217.17,223.64,216.24,217.97,"33,292,396"
12/4/2025,216.88,219.12,214.14,215.98,"24,478,204"
12/3/2025,216.26,218.2,211.77,217.6,"28,545,180"
12/2/2025,221.79,225.98,214.39,215.24,"42,002,462"
12/1/2025,213.88,220.98,213.5,219.76,"30,768,722"
11/28/2025,216.14,218.3,214.02,217.53,"18,657,987"
11/26/2025,210.05,215.59,207,214.24,"43,270,240"
11/25/2025,201.48,206.58,194.28,206.13,"69,773,496"
11/24/2025,207.16,217.13,205.85,215.05,"46,749,561"
11/21/2025,208.81,208.83,195,203.78,"67,421,145"
11/20/2025,232.7,234.25,204.53,206.02,"66,342,870"
11/19/2025,230.26,235.28,219.71,223.55,"52,093,445"
11/18/2025,236.78,238,224.71,230.29,"45,619,850"
11/17/2025,242.75,248.77,237.15,240.52,"37,942,206"
11/14/2025,240.11,253.44,235.08,246.81,"47,655,644"
11/13/2025,251.9,259.63,246.06,247.96,"63,178,592"
11/12/2025,253.13,263.51,250,258.89,"108,941,979"
11/11/2025,241.66,248.46,234.64,237.52,"61,336,768"
11/10/2025,242.14,248.9,240.5,243.98,"43,361,641"
11/7/2025,230.94,235.87,224.64,233.54,"52,162,576"
11/6/2025,253.47,253.51,235.74,237.7,"66,049,698"
11/5/2025,243.24,259.65,242.81,256.33,"67,366,572"
11/4/2025,250.35,257.38,247.39,250.05,"56,491,830"
11/3/2025,259.33,260.91,253.89,259.65,"36,351,420"
10/31/2025,259.6,262.13,253.41,256.12,"34,449,205"
10/30/2025,259.92,263.88,252.31,254.84,"45,162,492"
10/29/2025,264.19,267.08,257.4,264.33,"49,335,594"
10/28/2025,259.14,264.58,257,258.01,"47,448,669"
10/27/2025,257.88,260.42,249.8,259.67,"65,613,111"
10/24/2025,243.36,253.39,241.95,252.92,"71,221,144"
10/23/2025,230.16,235.9,228.54,234.99,"39,024,429"
10/22/2025,236.85,240.13,224.88,230.23,"59,668,778"
10/21/2025,239.39,242.26,234.02,238.03,"47,122,393"
10/20/2025,236.47,242.88,234.4,240.56,"56,741,695"
10/17/2025,233.26,235.38,227.91,233.08,"55,804,203"
10/16/2025,236.29,241.2,232.24,234.56,"69,726,437"
10/15/2025,222.71,239.24,220.76,238.6,"108,480,962"
10/14/2025,219.2,224.98,215.9,218.09,"71,216,269"
10/13/2025,220.2,224.19,214.9,216.42,"63,104,021"
10/10/2025,232.77,234.22,213.2,214.9,"118,656,636"
10/9/2025,236.3,240.1,229.53,232.89,"94,290,740"
10/8/2025,212.95,235.87,210.7,235.56,"159,983,459"
10/7/2025,214.85,218.9,209.28,211.51,"115,748,143"
10/6/2025,226.45,226.71,203.01,203.71,"248,859,576"
10/3/2025,170.68,170.68,163.14,164.67,"42,699,147"
10/2/2025,168.68,171.06,166.12,169.73,"55,475,228"
10/1/2025,160.93,164.18,160.49,164.01,"39,895,177"
9/30/2025,160.8,162.28,159.33,161.79,"29,669,331"
9/29/2025,160.12,164.3,159.9,161.36,"39,828,794"
9/26/2025,160.52,162.11,157.05,159.46,"30,316,931"
9/25/2025,157.14,161.63,154.78,161.27,"36,809,877"
9/24/2025,162.98,165.1,158.43,160.88,"38,464,120"
9/23/2025,160.52,163.39,159.21,160.9,"39,448,320"
9/22/2025,157.42,162.68,157.42,159.79,"46,505,480"
9/19/2025,157.38,159.84,155.9,157.39,"55,448,076"
9/18/2025,150.96,158.77,149.85,157.92,"84,549,468"
9/17/2025,159.28,161.63,155.76,159.16,"41,823,842"
9/16/2025,161.37,161.95,159.22,160.46,"27,946,478"
9/15/2025,160.01,162.3,157.6,161.16,"36,808,726"
9/12/2025,157,160.41,154.92,158.57,"42,232,777"
9/11/2025,158.62,160.21,154.99,155.67,"48,817,715"
9/10/2025,163.54,164.53,158,159.54,"52,465,270"
9/9/2025,151.99,156.66,151.93,155.82,"42,802,472"
9/8/2025,151.8,152.64,149.22,151.41,"41,848,995"
9/5/2025,157.12,157.14,150.18,151.14,"78,255,950"
9/4/2025,159.94,162.05,157.79,161.79,"32,103,496"
9/3/2025,161.81,164.75,160.58,162.13,"30,752,786"
9/2/2025,158.42,162.39,156.62,162.32,"38,656,131"
8/29/2025,166.81,168.57,161.9,162.63,"37,516,824"
8/28/2025,168.5,170.99,166.65,168.58,"36,285,192"
8/27/2025,166.04,167.68,164.65,167.13,"37,031,044"
8/26/2025,168.65,169.77,164.91,166.62,"52,138,562"
8/25/2025,165.55,165.59,161.72,163.36,"36,134,684"
8/22/2025,162.17,168.53,161.8,167.76,"43,998,605"
8/21/2025,165.86,165.88,162.26,163.71,"37,880,461"
8/20/2025,164.1,166.65,158.25,165.2,"60,233,226"
8/19/2025,173.1,173.17,166.1,166.55,"64,455,006"
8/18/2025,176.76,178.8,174.36,176.14,"35,937,528"
8/15/2025,180.06,180.14,176.25,177.51,"51,543,136"
8/14/2025,179.83,185.44,179.56,180.95,"66,308,821"
8/13/2025,179.91,186.65,179.38,184.42,"108,305,129"
8/12/2025,173.32,175.16,168.5,174.95,"52,335,746"
8/11/2025,170.04,178.82,169.38,172.28,"70,651,033"
8/8/2025,174.04,176.48,170.52,172.76,"68,866,692"
8/7/2025,166.84,175.75,166.7,172.4,"95,448,310"
8/6/2025,165.05,166.18,157.8,163.12,"133,641,835"
8/5/2025,177.57,177.99,171.8,174.31,"88,808,520"
8/4/2025,174.61,177.86,173.56,176.78,"52,951,044"
8/1/2025,170.16,174.4,166.82,171.7,"75,396,130"
7/31/2025,182.02,182.5,173,176.31,"71,765,285"
7/30/2025,175.61,180.37,173.8,179.51,"64,820,291"
7/29/2025,175.21,182.31,174.68,177.44,"108,154,838"
7/28/2025,169.08,174.7,168.67,173.66,"68,267,835"
7/25/2025,163.51,167.18,162.36,166.47,"53,432,260"
7/24/2025,159.12,163.93,158.36,162.12,"48,440,112"
7/23/2025,156.32,159.45,156,158.65,"41,510,896"
7/22/2025,156.2,156.23,149.34,154.72,"49,028,017"
7/21/2025,157.62,160.34,156.92,157,"39,021,130"
7/18/2025,159.59,160.83,155.81,156.99,"48,859,835"
7/17/2025,161.81,161.96,158.68,160.41,"50,605,117"
7/16/2025,155.31,160.36,152.85,160.08,"59,492,760"
7/15/2025,153.75,158.68,153.56,155.61,"93,370,081"
7/14/2025,145.09,147.58,141.9,146.24,"44,718,554"
7/11/2025,142.6,147.4,141.6,146.42,"50,049,179"
7/10/2025,143,145.82,141.85,144.16,"61,101,465"
7/9/2025,138.69,140.65,137.59,138.41,"37,013,130"
7/8/2025,137.32,139.15,135.91,137.82,"36,124,612"
7/7/2025,136.56,137.44,133.5,134.8,"37,395,010"
7/3/2025,139.11,139.5,137.32,137.91,"28,645,993"
7/2/2025,135.53,139.78,135.22,138.52,"39,227,986"
7/1/2025,138.77,140.23,135.12,136.11,"55,257,237"
6/30/2025,144,146,141.01,141.9,"42,972,468"
6/27/2025,144.18,147.75,141.63,143.81,"61,937,853"
6/26/2025,145.97,146,141.91,143.68,"58,180,081"
6/25/2025,140.94,144.18,139.46,143.4,"74,607,219"
6/24/2025,133.43,138.79,132.93,138.43,"78,571,997"
6/23/2025,130.47,133.25,126.82,129.58,"65,152,874"
6/20/2025,129,132.81,127.55,128.24,"79,930,980"
6/18/2025,128.01,129.21,125.77,126.79,"49,627,112"
6/17/2025,127.93,130.7,126.58,127.1,"86,623,910"
6/16/2025,118.64,128.14,117.78,126.39,"100,968,478"
6/13/2025,116.05,117.88,115.06,116.16,"39,702,742"
6/12/2025,120.62,122.25,118.03,118.5,"44,718,365"
6/11/2025,124.44,124.47,119.88,121.14,"32,261,863"
6/10/2025,121.11,124.09,120.8,123.24,"41,691,908"
6/9/2025,119.18,122.37,119.04,121.73,"55,437,652"
6/6/2025,117.69,118.38,115.88,116.19,"27,042,083"
6/5/2025,118.95,119.24,114.71,115.69,"34,182,902"
6/4/2025,117.41,119.3,115.73,118.58,"31,024,986"
6/3/2025,114.5,117.68,113.28,117.31,"37,161,484"
6/2/2025,111.06,114.86,111.01,114.63,"34,078,358"
5/30/2025,111.58,112.11,108.62,110.73,"36,088,472"
5/29/2025,115.49,115.54,112.13,113.03,"30,572,131"
5/28/2025,114.92,114.95,112.66,112.86,"27,483,741"
5/27/2025,113.18,115.4,112.27,114.56,"37,885,019"
5/23/2025,108.09,111.02,107.67,110.31,"30,867,274"
5/22/2025,111.9,112.64,110.61,110.71,"29,251,957"
5/21/2025,113.85,116.1,111.09,112.06,"43,594,606"
5/20/2025,114.35,114.51,112.08,113.51,"29,030,815"
5/19/2025,115.02,115.53,114.06,114.74,"37,737,373"
5/16/2025,118.07,118.24,116.01,117.17,"43,419,695"
5/15/2025,117.02,117.5,114.01,114.99,"43,843,235"
5/14/2025,119.83,122.52,116.59,117.72,"86,743,700"
5/13/2025,109.6,113.13,109,112.46,"55,659,513"
5/12/2025,110.42,110.67,106.98,108.12,"50,543,396"
5/9/2025,102.59,103.54,101.6,102.84,"31,704,261"
5/8/2025,101.92,105.44,101.56,101.7,"54,231,362"
5/7/2025,100.75,103.42,96.88,100.36,"86,648,749"
5/6/2025,98.41,100.07,97.44,98.62,"54,264,254"
5/5/2025,99,102.05,98.76,100.59,"41,268,886"
5/2/2025,98.4,99.88,98.3,98.8,"29,957,888"
5/1/2025,99.27,100.1,96.45,96.65,"29,591,507"
4/30/2025,92.81,97.55,91.87,97.35,"29,730,729"
4/29/2025,95.76,97.18,95.33,96.06,"20,700,637"
4/28/2025,95.58,97.49,94.27,96.39,"30,456,683"
4/25/2025,93.28,97.1,92.85,96.65,"28,575,343"
4/24/2025,91.59,94.75,90.37,94.47,"33,681,919"
4/23/2025,91.88,93.74,90.12,90.39,"41,102,589"
4/22/2025,86.12,87.17,85.17,86.26,"35,236,735"
4/21/2025,86.02,86.14,83.75,85.56,"33,855,392"
4/17/2025,88.84,89.03,86.52,87.5,"34,801,437"
4/16/2025,87.61,90.47,85.3,88.29,"62,109,016"
4/15/2025,94.66,96.85,94.62,95.29,"28,116,536"
4/14/2025,97.11,97.37,93.45,94.5,"36,002,970"
4/11/2025,90.51,94.76,90.5,93.4,"57,892,600"
4/10/2025,91,92.95,85.06,88.7,"65,210,565"
4/9/2025,79.22,97.91,78.87,96.84,"97,827,352"
4/8/2025,86.15,88.93,76.48,78.21,"69,910,233"
4/7/2025,80.68,89,77.75,83.64,"70,515,429"
4/4/2025,90.1,91.08,83.67,85.76,"65,847,021"
4/3/2025,97.79,99.45,93.64,93.8,"50,472,542"
4/2/2025,101.52,104.19,100.76,102.96,"20,793,989"
4/1/2025,102.16,102.83,100.93,102.78,"23,523,230"
3/31/2025,100.24,102.82,98.8,102.74,"30,865,342"
3/28/2025,105.53,106.51,102.48,103.22,"31,069,114"
3/27/2025,106.11,107.62,105.55,106.65,"32,773,714"
3/26/2025,114.11,115.9,108.68,110.19,"39,976,485"
3/25/2025,113.27,114.95,112.71,114.81,"29,077,507"
3/24/2025,109.73,114.85,109.4,113.85,"53,342,002"
3/21/2025,105.33,107.25,104.33,106.44,"30,767,938"
3/20/2025,105.12,108.26,105.12,107.14,"26,871,839"
3/19/2025,104.42,107.9,101.96,106.23,"32,287,496"
3/18/2025,103.85,104.55,102.97,103.51,"27,152,827"
3/17/2025,102.6,106.15,102.6,104.59,"43,689,523"
3/14/2025,99.64,101.22,99.58,100.97,"24,715,265"
3/13/2025,99.72,100.07,97.27,98.11,"28,575,150"
3/12/2025,99.05,101.72,98.17,100.79,"34,241,287"
3/11/2025,96.79,98.16,94.73,96.76,"34,078,300"
3/10/2025,98.57,101.29,95.83,96.63,"38,733,186"
3/7/2025,98.88,100.65,96.39,100.31,"33,254,367"
3/6/2025,99.05,101.08,98.27,98.85,"28,984,978"
3/5/2025,100.36,101.84,98.87,101.67,"27,855,488"
3/4/2025,96,103.18,95.89,100.75,"54,156,941"
3/3/2025,101.52,102.34,97.09,98.23,"38,957,988"
2/28/2025,99.56,101.8,98.69,99.86,"45,194,576"
2/27/2025,105.08,105.76,99.5,99.51,"47,263,727"
2/26/2025,104.95,105.8,103.99,104.74,"29,178,213"
2/25/2025,107.89,108.64,103.62,103.96,"39,169,161"
2/24/2025,111.49,111.6,107.98,108.11,"29,072,208"
2/21/2025,114.85,115.76,110.43,110.84,"41,353,683"
2/20/2025,115.01,116.55,113.11,114.17,"27,219,565"
2/19/2025,114.25,116.11,113.14,114.69,"28,807,709"
2/18/2025,114.05,115.55,113.45,114.28,"31,720,307"
2/14/2025,112.65,114.63,111.7,113.1,"32,477,159"
2/13/2025,112,114.6,110.4,111.81,"40,911,804"
2/12/2025,109.52,111.84,109.06,111.72,"25,319,729"
2/11/2025,108.98,113.07,108.94,111.1,"35,033,759"
2/10/2025,108.44,111.4,108.15,110.48,"34,905,359"
2/7/2025,109.13,109.92,106.79,107.56,"46,082,499"
2/6/2025,110.93,112.56,109.02,110.16,"50,426,590"
2/5/2025,107.61,112.09,106.5,112.01,"110,609,343"
2/4/2025,115.45,119.85,114.79,119.5,"69,412,094"
2/3/2025,113.88,115.16,112.98,114.27,"34,586,051"
1/31/2025,119.14,119.57,115.33,115.95,"40,533,565"
1/30/2025,118.53,120.44,117.09,118.86,"29,788,383"
1/29/2025,115.77,118.52,114.96,117.35,"40,199,052"
1/28/2025,115.18,116.15,112.95,114.17,"40,554,760"
1/27/2025,117.8,118.08,112.8,115.01,"61,067,888"
1/24/2025,124.55,125.25,122.23,122.84,"31,570,300"
1/23/2025,121.43,123.71,120.63,123.04,"24,921,108"
1/22/2025,123.08,125.65,121.91,123.75,"35,023,842"
1/21/2025,122.39,123.75,121.12,122.28,"31,578,832"
1/17/2025,120.78,122.74,120.55,121.46,"35,765,924"
1/16/2025,120.24,121.09,118.25,118.44,"29,414,126"
1/15/2025,117.55,120.42,117.46,119.96,"38,185,819"
1/14/2025,118,118.66,114.5,116.09,"37,005,279"
1/13/2025,115.28,117.48,114.41,117.32,"39,128,897"
1/10/2025,118.18,118.71,114.45,116.04,"59,415,614"
1/8/2025,124.51,125.3,120.12,121.84,"46,723,136"
1/7/2025,130.51,131.71,126.85,127.33,"39,220,408"
1/6/2025,129.07,130.73,127.36,129.55,"48,020,190"
1/3/2025,121.65,125.56,121.42,125.37,"36,785,299"
1/2/2025,122.29,123.14,119.44,120.63,"34,256,182"
12/31/2024,123.1,123.55,120.14,120.79,"30,203,428"
12/30/2024,123.56,124.1,122.35,122.44,"30,501,637"
12/27/2024,124.37,126.18,122.26,125.19,"32,924,011"
12/26/2024,125.52,127.3,125.05,125.06,"25,139,138"
12/24/2024,127.51,127.51,124.66,126.29,"24,829,564"
12/23/2024,120.71,126.34,120.47,124.6,"47,777,898"
12/20/2024,118,121.86,117.9,119.21,"53,591,212"
12/19/2024,122.16,123.38,118.45,118.88,"46,160,667"
12/18/2024,125.43,127.75,120.43,121.41,"49,724,442"
12/17/2024,124.45,127.08,123.15,125.02,"43,314,939"
12/16/2024,126.01,127.76,123.12,126.69,"42,090,277"
12/13/2024,131.3,131.3,124.77,126.91,"67,544,738"
12/12/2024,130,132.32,129.07,130.6,"34,267,091"
12/11/2024,128.52,131.21,126.22,130.15,"45,588,138"
12/10/2024,131.56,131.56,127.07,127.74,"38,907,198"
12/9/2024,135.71,135.77,130,130.87,"57,055,558"
12/6/2024,141.48,142.79,137.4,138.59,"33,576,839"
12/5/2024,143.68,143.95,140.38,141.36,"29,576,925"
12/4/2024,142.96,144.12,141.18,143.99,"25,942,650"
12/3/2024,142.58,143.45,141.08,141.98,"22,665,348"
12/2/2024,137.92,142.82,137.8,142.06,"33,102,438"
11/29/2024,136.24,138.59,135.78,137.18,"16,085,714"
11/27/2024,137.2,137.94,132.96,136.24,"30,175,287"
11/26/2024,142.55,142.8,136.62,137.72,"32,092,378"
11/25/2024,140.49,142.35,139.05,141.13,"30,923,110"
11/22/2024,137.35,139.13,137.04,138.35,"21,784,728"
11/21/2024,138.87,140.28,134.93,137.49,"29,311,442"
11/20/2024,138.96,140.77,135.48,137.6,"28,843,065"
11/19/2024,137.41,139.75,137.14,139.39,"23,131,352"
11/18/2024,138.19,140.9,137.21,138.93,"38,782,434"
11/15/2024,136.58,137.35,133.65,134.9,"44,217,530"
11/14/2024,140.34,141.4,138.56,138.84,"31,681,410"
11/13/2024,142.86,144.49,139.07,139.3,"35,146,648"
11/12/2024,147,147.45,141.55,143.63,"33,560,287"
11/11/2024,147.38,148.57,144.91,147.35,"29,868,125"
11/8/2024,149.39,150.71,147.53,147.95,"27,560,342"
11/7/2024,146.68,150.12,145.66,149.82,"30,326,430"
11/6/2024,144.95,145.63,141.52,145.1,"32,911,499"
11/5/2024,141.94,143.08,140.8,141.66,"27,067,330"
11/4/2024,141.7,143.64,139.72,140.71,"29,117,421"
11/1/2024,144.44,144.54,141.32,141.86,"39,027,430"
10/31/2024,147.8,148.68,143.33,144.07,"44,386,597"
10/30/2024,153.01,153.12,148.1,148.6,"87,701,674"
10/29/2024,161.1,167.51,158.94,166.25,"71,896,038"
10/28/2024,158.5,160.28,157.05,159.92,"36,010,134"
10/25/2024,155.4,158.91,155.05,156.23,"29,758,489"
10/24/2024,154.74,155.19,152.35,153.44,"22,877,016"
10/23/2024,153,153.45,150.52,152.91,"26,095,933"
10/22/2024,156.6,156.74,151.91,154.09,"34,997,352"
10/21/2024,155.76,158,154.15,157.9,"25,781,212"
10/18/2024,157.41,158.01,155.56,155.97,"23,822,985"
10/17/2024,160,160.44,156.2,156.25,"29,491,853"
10/16/2024,158.08,158.28,154.92,156.13,"30,575,773"
10/15/2024,163.21,164.13,155.74,156.64,"50,768,024"
10/14/2024,167.77,168.9,165.15,165.27,"31,757,205"
10/11/2024,164.19,169.35,163.01,167.89,"42,136,175"
10/10/2024,169.76,172.01,162,164.18,"75,113,590"
10/9/2024,174.05,174.05,169.55,171.02,"33,890,735"
10/8/2024,171.75,173.6,170,172.8,"34,730,152"
10/7/2024,171.08,172.41,168.21,170.97,"38,379,930"
10/4/2024,166.53,171.21,164.42,170.9,"44,640,296"
10/3/2024,159.71,166.79,159.4,162.85,"29,598,787"
10/2/2024,159.31,163.1,158.67,159.78,"24,630,431"
10/1/2024,164.48,165.4,158.08,159.75,"31,831,860"
9/30/2024,163.1,165.08,162.18,164.08,"21,920,300"
9/27/2024,167.48,168.73,163.74,164.35,"27,876,037"
9/26/2024,167.06,168.68,164.05,167.49,"38,044,919"
9/25/2024,158.5,162.95,158.18,162.02,"35,233,264"
9/24/2024,157.46,159.64,154.58,158.32,"27,531,200"
9/23/2024,156.45,157.19,154.97,156.75,"21,728,542"
9/20/2024,156,157.45,152.47,155.95,"40,248,201"
9/19/2024,153.81,159.25,152.77,156.74,"44,499,983"
9/18/2024,150.9,152.82,148.01,148.29,"26,320,083"
9/17/2024,153.55,154.05,149.23,150.82,"29,888,994"
9/16/2024,151.7,154.44,150.91,152.08,"27,677,761"
9/13/2024,152.32,153.03,150.7,152.31,"25,117,241"
9/12/2024,148.43,151.54,147.65,150.77,"29,286,166"
9/11/2024,145.33,150.16,140.71,149.86,"50,935,390"
9/10/2024,139.06,143.08,137.25,142.84,"37,217,528"
9/9/2024,136.1,138.45,134.86,138.15,"27,194,508"
9/6/2024,138.7,139.13,132.11,134.35,"39,993,507"
9/5/2024,138.2,141.71,137.83,139.44,"25,023,021"
9/4/2024,140.51,143.37,138.51,140.87,"42,130,648"
9/3/2024,146.41,146.49,136.1,136.94,"42,172,672"
8/30/2024,147.52,148.99,145.25,148.56,"31,169,069"
8/29/2024,146.59,149.49,144.47,145.49,"31,602,113"
8/28/2024,149.4,150.43,144.72,146.36,"34,075,823"
8/27/2024,150.13,151.7,148.44,150.5,"35,102,650"
8/26/2024,154.7,158.28,148.91,149.99,"49,893,259"
8/23/2024,153.6,156.4,151.83,154.98,"43,694,642"
8/22/2024,158.87,159.84,151.01,151.7,"45,737,257"
8/21/2024,156.12,158.65,155.07,157.81,"42,791,246"
8/20/2024,156.49,162.04,154.51,156.4,"76,851,158"
8/19/2024,148.43,155.37,147.72,155.28,"60,766,854"
8/16/2024,145.7,149.37,145.2,148.56,"31,123,927"
8/15/2024,143,147.96,141.81,147.36,"43,582,387"
8/14/2024,143,143.25,137.64,140.75,"35,506,434"
8/13/2024,138.12,141.19,137.52,141.13,"42,218,019"
8/12/2024,134.44,137.99,133.23,136.77,"39,724,343"
8/9/2024,134.69,135.5,132.44,134.27,"40,582,992"
8/8/2024,131.97,136.48,128.94,136.32,"49,037,454"
8/7/2024,133.75,136.24,128.37,128.67,"54,676,492"
8/6/2024,135.15,136.44,129.1,130.18,"64,455,613"
8/5/2024,122.16,139.14,121.83,134.82,"76,089,361"
8/2/2024,133.5,137.1,131.33,132.5,"78,561,997"
8/1/2024,145,147.29,130.24,132.54,"94,731,931"
7/31/2024,150.73,153.6,140.03,144.48,"114,306,763"
7/30/2024,139.88,141.7,134.05,138.44,"68,801,709"
7/29/2024,141.19,144.59,138.75,139.75,"47,447,194"
7/26/2024,140.32,141.29,138.27,139.99,"49,435,825"
7/25/2024,144.07,144.75,136.81,138.32,"60,578,529"
7/24/2024,152.72,153.68,144.53,144.63,"49,203,120"
7/23/2024,154.95,157.05,153.8,154,"31,950,579"
7/22/2024,154.23,156.7,152.55,155.87,"43,912,459"
7/19/2024,154.86,155.81,150.62,151.58,"47,513,063"
7/18/2024,163.41,163.41,153.2,155.77,"69,420,335"
7/17/2024,169.8,169.8,159.37,159.43,"76,954,198"
7/16/2024,179.69,179.75,174.53,177.55,"40,633,058"
7/15/2024,184.45,185.5,178.54,179.83,"42,202,726"
7/12/2024,182.02,186.99,179.69,181.61,"50,827,368"
7/11/2024,184.07,187.11,177.25,181.94,"59,231,412"
7/10/2024,179.99,187.28,177.8,183.96,"90,246,965"
7/9/2024,177.97,180.41,174.7,177.1,"43,471,169"
7/8/2024,174.9,178.95,173.22,178.69,"60,223,422"
7/5/2024,165.97,174.04,165.68,171.9,"61,857,052"
7/3/2024,164.2,165.26,162.51,163.9,"26,980,906"
7/2/2024,157.04,164.58,156.7,164.31,"57,838,610"
7/1/2024,161.25,161.51,153.64,157.69,"50,436,691"
6/28/2024,160.23,166.45,159.41,162.21,"56,204,617"
6/27/2024,157.18,160.61,156.81,159.47,"34,018,216"
6/26/2024,160.6,160.74,156,157.54,"36,973,440"
6/25/2024,160.73,161,156.45,160.25,"40,975,277"
6/24/2024,159.75,163.4,158.19,160.25,"45,954,054"
6/21/2024,161.75,163.2,157.89,161.23,"61,334,699"
6/20/2024,155.83,166.82,155.5,161.78,"93,245,732"
6/18/2024,156.99,157.24,153.34,154.63,"51,852,033"
6/17/2024,158,159.23,154.14,158.4,"44,507,742"
6/14/2024,158.5,161.34,157.61,159.63,"34,054,023"
6/13/2024,160.4,162.66,157.31,159.9,"44,442,511"
6/12/2024,160.32,162.24,158.62,160.24,"48,325,813"
6/11/2024,160.5,161.54,156.92,158.96,"40,497,092"
6/10/2024,162.48,165.55,159.61,160.34,"67,575,627"
6/7/2024,166.59,169.45,165.86,167.87,"44,795,998"
6/6/2024,165.46,169.51,163.86,166.78,"47,153,676"
6/5/2024,162.07,167.12,161.38,166.17,"60,507,494"
6/4/2024,162.84,164.83,158.87,159.99,"48,157,209"
6/3/2024,170.82,171.08,160.91,163.55,"59,157,590"
5/31/2024,166.65,169.5,160.07,166.9,"64,331,946"
5/30/2024,167.9,168.75,163.8,166.75,"46,479,934"
5/29/2024,167.46,168.48,162.91,165.14,"56,537,503"
5/28/2024,169.42,174.55,164.96,171.61,"66,495,414"
5/24/2024,161.41,167.66,160.25,166.36,"54,868,646"
5/23/2024,170.18,173.14,158.27,160.43,"91,888,841"
5/22/2024,167.41,169.81,163.86,165.52,"47,426,719"
5/21/2024,164,165.83,163.1,164.66,"30,005,478"
5/20/2024,165.55,168.49,164.47,166.33,"45,618,044"
5/17/2024,168.43,169.72,162.32,164.47,"65,944,362"
5/16/2024,160.92,168.06,159.9,162.62,"76,726,728"
5/15/2024,155.59,159.69,154.7,159.67,"43,195,901"
5/14/2024,150.43,153.49,148.78,153.16,"31,938,277"
5/13/2024,151.28,153.33,150.4,150.56,"27,859,183"
5/10/2024,154.29,156.37,151.31,151.92,"37,652,770"
5/9/2024,153.13,154.09,150.61,152.39,"33,017,962"
5/8/2024,153.4,155.33,152.52,153.62,"28,727,963"
5/7/2024,156.32,157.7,153.66,154.43,"37,374,906"
5/6/2024,153.1,156.65,151.26,155.78,"44,624,546"
5/3/2024,148.75,150.79,147.24,150.6,"49,361,081"
5/2/2024,145.51,147.62,141.16,146.16,"50,034,730"
5/1/2024,148.11,151.37,142.14,144.27,"89,413,168"
4/30/2024,160.63,162.29,158.35,158.38,"60,742,834"
4/29/2024,159.08,160.77,156.26,160.2,"43,478,221"
4/26/2024,154.24,158.63,153.43,157.4,"42,510,708"
4/25/2024,149.15,155.14,146.75,153.76,"41,471,423"
4/24/2024,156.56,157.66,150.63,151.74,"43,412,550"
4/23/2024,151.65,153.5,150.35,152.27,"46,051,911"
4/22/2024,148.15,149.89,145.63,148.64,"49,397,034"
4/19/2024,151.59,154.25,145.29,146.64,"71,618,197"
4/18/2024,155.51,156.96,152.32,155.08,"52,669,816"
4/17/2024,163.97,164.45,153.88,154.02,"75,908,969"
4/16/2024,162.28,164.88,161.67,163.46,"55,302,100"
4/15/2024,164.43,164.44,158.76,160.32,"61,461,150"
4/12/2024,164.53,165.7,161.83,163.28,"63,519,643"
4/11/2024,167.55,170.95,166.55,170.5,"48,994,531"
4/10/2024,166.71,169.78,164,167.14,"59,599,958"
4/9/2024,170.21,171.6,167.29,170.78,"42,927,985"
4/8/2024,168.2,171.66,166.82,169.9,"43,997,546"
4/5/2024,168.1,172.69,165.58,170.42,"66,080,261"
4/4/2024,182.92,183.02,165.65,165.83,"88,279,957"
4/3/2024,177.54,182.05,176.7,180.77,"49,835,064"
4/2/2024,179.47,180.1,174.83,178.7,"61,598,817"
4/1/2024,180.1,187.24,179.9,183.34,"74,299,905"
3/28/2024,179.47,183.4,178.3,180.49,"57,628,614"
3/27/2024,179.96,181.23,175.4,179.59,"55,685,645"
3/26/2024,179.54,182.6,176.33,177.87,"65,322,445"
3/25/2024,172.9,182.8,172,178.63,"71,935,313"
3/22/2024,177.21,180.76,175.05,179.65,"57,899,071"
3/21/2024,185.97,187.69,177.66,178.68,"75,265,596"
3/20/2024,182.03,182.68,174,179.73,"81,773,114"
3/19/2024,183.16,185.61,177.36,181.42,"83,509,459"
3/18/2024,193.29,193.5,188.05,190.65,"59,306,865"
3/15/2024,184.83,193.8,184.48,191.06,"95,289,509"
3/14/2024,192.92,196.93,184.03,187.06,"84,490,526"
3/13/2024,198.73,198.83,192.7,194.79,"70,526,879"
3/12/2024,200.52,202.85,194.27,202.76,"68,951,657"
3/11/2024,203.01,203.55,196.7,198.39,"73,098,616"
3/8/2024,213.41,227.3,205.6,207.39,"120,815,222"
3/7/2024,212.52,213.83,208.22,211.38,"63,869,038"
3/6/2024,210.43,214.81,207.32,210.63,"86,686,987"
3/5/2024,200.5,205.33,199.15,205.13,"65,407,112"
3/4/2024,205.16,211.01,203.5,205.36,"86,835,338"
3/1/2024,197.91,202.72,195.42,202.64,"103,820,773"
2/29/2024,179.82,193,179.82,192.53,"105,538,483"
2/28/2024,176.25,176.84,173.59,176.54,"35,914,414"
2/27/2024,175.92,178.46,172.49,178,"43,665,241"
2/26/2024,178.78,179.84,174.81,176.01,"45,435,093"
2/23/2024,181.86,183.8,174.55,176.52,"69,207,367"
2/22/2024,173.2,183.83,172,181.86,"100,684,733"
2/21/2024,162.74,164.9,161.81,164.29,"48,774,556"
2/20/2024,171.14,171.81,162,165.69,"66,549,992"
2/16/2024,177.45,180.33,173.25,173.87,"53,940,342"
2/15/2024,179.14,180.5,175.26,176.76,"51,126,437"
2/14/2024,173.47,178.74,172.88,178.7,"57,402,522"
2/13/2024,167.94,173.17,164.3,171.54,"63,071,311"
2/12/2024,172.68,177.41,170.67,171.91,"58,177,053"
2/9/2024,171,175.1,168.66,172.48,"56,375,713"
2/8/2024,170.33,172.17,168.6,169.35,"43,385,275"
2/7/2024,169.47,172.97,168.2,170.94,"53,665,418"
2/6/2024,173.15,173.88,165.5,167.88,"68,854,127"
2/5/2024,179.09,180.01,171.11,174.23,"76,349,244"
2/2/2024,173.79,179,173.05,177.66,"82,134,266"
2/1/2024,169.27,171.14,165.86,170.48,"91,576,685"
1/31/2024,165.74,171.3,162.56,167.69,"133,157,264"
1/30/2024,176.13,178.48,169.52,172.06,"122,265,677"
1/29/2024,178.77,178.89,174.4,177.83,"89,384,452"
1/26/2024,175.29,181.23,174.15,177.25,"107,381,172"
1/25/2024,183.41,184.92,177.63,180.33,"127,171,448"
1/24/2024,172.55,180.58,170.56,178.29,"125,516,387"
1/23/2024,166.5,169.63,164.27,168.42,"76,830,455"
1/22/2024,174.39,174.72,164.15,168.18,"122,973,822"
1/19/2024,165.8,174.25,162.2,174.23,"140,367,915"
1/18/2024,166.2,168.6,158.22,162.67,"131,864,888"
1/17/2024,158.45,160.64,154.4,160.17,"104,084,985"
1/16/2024,150.36,159.72,149.98,158.74,"112,711,434"
1/12/2024,148.04,148.75,145,146.56,"48,293,089"
1/11/2024,148.52,150.38,143.69,148.02,"62,764,597"
1/10/2024,150.07,150.88,146.65,148.54,"56,951,243"
1/9/2024,145.95,149.86,145.08,149.26,"67,875,666"
1/8/2024,140.36,147.15,140.15,146.18,"71,756,913"
1/5/2024,136.78,141.01,136.44,138.58,"69,657,676"
1/4/2024,134.3,137.7,134,136.01,"58,610,286"
1/3/2024,135.71,137.43,133.74,135.32,"61,988,583"
1/2/2024,144.28,144.4,137.43,138.58,"64,902,029"
12/29/2023,149.5,151.05,147.2,147.41,"62,079,185"
12/28/2023,146.8,150.41,145.95,148.76,"63,800,680"
12/27/2023,144.72,146.25,143.18,146.07,"49,033,420"
12/26/2023,140.07,143.85,139.92,143.41,"47,157,430"
12/22/2023,140.48,140.7,138.31,139.6,"35,396,582"
12/21/2023,138.14,139.98,137.38,139.91,"47,179,362"
12/20/2023,139,139.58,135.37,135.47,"54,671,715"
12/19/2023,138.57,143.47,138.56,140.15,"63,739,781"
12/18/2023,139.15,139.79,137.65,138.9,"45,199,453"
12/15/2023,139.52,140.89,137.25,139.15,"70,211,795"
12/14/2023,138.89,141.82,135.73,138,"76,115,174"
12/13/2023,137.97,139.24,136.03,138.19,"70,651,603"
12/12/2023,132.25,139.89,131.9,137.61,"111,677,821"
12/11/2023,130.56,135.04,128.25,134.41,"98,668,281"
12/8/2023,129.54,131,126.89,128.92,"89,341,014"
12/7/2023,120.79,128.68,119.56,128.37,"118,579,097"
12/6/2023,120.69,122.83,116.38,116.82,"60,599,029"
12/5/2023,117.43,118.49,116.45,118.38,"39,191,565"
12/4/2023,119.75,119.9,116.37,118.57,"39,854,418"
12/1/2023,119.88,121.4,118.65,121.39,"37,048,002"
11/30/2023,123.61,124.05,119.65,121.16,"44,494,211"
11/29/2023,123.98,125.73,123.48,123.85,"37,876,317"
11/28/2023,121.98,122.54,120.79,122.01,"32,047,063"
11/27/2023,122.07,123.89,121.77,122.65,"32,743,006"
11/24/2023,122.03,123.25,121.54,122.31,"19,001,007"
11/22/2023,120,124.76,119.95,122.51,"56,894,486"
11/21/2023,120.54,120.65,117.94,119.16,"41,064,750"
11/20/2023,120.7,121.93,120.07,121.53,"43,173,925"
11/17/2023,119.64,121.49,118.82,120.62,"38,538,695"
11/16/2023,117.2,120.73,116.41,119.83,"49,661,870"
11/15/2023,120.54,120.59,116.87,118,"59,555,593"
11/14/2023,119.7,122.11,119.22,119.88,"61,017,449"
11/13/2023,118.34,118.68,116,116.79,"46,741,889"
11/10/2023,114.35,119.7,114.03,118.59,"75,204,072"
11/9/2023,114.1,115.81,113.06,113.49,"61,146,862"
11/8/2023,113.55,115.32,112.88,113.59,"41,880,606"
11/7/2023,111.86,114.65,111.22,113.45,"50,550,151"
11/6/2023,112.6,113.08,110.22,111.75,"49,270,370"
11/3/2023,109.05,113.39,107.86,112.25,"65,632,202"
11/2/2023,107.96,109.41,105.91,107.83,"71,376,954"
11/1/2023,98.58,108.15,98.5,108.04,"138,641,522"
10/31/2023,96.24,98.82,94.07,98.5,"79,547,126"
10/30/2023,96.14,97.04,94.7,96.18,"43,716,642"
10/27/2023,95.8,97.35,94.59,96.43,"52,458,653"
10/26/2023,95.99,97.52,93.12,93.67,"49,896,360"
10/25/2023,100.42,101.03,95.23,96.06,"53,424,477"
10/24/2023,100.97,101.79,99.38,101.67,"51,982,918"
10/23/2023,100.81,102.42,99.32,100.01,"50,817,440"
10/20/2023,102.28,104.34,101.44,101.81,"61,317,927"
10/19/2023,103.81,105.6,101.84,102.4,"52,734,201"
10/18/2023,103.38,104.78,101.74,102.17,"50,449,952"
10/17/2023,103.54,106.29,101.66,105.14,"49,642,114"
10/16/2023,105.42,107.48,105.03,106.46,"42,464,511"
10/13/2023,108.65,108.97,104.75,105.09,"52,925,932"
10/12/2023,108.4,111.31,107.51,108.79,"60,959,430"
10/11/2023,109.14,110.1,106.93,108.31,"51,085,635"
10/10/2023,107.49,110.12,106.4,109.01,"57,105,529"
10/9/2023,106.01,107.31,104.79,106.97,"39,593,192"
10/6/2023,102.16,107.87,102.03,107.24,"64,864,077"
10/5/2023,103.41,103.74,100.27,102.91,"51,789,731"
10/4/2023,100.65,104.4,100.34,104.07,"51,023,246"
10/3/2023,101.8,103.29,99.17,100.08,"48,116,980"
10/2/2023,102.21,103.71,101.7,103.27,"45,118,574"
9/29/2023,104.69,104.94,102.56,102.82,"56,078,641"
9/28/2023,97.94,104.2,97.76,102.76,"72,542,056"
9/27/2023,96.82,99.23,96.35,98.07,"51,261,502"
9/26/2023,96.5,97.83,95.27,95.96,"42,866,460"
9/25/2023,95.95,97.45,94.46,97.38,"43,223,749"
9/22/2023,96.92,98.42,95.61,96.2,"52,169,395"
9/21/2023,98.6,98.87,95.84,96.11,"59,704,335"
9/20/2023,102.36,103.94,100.28,100.34,"55,180,576"
9/19/2023,101.75,102.86,100.7,101.61,"41,704,110"
9/18/2023,100.82,102.99,99.45,102.37,"49,061,310"
9/15/2023,106.07,106.76,101.28,101.49,"71,103,616"
9/14/2023,108.43,109.15,106.22,106.63,"45,920,612"
9/13/2023,105.1,108.74,104.83,107.71,"44,702,254"
9/12/2023,104.2,106.74,103.18,105.31,"44,413,572"
9/11/2023,107.32,107.51,103,105.32,"50,611,285"
9/8/2023,107.02,109.74,105.75,106.09,"46,271,558"
9/7/2023,106.14,107.69,105.09,106.59,"49,080,149"
9/6/2023,110.56,111.33,108.22,109.28,"47,736,701"
9/5/2023,109,111.82,106.3,110.78,"66,042,191"
9/1/2023,107,110.06,106.61,109.45,"54,856,148"
8/31/2023,106.19,108.06,104.86,105.72,"58,918,970"
8/30/2023,105.4,107.67,104.5,106.59,"54,847,348"
8/29/2023,102.11,106.57,101.79,105.92,"50,850,289"
8/28/2023,103.47,104.07,100.89,102.61,"55,386,803"
8/25/2023,101.17,104.12,99.58,102.25,"74,793,086"
8/24/2023,111.06,111.64,100.87,101.8,"109,179,129"
8/23/2023,105.65,110.08,105,109.43,"54,656,329"
8/22/2023,109.4,109.72,104.85,105.66,"47,335,086"
8/21/2023,106.2,108.54,105.67,108.22,"49,319,240"
8/18/2023,102.4,106.07,101.68,105.45,"59,916,675"
8/17/2023,107.62,107.85,104.1,104.44,"59,064,275"
8/16/2023,110.09,110.44,106.98,107.19,"54,327,298"
8/15/2023,111.99,113.18,110.17,111.35,"53,816,569"
8/14/2023,106.75,111.99,105.42,111.98,"57,421,820"
8/11/2023,108.85,109.07,106.48,107.57,"55,667,745"
8/10/2023,111.3,113.89,109.47,110.23,"57,297,792"
8/9/2023,112.89,113.15,108.78,110.47,"56,257,067"
8/8/2023,114.94,115.46,111.41,113.23,"54,141,829"
8/7/2023,116.36,119.08,115.49,116.81,"65,854,765"
8/4/2023,114.48,118.85,113.96,115.82,"83,169,686"
8/3/2023,108.95,114.96,108.95,113.15,"90,811,558"
8/2/2023,119.49,119.5,107.38,109.35,"173,372,010"
8/1/2023,114.26,118.19,113.16,117.6,"97,284,727"
7/31/2023,114.16,114.68,112.35,114.4,"54,187,286"
7/28/2023,113.38,114.86,112.44,112.96,"55,525,965"
7/27/2023,111.79,115.08,110.51,111.1,"70,677,972"
7/26/2023,111.91,112.36,109.3,110.09,"51,721,689"
7/25/2023,111.14,114.05,111,113,"44,916,262"
7/24/2023,110.62,111.31,108.55,110.61,"45,637,998"
7/21/2023,110.97,112.3,109.54,110.95,"76,815,378"
7/20/2023,114.96,115.05,109.24,110.25,"76,340,398"
7/19/2023,121.3,121.67,115.55,116.43,"70,363,051"
7/18/2023,117.55,118.43,115.19,117.93,"57,980,077"
7/17/2023,115.95,118.84,112.73,118.32,"68,593,288"
7/14/2023,116.17,122.12,115.25,115.94,"91,927,197"
7/13/2023,115.76,116.16,113.58,115.92,"49,206,695"
7/12/2023,112.89,115.4,112.31,114.58,"57,993,090"
7/11/2023,111.66,113.27,109.5,111.32,"59,899,536"
7/10/2023,113,113.61,109.88,113.58,"49,330,204"
7/7/2023,114.16,115.33,113.04,113.17,"37,211,287"
7/6/2023,112.07,113.79,110.31,113.48,"42,411,840"
7/5/2023,116.1,117.66,113.86,113.95,"49,501,584"
7/3/2023,115.16,116.73,114.51,115.82,"31,859,976"
6/30/2023,113.03,114.69,112.41,113.91,"53,378,774"
6/29/2023,112.07,112.76,109.84,111.24,"58,347,174"
6/28/2023,108.21,111.78,107.63,110.17,"67,534,134"
6/27/2023,108.57,110.97,107.08,110.39,"59,381,646"
6/26/2023,110.95,112.55,107.2,107.51,"68,556,976"
6/23/2023,109.31,111.1,107.46,110.01,"73,621,951"
6/22/2023,112.24,114,109.85,110.7,"70,754,783"
6/21/2023,118.49,119.19,111.67,112.11,"82,835,622"
6/20/2023,119.09,121.75,117.7,118.93,"58,851,777"
6/16/2023,125.82,125.85,119.9,120.08,"82,007,083"
6/15/2023,125.39,125.7,122.26,124.24,"85,587,115"
6/14/2023,126.53,127.73,123.81,127.33,"95,888,117"
6/13/2023,132.32,132.83,122.45,124.53,"132,461,926"
6/12/2023,128.52,130.48,126.4,129.19,"85,673,077"
6/9/2023,123.57,127.25,123.55,124.92,"75,105,039"
6/8/2023,118.3,122.21,117.05,121.05,"65,246,930"
6/7/2023,124.03,125.34,117.07,117.83,"81,755,152"
6/6/2023,117.91,124.42,117.74,124.23,"75,257,497"
6/5/2023,116.59,119.32,116.42,117.93,"52,602,861"
6/2/2023,120.75,121.66,117.68,117.86,"52,382,424"
6/1/2023,117.29,121.28,116.6,119.47,"66,032,924"
5/31/2023,122.42,123.96,117.86,118.21,"87,552,221"
5/30/2023,130.42,130.79,123.51,125.27,"98,902,282"
5/26/2023,122.46,127.43,120.89,127.03,"92,922,750"
5/25/2023,117.31,120.69,115.8,120.35,"108,514,669"
5/24/2023,105.98,108.91,105.64,108.27,"65,910,464"
5/23/2023,107.25,110.99,107.19,108.12,"73,099,114"
5/22/2023,104.68,108.79,103.49,108,"65,424,234"
5/19/2023,106.36,107.29,104.62,105.82,"67,880,217"
5/18/2023,103.98,108.1,103.93,107.93,"74,338,722"
5/17/2023,101.79,104.14,100.05,103.75,"75,240,894"
5/16/2023,97.39,103.28,97.31,101.48,"90,622,884"
5/15/2023,95.2,97.43,93.45,97.4,"51,749,212"
5/12/2023,96.83,97.45,93.68,95.26,"53,829,709"
5/11/2023,98.16,99.19,96.14,97.1,"57,061,034"
5/10/2023,96.42,99.94,96.12,97.02,"95,619,496"
5/9/2023,94.89,96.16,93.43,95.06,"68,674,788"
5/8/2023,89.99,95.66,89.17,95.04,"95,503,215"
5/5/2023,84.99,90.43,84.72,89.84,"78,491,108"
5/4/2023,81.57,91.64,81.11,86.61,"122,840,488"
5/3/2023,83.54,85.48,81.02,81.62,"109,482,172"
5/2/2023,89.32,90.46,88.12,89.91,"70,483,508"
5/1/2023,91.03,91.04,88.61,89.69,"59,358,710"
4/28/2023,87.02,89.75,86.44,89.37,"50,686,053"
4/27/2023,86.41,87.57,84.09,87.44,"53,087,213"
4/26/2023,86.51,87.35,85.32,85.94,"47,786,564"
4/25/2023,86.9,87.06,83.76,83.8,"52,771,477"
4/24/2023,88.11,88.64,86.34,87.57,"40,423,789"
4/21/2023,89.8,89.8,88.06,88.43,"41,118,264"
4/20/2023,88.83,91.58,88.73,90.11,"47,082,684"
4/19/2023,88.51,90.54,88.22,89.94,"37,344,502"
4/18/2023,91.61,92.16,89.33,89.78,"46,246,286"
4/17/2023,90.23,90.69,88.3,89.87,"47,250,782"
4/14/2023,91.82,92.97,90.5,91.75,"38,734,794"
4/13/2023,92.79,93.16,91.83,92.09,"40,572,482"
4/12/2023,94.97,95,91.74,92.33,"53,383,124"
4/11/2023,96.06,96.07,92.69,94.03,"51,935,800"
4/10/2023,91.32,95.8,91.02,95.48,"52,536,324"
4/6/2023,91.47,92.91,90.62,92.47,"47,778,378"
4/5/2023,94.35,94.5,91.36,92.56,"52,979,281"
4/4/2023,97.04,97.27,95.21,95.87,"43,195,876"
4/3/2023,96.7,96.79,94.81,96.56,"50,655,332"
3/31/2023,96.34,98.36,95.27,98.01,"55,861,066"
3/30/2023,98,99.53,97.25,97.88,"59,678,531"
3/29/2023,96.07,96.91,94.87,96.09,"55,325,974"
3/28/2023,96.77,96.94,92.87,94.56,"59,150,100"
3/27/2023,98.02,98.93,95.43,96.61,"57,461,354"
3/24/2023,99.18,99.52,96.74,97.95,"64,743,698"
3/23/2023,100.05,102.43,98.67,100.28,"84,088,899"
3/22/2023,95.65,101.7,95.64,97.58,"110,816,317"
3/21/2023,97,99.46,93.64,95.93,"85,285,333"
3/20/2023,96.3,96.94,92.9,96.81,"92,008,949"
3/17/2023,96.66,98.75,95.94,97.84,"94,080,842"
3/16/2023,89.72,96.69,89.02,96.6,"115,980,649"
3/15/2023,86.77,90.42,86.22,89.68,"86,177,424"
3/14/2023,83.67,88.3,83.59,87.45,"66,616,320"
3/13/2023,81.39,83.83,78.52,82.01,"65,269,120"
3/10/2023,84.47,85.45,81.63,82.67,"70,273,562"
3/9/2023,85.29,87.81,83.59,84.03,"79,496,691"
3/8/2023,82.79,85.77,82.28,85.37,"69,529,838"
3/7/2023,81.07,84.85,80.67,82.11,"70,959,009"
3/6/2023,82.03,83.3,81.04,81.16,"54,541,281"
3/3/2023,80.4,81.63,79.34,81.52,"54,536,217"
3/2/2023,77.57,80.92,76.65,80.44,"60,185,875"
3/1/2023,78.55,80.29,77.88,78.29,"44,265,984"
2/28/2023,77.87,80.14,77.42,78.58,"44,220,135"
2/27/2023,79.64,80.12,78.53,78.77,"45,617,297"
2/24/2023,77.75,78.81,76.94,78.09,"46,700,007"
2/23/2023,80.63,81.79,77.97,79.75,"76,391,342"
2/22/2023,76.93,78.13,75.92,76.61,"50,286,804"
2/21/2023,77.15,78.46,76.45,76.77,"44,045,643"
2/17/2023,79.6,79.65,77.37,78.5,"47,826,602"
2/16/2023,82.98,83.35,80.05,80.08,"57,755,166"
2/15/2023,85.1,85.89,83.32,85.18,"46,483,152"
2/14/2023,82.7,86.19,81.77,85.95,"55,979,653"
2/13/2023,81.57,84.15,80.9,83.13,"45,400,008"
2/10/2023,82.29,82.71,80.47,81.48,"49,332,598"
2/9/2023,85.88,86.67,82.76,83.21,"46,525,397"
2/8/2023,85.88,88,84.54,84.69,"54,140,448"
2/7/2023,84.32,86.25,82.52,85.91,"65,291,914"
2/6/2023,84.63,86.28,83.22,83.68,"53,008,890"
2/3/2023,86.66,88.8,85.83,86.09,"66,557,818"
2/2/2023,84.29,88.94,83.2,88.31,"97,762,091"
2/1/2023,78.47,85.48,77.88,84.64,"152,548,240"
1/31/2023,72.26,75.2,72.03,75.15,"71,669,107"
1/30/2023,74.23,74.64,72.4,72.45,"48,105,243"
1/27/2023,73.7,76.74,73.49,75.4,"58,118,610"
1/26/2023,76.5,77.08,74.28,75.16,"49,583,948"
1/25/2023,72.9,75.12,72.09,74.91,"49,932,595"
1/24/2023,73.75,75.64,73.42,74.7,"60,822,606"
1/23/2023,72.23,76.59,71.54,76.53,"84,293,199"
1/20/2023,68.01,70.13,67.45,70.07,"47,757,593"
1/19/2023,68.98,69.25,67.27,67.71,"47,189,852"
1/18/2023,71.87,72.78,70.5,70.53,"39,538,725"
1/17/2023,70.87,72.66,70.65,71.59,"42,621,340"
1/13/2023,69.84,71.1,69.23,71,"45,757,358"
1/12/2023,70.07,71.65,67.18,70.8,"70,066,161"
1/11/2023,68.39,69.13,67.22,69.06,"44,470,060"
1/10/2023,66.67,68.15,66.56,68.05,"41,149,630"
1/9/2023,66.22,69.32,65.67,67.24,"69,741,257"
1/6/2023,63.15,64.3,60.05,63.96,"70,161,340"
1/5/2023,64.15,64.35,62.3,62.33,"46,159,549"
1/4/2023,65,65.79,63.31,64.66,"47,477,139"
1/3/2023,66,66.88,63.59,64.02,"46,851,844"
12/30/2022,63.77,64.82,63.14,64.77,"37,126,975"
12/29/2022,63.64,65.18,63.06,64.82,"41,428,481"
12/28/2022,62.54,63.54,61.96,62.57,"39,526,483"
12/27/2022,63.87,64.28,62.97,63.27,"36,085,981"
12/23/2022,63.11,64.66,62.72,64.52,"45,923,000"
12/22/2022,66.08,66.31,62.26,63.86,"73,917,667"
12/21/2022,65.43,67.85,65.21,67.68,"44,167,575"
12/20/2022,63.76,66.06,63.52,65.05,"52,431,257"
12/19/2022,65.12,65.59,63.71,64.59,"46,246,911"
12/16/2022,66.25,67.19,64.8,65.41,"62,438,574"
12/15/2022,67.6,68.21,66.12,66.53,"58,557,045"
12/14/2022,70.93,72,68.32,68.93,"67,277,981"
12/13/2022,74.87,75.21,70.66,71.65,"72,458,043"
12/12/2022,68.54,70.67,67.53,70.67,"60,968,341"
12/9/2022,69.49,70.67,68.52,68.59,"59,058,319"
12/8/2022,70.14,71.23,69,70.47,"56,734,096"
12/7/2022,69.53,71.37,69.28,70.14,"59,180,109"
12/6/2022,73.08,73.39,69.4,70.27,"64,965,235"
12/5/2022,74.54,75.17,72.82,73.62,"47,022,185"
12/2/2022,75.05,76.28,73.65,74.98,"64,377,175"
12/1/2022,78.31,79.23,76.44,77.48,"59,833,354"
11/30/2022,73.38,77.7,72.81,77.63,"88,468,439"
11/29/2022,73.62,74.49,72.78,73.39,"51,846,449"
11/28/2022,73.81,75.47,72.57,73.19,"45,448,323"
11/25/2022,75.67,76.04,74.75,75.14,"26,018,911"
11/23/2022,75.49,78.22,75.3,76.4,"81,623,628"
11/22/2022,72.72,75.33,72.11,75.25,"55,450,160"
11/21/2022,72.21,72.98,71.57,72.46,"51,536,349"
11/18/2022,75.07,75.35,72.18,73.57,"73,223,214"
11/17/2022,70.56,74.38,70.16,73.9,"82,320,829"
11/16/2022,73.66,74.83,71.93,72.7,"79,967,998"
11/15/2022,77.26,79.16,75.39,76.37,"108,946,318"
11/14/2022,75.22,75.25,72.67,73.53,"108,892,750"
11/11/2022,69.58,73.32,68.29,72.37,"111,709,462"
11/10/2022,64.3,68.8,63.62,68.47,"107,996,331"
11/9/2022,62.28,63.05,59.8,59.92,"62,940,338"
11/8/2022,64.09,64.96,62.37,63.85,"75,938,045"
11/7/2022,62.93,63.53,61.4,63.08,"62,722,498"
11/4/2022,62.5,63,60.53,62.19,"84,791,349"
11/3/2022,58.11,62.28,58.03,60.11,"95,279,891"
11/2/2022,63,63.93,58.57,58.63,"142,669,440"
11/1/2022,61.49,61.99,59.43,59.66,"83,806,667"
10/31/2022,60.75,61.86,59.53,60.06,"73,274,137"
10/28/2022,59.1,62.35,58.92,62.01,"78,198,605"
10/27/2022,61.6,62.72,58.51,58.6,"83,871,440"
10/26/2022,59.69,61.77,59.15,59.73,"79,915,891"
10/25/2022,58.77,61.98,58.69,61.47,"85,501,881"
10/24/2022,58.57,59,56.66,58.7,"76,305,381"
10/21/2022,57.22,58.91,55.71,58.82,"95,366,369"
10/20/2022,57.47,60.2,57.4,57.77,"79,552,604"
10/19/2022,57.33,59.04,56.57,57.23,"75,704,837"
10/18/2022,59.91,60.49,56.4,57.92,"103,064,529"
10/17/2022,57.35,58.51,57.1,57.96,"76,977,604"
10/14/2022,59.6,59.94,55.84,55.94,"96,959,299"
10/13/2022,55.52,60.14,54.57,58.94,"131,159,784"
10/12/2022,57.45,58.32,56.32,57.85,"89,264,184"
10/11/2022,57.21,58.92,56.05,57.63,"114,054,838"
10/10/2022,57.31,58.79,56.3,57.81,"112,241,785"
10/7/2022,64.01,64.03,58.22,58.44,"163,786,265"
10/6/2022,67.82,70.29,67.66,67.85,"98,325,917"
10/5/2022,66.59,68.69,64.52,67.94,"87,127,384"
10/4/2022,68.27,69.18,67.33,67.9,"77,160,479"
10/3/2022,64.46,66.91,63.39,66.11,"83,841,632"
9/30/2022,63.62,65.91,63.34,63.36,"81,664,125"
9/29/2022,67.15,67.2,62.83,64.14,"102,552,389"
9/28/2022,67.11,68.8,66.56,68.36,"72,389,462"
9/27/2022,67.9,68.78,66,67.17,"94,871,793"
9/26/2022,67.87,68.74,66.25,66.3,"82,898,693"
9/23/2022,68,69.08,66.82,67.96,"87,689,951"
9/22/2022,73.89,74.29,69.17,69.5,"101,436,851"
9/21/2022,75.44,78.41,74.45,74.48,"82,069,703"
9/20/2022,76.08,76.58,74.73,75.25,"51,129,084"
9/19/2022,75.39,77.34,75.35,76.77,"64,966,909"
9/16/2022,75.62,76.82,74.68,76.51,"75,300,178"
9/15/2022,76.64,77.97,74.91,76.66,"81,817,966"
9/14/2022,77.1,78.08,75.87,77.45,"71,482,997"
9/13/2022,80.96,81.47,76.8,77.03,"80,921,218"
9/12/2022,84.89,85.35,83.46,84.64,"71,922,542"
9/9/2022,84.03,85.68,83.84,85.45,"68,936,919"
9/8/2022,80.03,83.45,79.24,82.78,"89,089,304"
9/7/2022,79.24,80.25,77.74,79.61,"67,891,169"
9/6/2022,80.41,80.89,78.37,78.72,"68,727,299"
9/2/2022,83.32,83.65,79.81,80.24,"84,924,445"
9/1/2022,82.35,82.76,78.52,82.33,"94,854,710"
8/31/2022,86.28,86.72,83.72,84.87,"64,991,720"
8/30/2022,90.06,90.15,85.34,86.94,"69,087,118"
8/29/2022,90.05,91.19,88.26,88.49,"61,142,538"
8/26/2022,96.29,97.6,91.12,91.18,"65,552,540"
8/25/2022,93.14,97.57,93.14,97.18,"61,016,201"
8/24/2022,92.21,93.38,90.9,92.73,"56,520,431"
8/23/2022,92.39,94.44,92.11,92.49,"52,590,673"
8/22/2022,94.4,95.02,92.36,92.84,"61,837,284"
8/19/2022,98.67,99.25,94.59,95.95,"67,221,693"
8/18/2022,97.74,101.07,96.73,100.44,"76,059,523"
8/17/2022,99.26,99.64,96.73,98.27,"63,735,583"
8/16/2022,100.84,101.45,98.32,100.2,"60,220,671"
8/15/2022,100.51,101.85,99.8,101.01,"61,327,142"
8/12/2022,99.2,101.4,98.48,100.83,"72,316,345"
8/11/2022,99.93,102.37,98,98.12,"77,516,860"
8/10/2022,98.45,99.35,95.61,99.05,"83,416,119"
8/9/2022,97.95,98.05,93.67,95.54,"89,473,663"
8/8/2022,100.06,101.8,97.99,100.07,"92,692,592"
8/5/2022,101.05,103.86,100.98,102.31,"93,859,876"
8/4/2022,97.5,104.59,97.26,103.91,"125,855,773"
8/3/2022,94.83,98.77,93.62,98.09,"131,142,046"
8/2/2022,95.71,100.92,95.36,99.29,"116,734,097"
8/1/2022,95.59,98.39,93.96,96.78,"96,477,499"
7/29/2022,90.7,94.81,90.56,94.47,"76,630,707"
7/28/2022,90.42,92.22,88.59,91.67,"79,009,185"
7/27/2022,86.94,90.62,86.29,89.82,"78,301,564"
7/26/2022,87,87.75,84.71,85.25,"69,180,367"
7/25/2022,86.57,87.6,85.12,87.54,"70,083,006"
7/22/2022,90.2,90.69,87.04,88.1,"76,989,702"
7/21/2022,89.6,91.58,88.22,91.09,"90,449,338"
7/20/2022,85.39,89.92,85.08,89.43,"88,348,558"
7/19/2022,82.76,86.41,82.19,85.88,"85,047,506"
7/18/2022,82.21,84.47,80.94,81.43,"90,464,334"
7/15/2022,79.36,81.2,77.9,81.11,"76,050,597"
7/14/2022,78.23,79.25,76,78.6,"83,493,646"
7/13/2022,74.94,79.11,74.48,77.52,"79,354,976"
7/12/2022,76.98,77.44,74.43,76.36,"77,873,214"
7/11/2022,77.85,78.29,75.84,76.95,"76,247,536"
7/8/2022,78.31,80.47,77.4,79.35,"83,405,931"
7/7/2022,77.2,79.99,76.9,79.3,"83,640,945"
7/6/2022,75.17,76.28,73.55,75.35,"85,458,857"
7/5/2022,71.98,75.21,71.6,75.2,"95,685,751"
7/1/2022,75.19,75.45,72.69,73.67,"87,734,237"
6/30/2022,77.73,78.91,75.48,76.47,"105,368,616"
6/29/2022,79.55,79.75,76.51,77.99,"104,140,895"
6/28/2022,85.71,86.73,80.43,80.78,"95,752,533"
6/27/2022,87.36,88.22,85.25,86.16,"74,663,487"
6/24/2022,83.56,87.53,83.08,87.08,"88,553,886"
6/23/2022,84.32,84.41,80.23,82.43,"100,614,559"
6/22/2022,84.4,86.38,83.3,83.75,"86,634,716"
6/21/2022,84.17,85.81,82.6,83.79,"87,780,567"
6/17/2022,82.19,82.94,79.43,81.57,"105,212,293"
6/16/2022,86.63,86.73,80.64,82.05,"102,433,342"
6/15/2022,87.9,90.86,86.19,89.3,"95,774,807"
6/14/2022,87.41,88.3,85.82,86.99,"84,066,567"
6/13/2022,91.26,92.03,86.64,86.99,"98,148,812"
6/10/2022,98.82,99.93,94.25,94.82,"102,212,244"
6/9/2022,101.57,103.94,98.74,98.8,"95,298,975"
6/8/2022,104.57,105.85,100.41,101.9,"97,641,865"
6/7/2022,104.24,106.24,102.61,105.28,"79,022,851"
6/6/2022,108.27,109.57,104.23,105.65,"96,726,891"
6/3/2022,105.8,109.39,104.65,106.3,"110,844,697"
6/2/2022,100.78,109.5,100.78,108.59,"120,953,796"
6/1/2022,102.13,103.57,99.55,101.22,"99,351,389"
5/31/2022,102.43,104.55,100.04,101.86,"125,102,894"
5/27/2022,100.14,102.4,99.38,102.26,"104,348,440"
5/26/2022,91.34,100.33,90.74,98.75,"128,792,745"
5/25/2022,90.43,93.89,89.52,92.65,"111,771,116"
5/24/2022,92.54,93.42,89.62,91.16,"123,341,410"
5/23/2022,91.66,95.19,90.92,95.07,"128,773,040"
5/20/2022,98.39,98.64,88.26,93.5,"164,126,807"
5/19/2022,96.69,100.69,95.09,96.67,"141,506,169"
5/18/2022,100,104.22,95.71,96.28,"142,603,246"
5/17/2022,97.88,103.2,97.54,102.47,"164,227,181"
5/16/2022,93.86,98.17,93.08,94.24,"131,065,665"
5/13/2022,88.3,96.57,88.22,95.12,"138,068,073"
5/12/2022,86.6,88.55,83.27,87.06,"129,214,223"
5/11/2022,87.84,93.46,86.53,87.92,"136,137,858"
5/10/2022,89.18,90.77,85.41,88.73,"137,235,451"
5/9/2022,92.87,93.74,85.38,86.36,"144,523,668"
5/6/2022,94.34,98.18,92.65,95.34,"144,286,560"
5/5/2022,97.65,97.84,92.17,93.87,"153,129,770"
5/4/2022,98.18,99.69,91.7,99.42,"225,394,075"
5/3/2022,89.85,92.21,89.01,91.13,"126,381,846"
5/2/2022,85.66,90.37,85.32,89.84,"98,304,091"
4/29/2022,88.05,91.79,85.38,85.52,"82,647,701"
4/28/2022,86.67,90.58,84.78,89.64,"91,495,449"
4/27/2022,84.25,87.9,84.02,84.91,"83,125,054"
4/26/2022,89.74,90.12,85.08,85.16,"89,127,399"
4/25/2022,89.86,91.37,88.61,90.69,"93,481,042"
4/22/2022,90.03,91.46,87.94,88.14,"75,017,652"
4/21/2022,95.16,96.23,89.24,89.85,"76,680,635"
4/20/2022,97.84,97.91,93.2,94.02,"62,489,047"
4/19/2022,93.39,97.07,92.84,96.93,"77,069,496"
4/18/2022,92.03,95.16,91.64,93.89,"80,605,752"
4/14/2022,98.37,98.39,92.92,93.06,"73,354,367"
4/13/2022,95.3,98.33,94.71,97.74,"77,728,418"
4/12/2022,98.78,99.59,94.6,95.1,"89,246,449"
4/11/2022,98.6,98.67,95.94,97.37,"95,527,655"
4/8/2022,102.51,102.99,100.42,101,"92,746,663"
4/7/2022,103.92,105.24,100.91,103.72,"91,895,526"
4/6/2022,104.45,105.74,101.71,103.67,"105,256,602"
4/5/2022,109.69,110.48,106.05,106.82,"79,531,959"
4/4/2022,109.97,110.94,107.03,110.53,"90,220,034"
4/1/2022,110.48,111.42,106.1,108.19,"111,867,074"
3/31/2022,116.31,116.38,109.02,109.34,"147,004,790"
3/30/2022,123.04,125.67,118.59,119.22,"99,476,946"
3/29/2022,122.28,123.71,119.59,123.23,"94,143,028"
3/28/2022,117.7,120.41,116.71,120.24,"92,966,149"
3/25/2022,119.92,121.4,117.25,119.67,"95,852,381"
3/24/2022,114.96,120.55,113.71,120.53,"121,961,329"
3/23/2022,114.29,117.55,112.21,113.92,"90,579,150"
3/22/2022,115.43,117.95,113.81,114.78,"101,672,560"
3/21/2022,113.73,117.57,112.54,115.92,"101,905,850"
3/18/2022,111.28,114.93,110.55,113.46,"105,834,793"
3/17/2022,112.14,114.27,109.71,111.69,"103,201,695"
3/16/2022,111.6,115.42,109.89,115.37,"113,689,804"
3/15/2022,102.66,109.69,101.79,109.33,"112,425,543"
3/14/2022,102.99,105.24,101.04,102.25,"89,731,676"
3/11/2022,108.13,108.19,104.08,104.29,"87,584,432"
3/10/2022,108.89,109.07,103.07,106.46,"102,557,375"
3/9/2022,108.41,111.71,106.85,111.05,"102,310,329"
3/8/2022,102.81,109.9,100.08,105.53,"135,348,316"
3/7/2022,108.53,109.53,102.82,102.95,"92,599,972"
3/4/2022,112,113,106.81,108.41,"100,671,339"
3/3/2022,118.13,118.26,111.05,111.98,"123,916,721"
3/2/2022,115.47,119.48,113.31,118.28,"118,354,509"
3/1/2022,122.33,122.43,112.8,113.83,"126,552,244"
2/28/2022,120.31,124.61,119.2,123.34,"124,666,142"
2/25/2022,117.16,121.23,116.04,121.06,"127,820,983"
2/24/2022,104.56,116.96,104.26,116.61,"142,956,572"
2/23/2022,117.4,118.65,109.04,109.76,"120,299,433"
2/22/2022,115.27,119.2,113.61,115.65,"141,648,454"
2/18/2022,113.9,115.64,109.89,113.83,"114,321,231"
2/17/2022,116.26,116.98,112.26,112.37,"98,179,641"
2/16/2022,119.05,119.54,114.22,117.69,"119,109,631"
2/15/2022,117.19,121.88,114.36,121.47,"144,139,671"
2/14/2022,115.51,118.37,113.46,114.27,"135,146,410"
2/11/2022,126.14,127.17,111.81,113.18,"164,723,241"
2/10/2022,128.84,131.76,124.61,125.77,"108,939,859"
2/9/2022,129.6,132.96,127.65,132.85,"92,948,862"
2/8/2022,122.38,128.71,122.05,128.23,"84,902,753"
2/7/2022,123.56,127.63,122.79,123.67,"81,672,504"
2/4/2022,120.34,124.96,118.58,123.6,"86,212,008"
2/3/2022,120.32,125.37,118.82,120.08,"103,599,467"
2/2/2022,129.89,130.06,120.64,122.76,"180,064,993"
2/1/2022,116.75,117.26,112.73,116.78,"122,467,874"
1/31/2022,107.93,114.31,106.9,114.25,"97,205,994"
1/28/2022,101.55,105.4,99.35,105.24,"98,749,521"
1/27/2022,111.96,112.75,101.94,102.6,"125,954,124"
1/26/2022,114.55,117.16,108.63,110.71,"94,752,613"
1/25/2022,114.1,114.82,109.86,111.13,"85,102,907"
1/24/2022,115.4,116.77,107.5,116.53,"116,301,816"
1/21/2022,120.14,125.02,118.39,118.81,"95,685,268"
1/20/2022,126.04,128.51,121.41,121.89,"91,157,293"
1/19/2022,133.55,134.57,128.02,128.27,"69,831,849"
1/18/2022,134.5,136.39,131.59,131.93,"56,589,456"
1/14/2022,131.68,137,131.43,136.88,"71,078,438"
1/13/2022,139.44,141.25,131.81,132.74,"76,618,059"
1/12/2022,138.59,140.57,135.77,137.47,"69,669,598"
1/11/2022,133.45,138.99,131.59,137.31,"77,153,906"
1/10/2022,129.08,132.42,125.03,132,"84,671,336"
1/7/2022,136.28,137.44,131.13,132,"58,441,104"
1/6/2022,136.19,138,131.77,136.23,"64,802,937"
1/5/2022,142.82,143.76,135.29,136.15,"65,403,174"
1/4/2022,151.01,152.42,140.7,144.42,"80,200,455"
1/3/2022,145.14,151.65,145.02,150.24,"59,477,667"
12/31/2021,146.16,148.61,143.55,143.9,"49,448,144"
12/30/2021,147.44,148.85,144.85,145.15,"44,357,997"
12/29/2021,152.82,154.34,147.29,148.26,"51,300,205"
12/28/2021,155.88,156.73,151.38,153.15,"58,699,069"
12/27/2021,147.51,154.89,147.25,154.36,"53,296,375"
12/23/2021,143.89,149.02,143.85,146.14,"48,653,789"
12/22/2021,142.65,144.5,140.27,143.88,"46,923,682"
12/21/2021,138.19,144.5,135.15,144.25,"57,785,243"
12/20/2021,135.97,138.26,133.52,135.8,"38,195,396"
12/17/2021,136.3,142.04,136.11,137.75,"55,692,280"
12/16/2021,147,147.93,137.02,138.64,"63,369,550"
12/15/2021,135.11,146.69,133.81,146.5,"72,425,783"
12/14/2021,131.67,137.24,130.6,135.6,"50,754,642"
12/13/2021,138.25,139.4,133.42,133.8,"42,173,963"
12/10/2021,141.29,141.37,135.82,138.55,"42,224,275"
12/9/2021,145.16,146.69,137.8,138.1,"53,019,926"
12/8/2021,144.96,147.04,142.7,145.24,"40,977,478"
12/7/2021,143.9,145.76,141,144.85,"53,359,432"
12/6/2021,141.14,141.31,134.2,139.06,"66,776,493"
12/3/2021,151.65,152.38,140.72,144.01,"65,910,028"
12/2/2021,147.68,152.53,146.47,150.68,"56,161,216"
12/1/2021,160.37,160.88,148.92,149.11,"64,185,119"
11/30/2021,163.28,164.46,155.68,158.37,"75,182,545"
11/29/2021,157.5,162.51,156.1,161.91,"57,438,867"
11/26/2021,155.8,158.1,152.81,154.81,"36,245,068"
11/24/2021,149.46,157.93,147.19,157.8,"60,677,062"
11/23/2021,150.41,152.66,145.3,149.92,"62,852,705"
11/22/2021,157.14,161.88,152.39,152.52,"58,674,078"
11/19/2021,155.76,156.92,153.45,155.41,"41,668,862"
11/18/2021,157.07,158.89,152.56,155.02,"60,612,733"
11/17/2021,151.98,154.66,149.69,151.34,"54,527,482"
11/16/2021,145.93,153.08,145.34,152.45,"53,100,810"
11/15/2021,148,148.98,142.86,146.49,"52,271,271"
11/12/2021,146.03,148.59,144.25,147.89,"52,162,136"
11/11/2021,142.96,146.47,140.84,146.01,"67,934,845"
11/10/2021,143.93,146.3,138.52,139.87,"82,989,151"
11/9/2021,154.01,155.65,143.89,148.92,"98,442,597"
11/8/2021,137.7,153.6,137.7,150.16,"141,493,842"
11/5/2021,139.19,141.22,134.42,136.34,"64,920,597"
11/4/2021,132.01,139,130.77,137.5,"84,825,156"
11/3/2021,127.75,130.6,126.79,130.53,"59,537,815"
11/2/2021,124.98,128.46,124.2,127.63,"53,491,937"
11/1/2021,119.45,125.67,118.13,125.23,"54,559,780"
10/29/2021,120.95,122.57,119.88,120.23,"43,320,125"
10/28/2021,122.86,123.5,120.26,121.16,"58,002,459"
10/27/2021,121.63,128.08,121.05,122.28,"98,245,324"
10/26/2021,122.99,127.2,122.58,122.93,"59,458,928"
10/25/2021,120.52,123.46,118.6,122.36,"47,834,118"
10/22/2021,120.83,121.56,118.37,119.82,"38,992,694"
10/21/2021,116.5,119.68,116.26,119.33,"34,794,945"
10/20/2021,116.29,118.3,115.42,116.39,"34,244,811"
10/19/2021,116.16,117.17,114.47,116.33,"39,593,938"
10/18/2021,111.9,116.88,111.37,116.43,"47,537,763"
10/15/2021,112.51,112.84,111.11,112.12,"34,203,008"
10/14/2021,110.5,112.22,109.63,111.99,"46,900,157"
10/13/2021,106.28,109.88,106.25,109.16,"55,631,917"
10/12/2021,105.17,106.04,104.34,105.04,"34,039,906"
10/11/2021,104.62,107.2,104.02,104.68,"31,284,389"
10/8/2021,106.55,107.28,104.89,105.06,"30,623,047"
10/7/2021,104.6,107.95,104.46,106.45,"41,543,109"
10/6/2021,100.45,103.72,100.35,103.64,"39,071,703"
10/5/2021,100.92,102.87,100.61,101.81,"31,455,249"
10/4/2021,101.74,101.85,99.82,100.34,"41,967,149"
10/1/2021,102.6,103,100.64,102.45,"41,491,585"
9/30/2021,102.08,104.44,101.99,102.9,"57,636,700"
9/29/2021,102.3,102.66,99.81,100.35,"52,224,721"
9/28/2021,106.84,107.65,101.42,101.52,"74,468,968"
9/27/2021,105.07,108.44,103.44,108.16,"51,944,349"
9/24/2021,105.19,106.05,104.68,105.8,"26,482,610"
9/23/2021,104.89,106.86,103.89,106.15,"32,816,657"
9/22/2021,102.82,104.56,102.21,104.38,"34,126,280"
9/21/2021,102.15,103.43,101.18,102.82,"35,481,501"
9/20/2021,101.58,102.51,99.51,101.55,"45,228,411"
9/17/2021,105.56,105.98,103.71,103.88,"44,528,337"
9/16/2021,104.92,106.75,103.76,106.22,"38,150,269"
9/15/2021,106,106.32,104.03,105.6,"37,998,941"
9/14/2021,105.52,106.82,104.42,105.73,"40,629,527"
9/13/2021,105.26,105.28,102.63,104.8,"37,767,787"
9/10/2021,106.99,106.99,104.98,105.2,"32,602,293"
9/9/2021,106.56,107.3,105.84,106.15,"31,857,873"
9/8/2021,108.88,109.3,105.52,106.17,"43,067,911"
9/7/2021,109.96,110.58,108.66,109.15,"28,815,232"
9/3/2021,108.85,111.17,108.5,109.92,"42,623,780"
9/2/2021,110.32,110.88,108.77,109.2,"40,108,763"
9/1/2021,111.3,111.85,109.85,109.99,"38,579,559"
8/31/2021,111.26,111.26,109.03,110.72,"49,338,955"
8/30/2021,112.61,114.49,111.26,111.32,"56,130,467"
8/27/2021,108.01,111.78,107.8,111.4,"61,030,014"
8/26/2021,108.57,109.23,106.84,107.27,"51,442,548"
8/25/2021,108.13,109.91,107.45,108.3,"45,485,504"
8/24/2021,109.45,109.61,107.28,107.65,"51,239,297"
8/23/2021,105.3,109.02,104.86,108.77,"68,835,281"
8/20/2021,104.32,105.98,103.99,104.65,"55,227,562"
8/19/2021,103.32,106.18,101.98,103.7,"71,117,494"
8/18/2021,107.35,108.07,103.27,103.44,"79,387,943"
8/17/2021,106.64,108.7,105.35,107.56,"74,053,905"
8/16/2021,110.2,111.58,105.87,107.48,"73,398,938"
8/13/2021,107.17,111.71,106.57,110.55,"100,135,745"
8/12/2021,107.39,108.44,105.86,106.5,"60,625,725"
8/11/2021,107.6,109.79,105.62,107.68,"91,788,289"
8/10/2021,107.9,109.17,104.36,106.48,"113,012,297"
8/9/2021,111.31,112.33,107.06,107.58,"115,749,943"
8/6/2021,110.55,116.26,109.7,110.11,"143,899,026"
8/5/2021,116.63,117.68,111.59,112.35,"137,860,865"
8/4/2021,114.36,122.49,114.16,118.77,"225,368,699"
8/3/2021,108.15,114.85,107.66,112.56,"157,723,142"
8/2/2021,105.93,110.33,103.83,108.63,"115,581,854"
7/30/2021,101.6,106.97,101.38,106.19,"125,632,018"
7/29/2021,96.58,105.74,96.58,102.95,"164,091,761"
7/28/2021,93.44,98.71,89.65,97.93,"140,561,028"
7/27/2021,92.94,94.1,89.1,91.03,"69,427,021"
7/26/2021,92.01,92.75,91.12,91.82,"27,668,459"
7/23/2021,91.35,92.37,90.19,92.15,"31,708,899"
7/22/2021,89.4,91.36,89.08,91.21,"33,730,078"
7/21/2021,87.25,89.49,86.9,89.41,"29,469,864"
7/20/2021,87.09,87.77,85.17,87.11,"28,088,956"
7/19/2021,84.99,87.23,84.24,86.58,"39,244,796"
7/16/2021,87.32,88.03,85.68,85.89,"35,860,740"
7/15/2021,89.78,89.78,86.18,86.93,"38,944,741"
7/14/2021,90.76,91.4,88.94,89.05,"28,108,505"
7/13/2021,90.48,91.41,89.83,90.26,"30,367,595"
7/12/2021,91.22,91.9,89.65,90.81,"28,526,559"
7/9/2021,90.04,91.26,88.53,90.9,"35,278,416"
7/8/2021,87.86,90.34,87.45,89.74,"45,673,454"
7/7/2021,95.02,95.44,90.31,90.54,"51,498,481"
7/6/2021,94.88,95.41,93.32,94.47,"44,930,119"
7/2/2021,93.28,95.27,92.21,94.7,"51,342,975"
7/1/2021,94.04,94.18,91.7,93.31,"58,059,019"
6/30/2021,90.82,94.34,90.6,93.93,"70,721,525"
6/29/2021,87.41,90.3,86.66,89.52,"46,181,000"
6/28/2021,86.38,88,86.15,87.08,"30,262,042"
6/25/2021,86.34,86.36,85.1,85.62,"27,804,535"
6/24/2021,84.39,87.14,84.37,86.1,"42,217,665"
6/23/2021,83.83,84.49,83.16,83.82,"25,992,435"
6/22/2021,82.9,84.04,82.48,83.58,"32,107,700"
6/21/2021,83.49,84.19,82.21,82.59,"44,417,112"
6/18/2021,84.28,85.77,83.48,84.65,"58,736,805"
6/17/2021,80.77,85.37,80.57,84.56,"77,822,823"
6/16/2021,80.75,81.45,78.96,80.11,"29,598,309"
6/15/2021,81.59,81.68,80.23,80.47,"26,194,342"
6/14/2021,81.51,81.55,80.2,81.55,"27,830,243"
6/11/2021,81.61,82.33,80.7,81.31,"24,310,894"
6/10/2021,80.02,81.71,79.7,81.56,"28,606,356"
6/9/2021,81.09,81.68,79.8,79.96,"28,454,646"
6/8/2021,81.87,82.65,80.45,80.89,"26,956,625"
6/7/2021,81.4,81.68,80.38,81.35,"29,006,782"
6/4/2021,80.92,82.19,80.81,81.58,"26,387,799"
6/3/2021,81.13,81.89,80.26,80.28,"29,811,969"
6/2/2021,81,82.6,80.66,81.97,"35,203,224"
6/1/2021,81.01,82.91,80.66,80.81,"43,433,042"
5/28/2021,78.66,81.09,78.66,80.08,"40,952,663"
5/27/2021,78.11,78.43,77.47,78.42,"35,883,219"
5/26/2021,77.83,78.59,77.59,78.34,"30,353,997"
5/25/2021,77.33,78.77,76.84,77.86,"47,353,101"
5/24/2021,77.26,78.01,76.8,77.44,"33,194,287"
5/21/2021,78.55,78.81,77.04,77.17,"40,201,088"
5/20/2021,76.81,78.27,76.25,78.06,"49,135,012"
5/19/2021,73.16,76.97,72.76,76.23,"73,966,162"
5/18/2021,74.74,75.77,74.24,74.44,"31,982,482"
5/17/2021,74.22,75.52,73.41,74.65,"40,779,244"
5/14/2021,74.02,75.03,72.72,74.59,"38,355,787"
5/13/2021,75.21,75.7,72.5,73.09,"48,646,754"
5/12/2021,75.09,76.13,74.16,74.64,"42,531,423"
5/11/2021,73.57,76.93,72.75,76.83,"51,008,239"
5/10/2021,78.2,78.3,75.92,75.99,"45,134,490"
5/7/2021,78.75,79.57,78.22,78.81,"36,954,179"
5/6/2021,77.63,78.06,76.47,77.89,"38,661,325"
5/5/2021,79.05,79.3,77.36,77.83,"42,310,154"
5/4/2021,77.95,78.67,77.04,78.61,"59,194,328"
5/3/2021,81.97,82,78.46,78.55,"66,323,268"
4/30/2021,82.97,84.1,81.42,81.62,"46,601,858"
4/29/2021,84.7,85.27,82.63,83.91,"51,294,528"
4/28/2021,88.85,89.2,83.92,84.02,"108,920,306"
4/27/2021,85.67,87.15,85.13,85.21,"61,909,865"
4/26/2021,83.35,85.9,82.7,85.41,"57,594,535"
4/23/2021,80.21,83.3,79.96,82.76,"49,267,281"
4/22/2021,81.61,81.79,78.59,79.06,"38,846,050"
4/21/2021,78.99,81.66,78.86,81.61,"35,068,955"
4/20/2021,80.82,81.11,78.51,79.27,"34,977,750"
4/19/2021,82.13,83.18,80.39,81.11,"39,115,461"
4/16/2021,83.3,83.59,81.53,82.15,"47,280,570"
4/15/2021,80.32,83.95,79.97,83.01,"68,942,819"
4/14/2021,79.88,80.13,77.94,78.55,"34,263,832"
4/13/2021,79.67,80.72,78.98,80.19,"37,767,257"
4/12/2021,82.06,82.18,78.03,78.58,"62,098,804"
4/9/2021,82.8,83.59,82.16,82.76,"32,759,867"
4/8/2021,83.32,83.79,82.44,83.35,"41,925,284"
4/7/2021,81.32,83.1,80.35,82.2,"35,590,925"
4/6/2021,81.21,82.46,80.88,81.44,"29,327,948"
4/5/2021,81.74,81.9,80.39,81.43,"32,610,554"
4/1/2021,80.16,81.31,79.48,81.09,"40,182,380"
3/31/2021,76.57,79.13,76.52,78.5,"43,659,455"
3/30/2021,76.47,76.56,74.85,76,"39,169,250"
3/29/2021,77.03,78.02,76.26,77.14,"37,144,298"
3/26/2021,76.62,77.5,75.03,77.41,"49,148,659"
3/25/2021,75.85,76.95,74.96,76.22,"44,735,103"
3/24/2021,77.55,78.8,76.4,76.48,"43,753,642"
3/23/2021,80.13,80.34,77.95,78.38,"40,466,635"
3/22/2021,79.99,81.27,79.22,80.3,"39,648,614"
3/19/2021,78.49,79.34,77.59,79.06,"42,283,391"
3/18/2021,81.06,81.62,78.01,78.12,"51,036,502"
3/17/2021,81.75,83.25,80.41,82.63,"43,320,573"
3/16/2021,83.66,84.75,82.26,82.75,"42,971,552"
3/15/2021,81.91,83.39,81.2,82.5,"39,365,424"
3/12/2021,79.73,81.19,79.23,81.05,"32,937,950"
3/11/2021,79.4,81.89,79.37,81.23,"43,583,719"
3/10/2021,79.75,80.04,77.41,77.52,"45,416,616"
3/9/2021,76.73,79.22,75.77,78.53,"45,088,336"
3/8/2021,78.03,79,73.86,73.96,"54,563,874"
3/5/2021,79,79.48,74.2,78.52,"58,548,912"
3/4/2021,80.23,81.81,76.78,77.75,"60,549,371"
3/3/2021,84.28,84.38,80.85,80.86,"43,541,041"
3/2/2021,86.92,86.95,84.04,84.13,"34,828,157"
3/1/2021,85.37,86.5,83.97,86.39,"32,746,181"
2/26/2021,83.57,85.59,82.91,84.51,"48,962,907"
2/25/2021,86.17,87.09,81.92,82.42,"54,625,140"
2/24/2021,84.33,87.09,82.81,86.94,"40,821,150"
2/23/2021,83.4,85.11,79.36,84.74,"49,720,914"
2/22/2021,88.15,88.3,85.21,85.37,"36,930,182"
2/19/2021,89.75,90.42,88.69,89.58,"29,548,273"
2/18/2021,89.09,89.6,87.31,88.64,"35,624,948"
2/17/2021,90.56,90.96,88.57,89.94,"32,284,075"
2/16/2021,93.9,94,90.75,91.46,"35,105,917"
2/12/2021,92.75,94.22,91.9,93.77,"38,538,353"
2/11/2021,92.9,93.65,91.33,92.66,"35,571,025"
2/10/2021,91.5,93.27,90.46,92.35,"42,441,300"
2/9/2021,91.39,93.3,90.55,90.91,"37,596,446"
2/8/2021,88.31,91.99,87.98,91.47,"47,639,887"
2/5/2021,88.15,88.36,86.88,87.9,"30,268,677"
2/4/2021,88.22,88.6,87.06,87.84,"30,791,641"
2/3/2021,88.6,89.48,87.34,87.89,"32,312,885"
2/2/2021,88.49,89.28,86.95,88.86,"33,850,049"
2/1/2021,86.83,87.95,84.66,87.66,"42,359,344"
1/29/2021,87.56,88.33,85.02,85.64,"56,735,828"
1/28/2021,89.83,89.88,87.3,87.52,"47,048,362"
1/27/2021,91.1,91.88,86.22,88.84,"73,341,193"
1/26/2021,94.91,95.72,93.63,94.71,"59,449,053"
1/25/2021,94.14,95.74,91.4,94.13,"55,086,943"
1/22/2021,94.42,95.95,91.88,92.79,"71,294,707"
1/21/2021,89.34,92.07,88.43,91.53,"54,596,079"
1/20/2021,90.55,90.78,88.6,88.75,"35,185,810"
1/19/2021,89.56,89.58,87.24,89.45,"45,115,055"
1/15/2021,90.75,91.59,87.86,88.21,"49,340,338"
1/14/2021,91.77,92.36,90.45,90.79,"53,408,241"
1/13/2021,93.01,93.89,90.84,91.78,"60,712,896"
1/12/2021,97.86,98.97,94.07,95.36,"67,672,311"
1/11/2021,94.03,99.23,93.76,97.25,"48,669,103"
1/8/2021,95.98,96.4,93.27,94.58,"39,816,400"
1/7/2021,91.33,95.51,91.2,95.16,"42,897,157"
1/6/2021,91.62,92.28,89.46,90.33,"51,911,657"
1/5/2021,92.1,93.21,91.41,92.77,"34,207,989"
1/4/2021,92.11,96.06,90.92,92.3,"51,802,552"
12/31/2020,92.1,92.3,90.87,91.71,"24,930,684"
12/30/2020,90.78,92.85,90.19,92.29,"25,844,973"
12/29/2020,91.66,92.46,89.43,90.62,"31,748,211"
12/28/2020,92.93,93.14,90.82,91.6,"30,627,297"
