,AMZN (NASD),,,,
Date,Open,High,Low,Close,Volume
12/23/2025,229.06,232.45,228.73,232.14,"29,230,233"
12/22/2025,228.61,229.48,226.71,228.43,"32,261,329"
12/19/2025,226.76,229.13,225.58,227.35,"85,544,374"
12/18/2025,225.71,229.23,224.41,226.76,"50,272,419"
12/17/2025,224.66,225.19,220.99,221.27,"44,034,418"
12/16/2025,223.04,223.66,221.13,222.56,"39,298,857"
12/15/2025,227.93,227.93,221.5,222.54,"47,286,085"
12/12/2025,229.87,230.08,225.12,226.19,"35,639,118"
12/11/2025,230.71,232.11,228.69,230.28,"28,249,599"
12/10/2025,228.81,232.42,228.46,231.78,"38,790,736"
12/9/2025,226.84,228.57,225.11,227.92,"25,841,743"
12/8/2025,229.59,230.83,226.27,226.89,"35,019,174"
12/5/2025,230.32,231.24,228.55,229.53,"33,117,377"
12/4/2025,232.77,233.5,226.8,229.11,"45,683,224"
12/3/2025,233.35,233.38,230.61,232.38,"35,495,058"
12/2/2025,235.01,238.97,233.55,234.42,"45,785,363"
12/1/2025,233.22,235.8,232.25,233.88,"42,903,954"
11/28/2025,231.24,233.29,230.22,233.22,"20,292,329"
11/26/2025,230.74,231.75,228.77,229.16,"38,497,922"
11/25/2025,226.38,230.52,223.8,229.67,"39,379,339"
11/24/2025,222.56,227.33,222.27,226.28,"54,318,395"
11/21/2025,216.35,222.21,215.18,220.69,"68,490,464"
11/20/2025,227.05,227.41,216.74,217.14,"50,308,962"
11/19/2025,223.74,223.74,218.52,222.69,"58,335,643"
11/18/2025,228.1,230.2,222.42,222.55,"60,608,442"
11/17/2025,233.25,234.6,229.19,232.87,"59,919,018"
11/14/2025,235.06,238.73,232.89,234.69,"38,956,669"
11/13/2025,243.05,243.75,236.5,237.58,"41,401,738"
11/12/2025,250.24,250.37,243.75,244.2,"31,190,063"
11/11/2025,248.41,249.75,247.23,249.1,"23,564,060"
11/10/2025,248.34,251.75,245.59,248.4,"36,476,514"
11/7/2025,242.9,244.9,238.49,244.41,"46,374,294"
11/6/2025,249.16,250.38,242.17,243.04,"46,004,203"
11/5/2025,249.03,251,246.16,250.2,"40,610,702"
11/4/2025,250.38,257.01,248.66,249.32,"51,546,311"
11/3/2025,255.36,258.6,252.9,254,"95,997,816"
10/31/2025,250.1,250.5,243.98,244.22,"166,340,808"
10/30/2025,227.06,228.44,222.75,222.86,"102,252,937"
10/29/2025,231.67,232.82,227.76,230.3,"52,036,151"
10/28/2025,228.22,231.49,226.21,229.25,"47,100,026"
10/27/2025,227.66,228.4,225.54,226.97,"38,266,995"
10/24/2025,221.97,225.4,221.9,224.21,"38,685,053"
10/23/2025,219,221.3,218.18,221.09,"31,539,999"
10/22/2025,219.3,220.01,216.52,217.95,"44,308,538"
10/21/2025,218.43,223.32,217.99,222.03,"50,494,565"
10/20/2025,213.88,216.69,213.59,216.48,"38,882,819"
10/17/2025,214.56,214.8,211.03,213.04,"45,986,944"
10/16/2025,215.67,218.59,212.81,214.47,"42,414,591"
10/15/2025,216.62,217.71,212.66,215.57,"45,909,469"
10/14/2025,215.56,219.32,212.6,216.39,"45,665,580"
10/13/2025,217.7,220.68,217.04,220.07,"37,809,650"
10/10/2025,226.21,228.25,216,216.37,"72,367,511"
10/9/2025,225,228.21,221.75,227.74,"46,412,122"
10/8/2025,222.92,226.73,221.19,225.22,"46,685,985"
10/7/2025,220.88,222.89,220.17,221.78,"31,194,678"
10/6/2025,221,221.73,216.03,220.9,"43,690,876"
10/3/2025,223.44,224.2,219.34,219.51,"43,639,033"
10/2/2025,221.01,222.81,218.95,222.41,"41,258,586"
10/1/2025,217.36,222.15,216.61,220.63,"43,933,834"
9/30/2025,222.03,222.24,217.89,219.57,"48,396,369"
9/29/2025,220.08,222.6,219.3,222.17,"44,259,177"
9/26/2025,219.08,221.05,218.02,219.78,"41,650,098"
9/25/2025,220.06,220.67,216.47,218.15,"52,226,328"
9/24/2025,224.15,224.56,219.45,220.21,"49,509,033"
9/23/2025,227.83,227.86,220.07,220.71,"70,956,193"
9/22/2025,230.56,230.57,227.51,227.63,"45,914,506"
9/19/2025,232.37,234.16,229.7,231.48,"97,943,172"
9/18/2025,232.5,233.48,228.79,231.23,"37,931,738"
9/17/2025,233.77,234.3,228.71,231.62,"42,815,230"
9/16/2025,232.94,235.9,232.23,234.05,"38,203,912"
9/15/2025,230.63,233.73,230.32,231.43,"33,243,328"
9/12/2025,230.35,230.79,226.29,228.15,"38,496,218"
9/11/2025,231.49,231.53,229.34,229.95,"37,485,598"
9/10/2025,237.52,237.68,229.1,230.33,"60,907,714"
9/9/2025,236.36,238.85,235.08,238.24,"27,033,778"
9/8/2025,234.94,237.6,233.75,235.84,"33,947,104"
9/5/2025,235.19,236,231.93,232.33,"36,721,802"
9/4/2025,231.19,235.77,230.78,235.68,"59,391,779"
9/3/2025,225.21,227.17,224.36,225.99,"29,223,134"
9/2/2025,223.52,226.17,221.83,225.34,"38,843,883"
8/29/2025,231.32,231.81,228.16,229,"26,199,170"
8/28/2025,229.01,232.71,228.02,231.6,"33,679,585"
8/27/2025,228.57,229.87,227.81,229.12,"21,254,479"
8/26/2025,227.11,229,226.02,228.71,"26,105,373"
8/25/2025,227.35,229.6,227.31,227.94,"22,633,695"
8/22/2025,222.79,229.14,220.82,228.84,"37,315,341"
8/21/2025,222.65,222.78,220.5,221.95,"32,140,459"
8/20/2025,227.12,227.27,220.92,223.81,"36,604,319"
8/19/2025,230.09,230.53,227.12,228.01,"29,891,012"
8/18/2025,230.23,231.91,228.33,231.49,"25,248,890"
8/15/2025,232.58,234.08,229.81,231.03,"39,649,244"
8/14/2025,227.4,233.11,227.02,230.98,"61,545,824"
8/13/2025,222,224.92,222,224.56,"36,508,335"
8/12/2025,222.23,223.5,219.05,221.47,"37,254,707"
8/11/2025,221.78,223.05,220.4,221.3,"31,646,222"
8/8/2025,223.14,223.8,221.88,222.69,"32,970,477"
8/7/2025,221,226.22,220.82,223.13,"40,603,513"
8/6/2025,214.7,222.65,213.74,222.31,"54,823,045"
8/5/2025,213.05,216.3,212.87,213.75,"51,505,121"
8/4/2025,217.4,217.44,211.42,211.65,"77,890,146"
8/1/2025,217.21,220.44,212.8,214.75,"122,258,801"
7/31/2025,235.77,236.53,231.4,234.11,"104,357,263"
7/30/2025,231.64,231.8,229.29,230.19,"32,993,273"
7/29/2025,234.15,234.72,230.31,231.01,"33,716,220"
7/28/2025,233.35,234.29,232.25,232.79,"26,300,138"
7/25/2025,232.22,232.48,231.18,231.44,"28,712,095"
7/24/2025,229.17,236,228.64,232.23,"42,902,266"
7/23/2025,228.47,228.79,227.09,228.29,"28,294,852"
7/22/2025,229.68,230,226.35,227.47,"37,483,702"
7/21/2025,225.84,229.69,225.65,229.3,"40,297,556"
7/18/2025,225.14,226.4,222.98,226.13,"37,833,807"
7/17/2025,223.32,224.5,222.51,223.88,"31,855,831"
7/16/2025,225.88,226.1,222.18,223.19,"39,535,926"
7/15/2025,226.2,227.27,225.46,226.35,"34,907,294"
7/14/2025,225.07,226.66,224.24,225.69,"35,702,597"
7/11/2025,223.58,226.68,222.37,225.02,"50,518,307"
7/10/2025,221.55,222.79,219.7,222.26,"30,370,591"
7/9/2025,221.07,224.29,220.47,222.54,"38,155,121"
7/8/2025,223.92,224,218.43,219.36,"45,691,987"
7/7/2025,223,224.29,222.37,223.47,"36,604,139"
7/3/2025,221.82,224.01,221.36,223.41,"29,632,353"
7/2/2025,219.73,221.6,219.06,219.92,"30,894,178"
7/1/2025,219.5,221.88,217.93,220.46,"39,256,830"
6/30/2025,223.52,223.82,219.12,219.39,"58,887,780"
6/27/2025,219.92,223.3,216.74,223.3,"119,217,138"
6/26/2025,213.12,218.04,212.01,217.12,"50,480,814"
6/25/2025,214.62,216.03,211.11,211.99,"31,755,698"
6/24/2025,212.14,214.34,211.05,212.77,"38,378,757"
6/23/2025,209.79,210.39,207.31,208.47,"37,311,725"
6/20/2025,214.68,214.89,208.27,209.69,"75,350,733"
6/18/2025,215.09,217.96,212.34,212.52,"44,360,509"
6/17/2025,215.2,217.41,214.56,214.82,"32,086,262"
6/16/2025,212.31,217.06,211.6,216.1,"33,284,158"
6/13/2025,209.96,214.05,209.62,212.1,"29,337,763"
6/12/2025,211.78,213.58,211.33,213.24,"27,639,991"
6/11/2025,217.41,218.4,212.89,213.2,"39,325,981"
6/10/2025,216.78,217.69,214.15,217.61,"31,303,317"
6/9/2025,214.75,217.85,212.88,216.98,"38,102,502"
6/6/2025,212.4,213.87,210.5,213.57,"39,832,500"
6/5/2025,209.55,212.81,207.56,207.91,"51,979,243"
6/4/2025,206.55,208.18,205.18,207.23,"29,915,592"
6/3/2025,207.11,208.95,205.03,205.71,"33,139,121"
6/2/2025,204.98,207,202.68,206.65,"29,113,319"
5/30/2025,204.84,205.99,201.7,205.01,"51,679,406"
5/29/2025,208.03,208.81,204.23,205.7,"34,700,005"
5/28/2025,205.92,207.66,204.41,204.72,"28,549,753"
5/27/2025,203.09,206.69,202.19,206.02,"34,892,044"
5/23/2025,198.9,202.37,197.85,200.99,"33,393,545"
5/22/2025,201.38,205.76,200.16,203.1,"38,938,882"
5/21/2025,201.61,203.46,200.06,201.12,"42,460,924"
5/20/2025,204.63,205.59,202.65,204.07,"29,470,373"
5/19/2025,201.65,206.62,201.26,206.16,"34,314,810"
5/16/2025,206.85,206.85,204.37,205.59,"43,318,478"
5/15/2025,206.45,206.88,202.67,205.17,"64,347,317"
5/14/2025,211.45,211.93,208.85,210.25,"38,492,128"
5/13/2025,211.08,214.84,210.1,211.37,"56,193,682"
5/12/2025,210.71,211.66,205.75,208.64,"75,205,042"
5/9/2025,193.38,194.69,191.16,193.06,"29,663,143"
5/8/2025,191.43,194.33,188.82,192.08,"41,043,620"
5/7/2025,185.56,190.99,185.01,188.71,"44,002,926"
5/6/2025,184.57,187.93,183.85,185.01,"29,314,055"
5/5/2025,186.51,188.18,185.53,186.35,"35,217,469"
5/2/2025,191.44,192.88,186.4,189.98,"77,903,487"
5/1/2025,190.63,191.81,187.5,190.2,"74,265,963"
4/30/2025,182.17,185.05,178.85,184.42,"55,176,543"
4/29/2025,183.99,188.02,183.68,187.39,"41,667,255"
4/28/2025,190.11,190.22,184.89,187.7,"33,224,732"
4/25/2025,187.62,189.94,185.49,188.99,"36,414,330"
4/24/2025,180.92,186.74,180.18,186.54,"43,763,196"
4/23/2025,183.45,187.38,180.19,180.6,"63,470,149"
4/22/2025,169.85,176.78,169.35,173.18,"56,607,202"
4/21/2025,169.6,169.6,165.29,167.32,"48,126,111"
4/17/2025,176,176.21,172,172.61,"44,726,453"
4/16/2025,176.29,179.1,171.41,174.33,"51,875,316"
4/15/2025,181.41,182.35,177.93,179.59,"43,641,952"
4/14/2025,186.84,187.44,179.23,182.12,"48,002,540"
4/11/2025,179.93,185.86,178,184.87,"50,594,339"
4/10/2025,185.44,186.87,175.85,181.22,"68,302,045"
4/9/2025,172.12,192.65,169.93,191.1,"116,804,328"
4/8/2025,185.23,185.9,168.57,170.66,"87,710,360"
4/7/2025,162,183.41,161.38,175.26,"109,327,115"
4/4/2025,167.15,178.14,166,171,"123,159,359"
4/3/2025,183,184.13,176.92,178.41,"95,553,617"
4/2/2025,187.66,198.34,187.66,196.01,"53,679,198"
4/1/2025,187.86,193.93,187.2,192.17,"41,267,315"
3/31/2025,188.19,191.33,184.4,190.26,"63,547,558"
3/28/2025,198.42,199.26,191.88,192.72,"52,548,226"
3/27/2025,200.89,203.79,199.28,201.36,"27,317,661"
3/26/2025,205.84,206.01,199.93,201.13,"32,990,973"
3/25/2025,203.6,206.21,203.22,205.71,"31,171,161"
3/24/2025,200,203.64,199.95,203.26,"41,625,365"
3/21/2025,192.9,196.99,192.52,196.21,"60,056,917"
3/20/2025,193.07,199.32,192.3,194.95,"38,921,113"
3/19/2025,193.38,195.97,191.96,195.54,"39,442,878"
3/18/2025,192.52,194,189.38,192.82,"40,414,867"
3/17/2025,198.77,199,194.32,195.74,"47,341,752"
3/14/2025,197.41,198.65,195.32,197.95,"38,096,663"
3/13/2025,198.17,198.88,191.82,193.89,"41,270,761"
3/12/2025,200.72,201.52,195.29,198.89,"43,679,284"
3/11/2025,193.9,200.18,193.4,196.59,"54,002,880"
3/10/2025,195.6,196.73,190.85,194.54,"62,350,926"
3/7/2025,199.49,202.27,192.53,199.25,"59,802,821"
3/6/2025,204.4,205.77,198.3,200.7,"49,863,755"
3/5/2025,204.8,209.98,203.26,208.36,"38,610,085"
3/4/2025,200.11,206.8,197.43,203.8,"60,853,084"
3/3/2025,213.35,214.01,202.55,205.02,"42,948,447"
2/28/2025,208.65,212.62,206.99,212.28,"51,771,737"
2/27/2025,218.35,219.97,208.37,208.74,"40,548,571"
2/26/2025,214.94,218.16,213.09,214.35,"39,120,603"
2/25/2025,211.63,213.34,204.16,212.8,"58,957,977"
2/24/2025,217.45,217.72,212.42,212.71,"42,387,585"
2/21/2025,223.28,223.31,214.74,216.58,"55,323,850"
2/20/2025,224.78,225.13,221.81,222.88,"30,001,665"
2/19/2025,225.52,226.83,223.71,226.63,"28,566,709"
2/18/2025,228.82,229.3,223.72,226.65,"42,975,133"
2/14/2025,229.2,229.89,227.23,228.68,"27,031,084"
2/13/2025,228.85,230.42,227.52,230.37,"31,346,512"
2/12/2025,230.46,231.18,228.16,228.93,"32,285,249"
2/11/2025,231.92,233.44,230.13,232.76,"23,713,726"
2/10/2025,230.55,233.92,229.2,233.14,"35,419,926"
2/7/2025,232.5,234.81,228.06,229.15,"77,539,276"
2/6/2025,238.01,239.66,236.01,238.83,"60,897,095"
2/5/2025,237.02,238.32,235.2,236.17,"38,832,042"
2/4/2025,239.01,242.52,238.03,242.06,"29,713,812"
2/3/2025,234.06,239.25,232.9,237.42,"37,285,868"
1/31/2025,236.5,240.29,236.41,237.68,"36,162,377"
1/30/2025,237.14,237.95,232.22,234.64,"32,020,728"
1/29/2025,239.02,240.39,236.15,237.07,"26,091,716"
1/28/2025,234.29,241.77,233.98,238.15,"41,587,188"
1/27/2025,226.21,235.61,225.86,235.42,"49,428,332"
1/24/2025,234.5,236.4,232.93,234.85,"25,890,738"
1/23/2025,234.1,235.52,231.51,235.42,"26,404,364"
1/22/2025,232.02,235.44,231.19,235.01,"41,448,217"
1/21/2025,228.9,231.78,226.94,230.71,"39,951,456"
1/17/2025,225.84,226.51,223.08,225.94,"42,370,123"
1/16/2025,224.42,224.65,220.31,220.66,"24,757,276"
1/15/2025,222.83,223.57,220.75,223.35,"31,291,257"
1/14/2025,220.44,221.82,216.2,217.76,"24,711,650"
1/13/2025,218.06,219.4,216.47,218.46,"27,262,655"
1/10/2025,221.46,221.71,216.5,218.94,"36,811,525"
1/8/2025,223.19,223.52,220.2,222.13,"25,033,292"
1/7/2025,227.9,228.38,221.46,222.11,"28,084,164"
1/6/2025,226.78,228.84,224.84,227.61,"31,849,831"
1/3/2025,222.51,225.36,221.62,224.19,"27,515,606"
1/2/2025,222.03,225.15,218.19,220.22,"33,956,579"
12/31/2024,222.97,223.23,218.94,219.39,"24,819,655"
12/30/2024,220.06,223,218.43,221.3,"28,321,240"
12/27/2024,225.6,226.03,220.9,223.75,"27,367,147"
12/26/2024,228.5,228.5,226.67,227.05,"16,174,500"
12/24/2024,226.94,229.14,226.13,229.05,"15,007,497"
12/23/2024,225.01,226.88,223.9,225.06,"28,070,007"
12/20/2024,219.84,226.21,218.73,224.92,"88,279,184"
12/19/2024,224.91,226.09,222.92,223.29,"39,918,739"
12/18/2024,230.77,231.4,220.11,220.52,"43,281,443"
12/17/2024,232.39,232.73,227.85,231.15,"35,948,131"
12/16/2024,230.23,233,228.01,232.93,"37,552,096"
12/13/2024,228.4,230.2,225.86,227.46,"28,768,080"
12/12/2024,229.83,231.09,227.63,228.97,"28,204,084"
12/11/2024,226.41,231.2,226.26,230.26,"35,385,785"
12/10/2024,226.09,229.06,224.2,225.04,"31,199,864"
12/9/2024,227.21,230.08,225.67,226.09,"46,819,363"
12/6/2024,220.75,227.15,220.6,227.03,"44,178,069"
12/5/2024,218.03,222.15,217.3,220.55,"41,140,220"
12/4/2024,215.96,220,215.75,218.16,"48,745,716"
12/3/2024,210.31,214.02,209.65,213.44,"32,214,828"
12/2/2024,209.96,212.99,209.51,210.71,"39,523,185"
11/29/2024,205.83,208.2,204.59,207.89,"24,892,447"
11/27/2024,206.98,207.64,205.05,205.74,"28,061,638"
11/26/2024,201.9,208,201.79,207.86,"41,673,737"
11/25/2024,199.28,201.95,199,201.45,"40,685,672"
11/22/2024,198.25,199.26,196.75,197.12,"31,530,844"
11/21/2024,203.49,203.49,195.75,198.38,"58,800,042"
11/20/2024,202.98,203.13,199.45,202.88,"32,768,989"
11/19/2024,199.33,205.3,198.78,204.61,"31,197,867"
11/18/2024,204.15,204.67,200.95,201.7,"36,512,465"
11/15/2024,206.76,207.34,199.61,202.61,"86,591,144"
11/14/2024,214.16,215.9,210.88,211.48,"42,620,309"
11/13/2024,209.4,215.09,209.14,214.1,"46,212,943"
11/12/2024,208.37,209.54,206.01,208.91,"38,942,918"
11/11/2024,208.5,209.65,205.59,206.84,"35,456,012"
11/8/2024,209.72,209.96,207.44,208.18,"36,075,846"
11/7/2024,207.44,212.25,207.19,210.05,"52,878,383"
11/6/2024,200.01,207.55,199.14,207.09,"72,292,167"
11/5/2024,196.04,199.82,195.99,199.5,"30,564,784"
11/4/2024,196.45,197.33,194.31,195.78,"38,492,062"
11/1/2024,199,200.5,197.02,197.93,"99,687,847"
10/31/2024,190.51,190.6,185.23,186.4,"75,146,759"
10/30/2024,194.7,195.61,192.42,192.73,"37,707,550"
10/29/2024,188.58,191.46,187.82,190.83,"35,690,158"
10/28/2024,189.57,190.21,188.21,188.39,"27,930,836"
10/25/2024,187.85,190.45,187.53,187.83,"29,362,060"
10/24/2024,185.25,187.11,183.86,186.38,"21,647,395"
10/23/2024,188.85,189.16,183.69,184.71,"31,937,089"
10/22/2024,188.35,191.52,186.98,189.7,"29,650,593"
10/21/2024,188.05,189.46,186.4,189.07,"24,639,393"
10/18/2024,187.15,190.74,186.28,188.99,"37,417,670"
10/17/2024,188.22,188.94,186,187.53,"25,039,414"
10/16/2024,187.05,187.78,185.61,186.89,"23,456,812"
10/15/2024,187.63,188.41,184.58,187.69,"32,178,925"
10/14/2024,189.78,189.83,187.36,187.54,"22,614,407"
10/11/2024,186.63,189.93,186.3,188.82,"25,751,557"
10/10/2024,187.13,188.13,185.83,186.65,"27,785,043"
10/9/2024,182.82,185.85,182.05,185.17,"26,343,117"
10/8/2024,181.92,183.09,180.92,182.72,"26,372,086"
10/7/2024,182.95,183.6,180.25,180.8,"42,364,201"
10/4/2024,185.75,187.6,183.6,186.51,"41,079,011"
10/3/2024,183.05,183.44,180.88,181.96,"30,204,302"
10/2/2024,184.44,186.6,184.04,184.76,"23,704,056"
10/1/2024,184.9,186.19,183.45,185.13,"36,044,906"
9/30/2024,187.14,188.49,184.65,186.33,"41,680,400"
9/27/2024,190.68,190.9,187.34,187.97,"36,002,316"
9/26/2024,194.31,194.53,189.54,191.16,"36,334,854"
9/25/2024,193.75,193.95,192.16,192.53,"26,391,144"
9/24/2024,194.27,195.37,190.13,193.96,"43,478,926"
9/23/2024,191.64,194.45,190.57,193.88,"36,993,111"
9/20/2024,190.23,191.84,187.41,191.6,"100,378,553"
9/19/2024,190.04,190.99,188.47,189.87,"39,543,168"
9/18/2024,186.45,188.8,185.06,186.43,"34,448,130"
9/17/2024,186.85,189.45,186.14,186.88,"26,091,682"
9/16/2024,185.29,185.81,183.36,184.89,"26,065,485"
9/13/2024,187,188.5,185.91,186.49,"26,495,351"
9/12/2024,184.8,187.41,183.54,187,"33,622,483"
9/11/2024,180.1,184.99,175.73,184.52,"42,564,698"
9/10/2024,177.49,180.5,176.79,179.55,"36,233,796"
9/9/2024,174.53,175.85,173.51,175.4,"29,037,362"
9/6/2024,177.24,178.38,171.16,171.39,"41,466,537"
9/5/2024,175,179.88,175,177.89,"40,170,526"
9/4/2024,174.48,175.98,172.54,173.33,"30,309,225"
9/3/2024,177.55,178.26,175.26,176.25,"37,817,511"
8/30/2024,172.78,178.9,172.6,178.5,"43,429,355"
8/29/2024,173.22,174.29,170.81,172.12,"26,407,815"
8/28/2024,173.69,173.69,168.92,170.8,"29,045,025"
8/27/2024,174.15,174.89,172.25,173.12,"29,841,979"
8/26/2024,176.7,177.47,174.3,175.5,"22,366,236"
8/23/2024,177.34,178.97,175.24,177.04,"29,150,091"
8/22/2024,181.38,181.47,175.68,176.13,"32,047,482"
8/21/2024,179.92,182.39,178.89,180.11,"35,599,120"
8/20/2024,177.92,179.01,177.43,178.88,"26,255,204"
8/19/2024,177.64,178.3,176.16,178.22,"31,129,807"
8/16/2024,177.04,178.34,176.26,177.06,"31,489,175"
8/15/2024,174.86,177.91,173.99,177.59,"51,698,513"
8/14/2024,172.11,172.28,168.86,170.1,"28,843,804"
8/13/2024,167.81,171.04,167.1,170.23,"39,237,915"
8/12/2024,168.14,168.55,166.11,166.8,"30,072,788"
8/9/2024,166.4,168.55,165.85,166.94,"36,401,049"
8/8/2024,165.17,166.69,162.55,165.8,"44,616,206"
8/7/2024,166.55,167.58,161.43,162.77,"48,408,240"
8/6/2024,161.71,165.08,158.54,161.93,"59,950,830"
8/5/2024,154.21,162.96,151.61,161.02,"83,149,437"
8/2/2024,166.75,168.77,160.55,167.9,"141,448,365"
8/1/2024,189.29,190.6,181.87,184.07,"70,435,635"
7/31/2024,185.05,187.94,184.46,186.98,"41,667,326"
7/30/2024,184.72,185.86,179.38,181.71,"39,508,574"
7/29/2024,183.84,184.75,182.38,183.2,"33,270,123"
7/26/2024,180.39,183.19,180.24,182.5,"29,505,964"
7/25/2024,182.91,183.9,176.8,179.85,"44,464,163"
7/24/2024,183.2,185.45,180.41,180.83,"41,532,360"
7/23/2024,184.1,189.39,183.56,186.41,"47,537,670"
7/22/2024,185,185.06,182.48,182.55,"39,931,923"
7/19/2024,181.14,184.93,180.11,183.13,"43,081,829"
7/18/2024,189.59,189.68,181.45,183.75,"51,043,626"
7/17/2024,191.35,191.58,185.99,187.93,"48,076,139"
7/16/2024,195.59,196.62,192.24,193.02,"33,994,714"
7/15/2024,194.56,196.19,190.83,192.72,"40,683,227"
7/12/2024,194.8,196.47,193.83,194.49,"30,598,525"
7/11/2024,200.09,200.27,192.86,195.05,"44,565,041"
7/10/2024,200,200.11,197.69,199.79,"32,883,753"
7/9/2024,199.4,200.57,199.05,199.34,"32,756,736"
7/8/2024,200.04,201.2,197.96,199.29,"34,767,261"
7/5/2024,198.65,200.55,198.17,200,"39,858,885"
7/3/2024,199.94,200.03,196.76,197.59,"31,597,926"
7/2/2024,197.28,200.43,195.93,200,"45,600,013"
7/1/2024,193.49,198.3,192.82,197.2,"41,192,011"
6/28/2024,197.73,198.85,192.5,193.25,"76,930,192"
6/27/2024,195.01,199.84,194.2,197.85,"74,397,491"
6/26/2024,186.92,194.8,186.26,193.61,"65,103,893"
6/25/2024,186.81,188.84,185.42,186.34,"45,898,475"
6/24/2024,189.33,191,185.33,185.57,"50,610,379"
6/21/2024,187.8,189.28,185.86,189.08,"72,931,754"
6/20/2024,182.91,186.51,182.72,186.1,"44,726,779"
6/18/2024,183.74,184.29,181.43,182.81,"36,659,157"
6/17/2024,182.52,185,181.22,184.06,"35,601,907"
6/14/2024,183.08,183.72,182.23,183.66,"25,456,410"
6/13/2024,186.09,187.67,182.67,183.83,"39,721,545"
6/12/2024,188.02,188.35,185.43,186.89,"33,984,216"
6/11/2024,187.06,187.77,184.54,187.23,"27,265,108"
6/10/2024,184.07,187.23,183.79,187.06,"34,494,498"
6/7/2024,184.9,186.29,183.36,184.3,"28,021,473"
6/6/2024,181.75,185,181.49,185,"31,371,151"
6/5/2024,180.1,181.5,178.75,181.28,"32,116,394"
6/4/2024,177.64,179.82,176.44,179.34,"27,198,388"
6/3/2024,177.7,178.7,175.92,178.34,"30,786,640"
5/31/2024,178.3,179.21,173.87,176.44,"58,903,939"
5/30/2024,181.31,181.34,178.36,179.32,"29,249,229"
5/29/2024,181.7,184.08,181.55,182.02,"32,009,294"
5/28/2024,179.93,182.24,179.49,182.15,"29,926,963"
5/24/2024,181.65,182.44,180.3,180.75,"27,471,640"
5/23/2024,183.66,184.76,180.08,181.05,"33,670,173"
5/22/2024,183.88,185.22,181.97,183.13,"28,148,784"
5/21/2024,182.3,183.26,180.75,183.15,"50,839,129"
5/20/2024,184.34,186.67,183.28,183.54,"30,511,768"
5/17/2024,183.76,185.3,183.35,184.7,"33,175,655"
5/16/2024,185.6,187.31,183.46,183.63,"38,834,450"
5/15/2024,185.97,186.72,182.73,185.99,"75,459,927"
5/14/2024,183.82,187.72,183.45,187.07,"38,698,155"
5/13/2024,188,188.31,185.36,186.57,"24,898,613"
5/10/2024,189.16,189.89,186.93,187.48,"34,141,771"
5/9/2024,188.88,191.7,187.44,189.5,"43,368,377"
5/8/2024,187.44,188.43,186.39,188,"26,136,350"
5/7/2024,188.92,189.94,187.31,188.76,"34,048,902"
5/6/2024,186.28,188.75,184.8,188.7,"34,725,295"
5/3/2024,186.99,187.87,185.42,186.21,"39,172,004"
5/2/2024,180.85,185.1,179.91,184.72,"54,303,510"
5/1/2024,181.64,185.15,176.56,179,"94,645,148"
4/30/2024,181.09,182.99,174.8,175,"94,639,786"
4/29/2024,182.75,183.53,179.39,180.96,"54,063,937"
4/26/2024,177.8,180.82,176.13,179.62,"43,919,765"
4/25/2024,169.68,173.92,166.32,173.67,"49,249,390"
4/24/2024,179.94,180.32,176.18,176.59,"34,185,109"
4/23/2024,178.08,179.93,175.98,179.54,"37,046,519"
4/22/2024,176.94,178.87,174.56,177.23,"37,924,890"
4/19/2024,178.74,179,173.44,174.63,"56,000,729"
4/18/2024,181.47,182.39,178.65,179.22,"30,723,793"
4/17/2024,184.31,184.57,179.82,181.28,"31,359,673"
4/16/2024,183.27,184.83,182.26,183.32,"32,891,265"
4/15/2024,187.43,188.69,183,183.62,"48,052,395"
4/12/2024,187.72,188.38,185.08,186.13,"38,608,849"
4/11/2024,186.74,189.77,185.51,189.05,"40,020,742"
4/10/2024,182.77,186.27,182.67,185.95,"35,879,151"
4/9/2024,187.24,187.34,184.2,185.67,"36,546,946"
4/8/2024,186.9,187.29,184.81,185.19,"39,221,282"
4/5/2024,182.38,186.27,181.97,185.07,"42,373,992"
4/4/2024,184,185.1,180,180,"41,624,261"
4/3/2024,179.9,182.87,179.8,182.41,"31,046,638"
4/2/2024,179.07,180.79,178.38,180.69,"32,611,546"
4/1/2024,180.79,183,179.95,180.97,"29,174,521"
3/28/2024,180.17,181.7,179.26,180.38,"38,051,588"
3/27/2024,179.88,180,177.31,179.83,"33,272,551"
3/26/2024,180.15,180.45,177.95,178.3,"29,658,982"
3/25/2024,178.01,180.99,177.24,179.71,"29,815,464"
3/22/2024,177.75,179.26,176.75,178.87,"27,995,378"
3/21/2024,179.99,181.42,178.15,178.15,"32,824,320"
3/20/2024,176.14,178.53,174.64,178.15,"29,947,150"
3/19/2024,174.22,176.09,173.52,175.9,"26,880,893"
3/18/2024,175.8,176.69,174.28,174.48,"31,250,688"
3/15/2024,176.64,177.93,173.9,174.42,"72,147,390"
3/14/2024,177.69,179.53,176.47,178.75,"43,705,840"
3/13/2024,175.9,177.62,175.55,176.56,"30,772,600"
3/12/2024,173.5,176.76,171.98,175.39,"36,610,604"
3/11/2024,174.31,174.47,171.47,171.96,"28,484,777"
3/8/2024,176.44,178.79,174.33,175.35,"37,893,242"
3/7/2024,174.83,177.99,173.72,176.82,"34,063,283"
3/6/2024,175.54,176.46,173.26,173.51,"32,090,926"
3/5/2024,176.93,176.93,173.3,174.12,"37,228,343"
3/4/2024,177.53,180.14,177.49,177.58,"37,381,520"
3/1/2024,176.75,178.73,176.07,178.22,"31,981,152"
2/29/2024,173.01,177.22,172.85,176.76,"53,805,359"
2/28/2024,172.44,174.05,172.27,173.16,"28,180,482"
2/27/2024,174.08,174.62,172.86,173.54,"31,141,732"
2/26/2024,175.7,176.37,174.26,174.73,"44,368,614"
2/23/2024,174.28,175.75,173.7,174.99,"59,715,243"
2/22/2024,173.1,174.8,171.77,174.58,"55,392,354"
2/21/2024,168.94,170.23,167.14,168.59,"44,575,623"
2/20/2024,167.83,168.71,165.74,167.08,"41,980,326"
2/16/2024,168.74,170.42,167.17,169.51,"48,107,744"
2/15/2024,170.58,171.17,167.59,169.8,"49,855,196"
2/14/2024,169.21,171.21,168.28,170.98,"42,815,544"
2/13/2024,167.73,170.95,165.75,168.64,"56,345,122"
2/12/2024,174.8,175.39,171.54,172.34,"51,050,440"
2/9/2024,170.9,175,170.58,174.45,"56,985,986"
2/8/2024,169.65,171.43,168.88,169.84,"42,316,454"
2/7/2024,169.48,170.88,168.94,170.53,"47,174,060"
2/6/2024,169.39,170.71,167.65,169.15,"42,505,518"
2/5/2024,170.2,170.55,167.7,170.31,"55,081,297"
2/2/2024,169.19,172.5,167.33,171.81,"117,218,313"
2/1/2024,155.87,159.76,155.62,159.28,"76,542,419"
1/31/2024,157,159.01,154.81,155.2,"50,284,371"
1/30/2024,160.7,161.73,158.49,159,"45,207,430"
1/29/2024,159.34,161.29,158.9,161.26,"45,270,385"
1/26/2024,158.42,160.72,157.91,159.12,"51,047,353"
1/25/2024,156.95,158.51,154.55,157.75,"43,638,592"
1/24/2024,157.8,158.51,156.48,156.87,"48,547,315"
1/23/2024,154.85,156.21,153.93,156.02,"37,986,039"
1/22/2024,156.89,157.05,153.9,154.78,"43,687,468"
1/19/2024,153.83,155.76,152.74,155.34,"51,651,628"
1/18/2024,152.77,153.78,151.82,153.5,"37,850,245"
1/17/2024,151.49,152.15,149.91,151.71,"34,953,363"
1/16/2024,153.53,154.99,152.15,153.16,"41,384,636"
1/12/2024,155.39,156.2,154.01,154.62,"40,484,155"
1/11/2024,155.04,157.17,153.12,155.18,"49,072,691"
1/10/2024,152.06,154.42,151.88,153.73,"44,421,830"
1/9/2024,148.33,151.71,148.21,151.37,"43,812,567"
1/8/2024,146.74,149.4,146.15,149.1,"46,757,053"
1/5/2024,144.69,146.59,144.53,145.24,"45,153,147"
1/4/2024,145.59,147.38,144.05,144.57,"56,039,807"
1/3/2024,149.2,151.05,148.33,148.47,"49,425,495"
1/2/2024,151.54,152.38,148.39,149.93,"47,339,424"
12/29/2023,153.1,153.89,151.03,151.94,"39,823,204"
12/28/2023,153.72,154.08,152.95,153.38,"27,057,002"
12/27/2023,153.56,154.78,153.12,153.34,"31,434,733"
12/26/2023,153.56,153.98,153.03,153.41,"25,067,222"
12/22/2023,153.77,154.35,152.71,153.42,"29,514,093"
12/21/2023,153.3,153.97,152.1,153.84,"36,305,733"
12/20/2023,152.9,155.63,151.56,152.12,"50,322,106"
12/19/2023,154.4,155.12,152.69,153.79,"43,171,292"
12/18/2023,150.56,154.86,150.05,154.07,"62,512,828"
12/15/2023,148.38,150.57,147.88,149.97,"110,089,342"
12/14/2023,149.93,150.54,145.52,147.42,"58,400,848"
12/13/2023,148.12,149.46,146.82,148.84,"52,766,196"
12/12/2023,145.52,147.5,145.3,147.48,"44,944,264"
12/11/2023,145.66,146.19,143.64,145.89,"50,907,288"
12/8/2023,145.48,147.84,145.4,147.42,"41,905,965"
12/7/2023,146.15,147.92,145.34,146.88,"52,352,830"
12/6/2023,147.58,147.85,144.28,144.52,"39,678,960"
12/5/2023,143.55,148.57,143.13,146.88,"46,822,411"
12/4/2023,145.25,145.35,142.81,144.84,"48,294,244"
12/1/2023,146,147.25,145.55,147.03,"39,951,833"
11/30/2023,144.76,146.93,144.33,146.09,"65,814,022"
11/29/2023,147.85,148.54,145.97,146.32,"40,610,907"
11/28/2023,146.98,147.6,145.53,147.03,"42,711,682"
11/27/2023,147.53,149.26,146.88,147.73,"53,762,428"
11/24/2023,146.7,147.2,145.32,146.74,"22,378,379"
11/22/2023,144.57,147.74,144.57,146.71,"45,700,002"
11/21/2023,143.91,144.05,141.5,143.9,"71,225,992"
11/20/2023,145.13,146.63,144.73,146.13,"41,978,766"
11/17/2023,142.66,145.23,142.55,145.18,"49,678,437"
11/16/2023,140.91,143.32,139.52,142.83,"49,653,512"
11/15/2023,147.06,147.29,142.59,143.2,"63,875,720"
11/14/2023,145,147.26,144.68,145.8,"56,674,551"
11/13/2023,142.08,143.23,140.67,142.59,"35,680,570"
11/10/2023,140.46,143.65,139.91,143.56,"49,349,937"
11/9/2023,142.02,142.65,139.84,140.6,"36,235,367"
11/8/2023,142.97,143.12,141.22,142.08,"44,521,658"
11/7/2023,140.55,143.37,140.5,142.71,"53,553,537"
11/6/2023,138.76,140.73,138.36,139.74,"44,970,417"
11/3/2023,138.99,139.49,137.45,138.6,"44,059,805"
11/2/2023,138.73,138.81,136.47,138.07,"52,236,693"
11/1/2023,133.96,137.35,133.71,137,"61,529,409"
10/31/2023,132.75,133.57,131.71,133.09,"51,589,380"
10/30/2023,129.72,133,128.56,132.71,"72,485,542"
10/27/2023,126.2,130.02,125.52,127.74,"125,309,313"
10/26/2023,120.63,121.64,118.35,119.57,"100,419,516"
10/25/2023,126.04,126.34,120.79,121.39,"74,577,544"
10/24/2023,127.74,128.8,126.34,128.56,"46,477,355"
10/23/2023,124.63,127.88,123.98,126.56,"48,259,953"
10/20/2023,128.05,128.17,124.97,125.17,"56,406,410"
10/19/2023,130.57,132.24,127.47,128.4,"60,961,355"
10/18/2023,129.9,130.67,127.51,128.13,"42,699,479"
10/17/2023,130.39,132.58,128.71,131.47,"49,344,550"
10/16/2023,130.69,133.07,130.43,132.55,"42,832,918"
10/13/2023,132.98,133.31,128.95,129.79,"45,824,685"
10/12/2023,132.17,134.48,131.23,132.33,"55,528,581"
10/11/2023,129.74,132.05,129.61,131.83,"40,741,842"
10/10/2023,128.82,130.74,128.05,129.48,"42,178,619"
10/9/2023,126.22,128.79,124.76,128.26,"38,773,738"
10/6/2023,124.16,128.45,124.13,127.96,"46,836,698"
10/5/2023,126.71,126.73,124.33,125.96,"39,660,643"
10/4/2023,126.06,127.36,125.68,127,"44,203,870"
10/3/2023,128.06,128.52,124.25,124.72,"51,564,991"
10/2/2023,127.28,130.47,126.54,129.46,"48,029,744"
9/29/2023,128.2,129.15,126.32,127.12,"62,411,730"
9/28/2023,124.04,126.58,123.04,125.98,"54,554,968"
9/27/2023,125.76,127.48,124.13,125.98,"66,553,449"
9/26/2023,130.12,130.39,125.28,125.98,"73,048,207"
9/25/2023,129.36,131.78,128.77,131.27,"46,017,825"
9/22/2023,131.11,132.03,128.52,129.12,"59,904,348"
9/21/2023,131.94,132.24,129.31,129.33,"70,343,342"
9/20/2023,138.55,139.37,135.2,135.29,"46,263,716"
9/19/2023,138.7,138.84,135.56,137.63,"61,482,470"
9/18/2023,140.48,141.75,139.22,139.98,"42,823,480"
9/15/2023,142.69,143.57,140.09,140.39,"102,909,327"
9/14/2023,145.08,145.86,142.95,144.72,"64,033,607"
9/13/2023,140.95,144.98,140.87,144.85,"60,465,175"
9/12/2023,142.32,143,140.61,141.23,"42,668,452"
9/11/2023,138.75,143.62,138.64,143.1,"56,764,525"
9/8/2023,136.86,138.85,136.75,138.23,"38,365,929"
9/7/2023,133.9,138.03,133.16,137.85,"48,498,912"
9/6/2023,136.32,137.45,134.61,135.36,"41,785,507"
9/5/2023,137.73,137.8,135.82,137.27,"40,636,738"
9/1/2023,139.46,139.96,136.88,138.12,"40,991,536"
8/31/2023,135.06,138.79,135,138.01,"58,781,314"
8/30/2023,134.93,135.68,133.92,135.07,"36,137,015"
8/29/2023,133.38,135.14,133.25,134.91,"38,646,093"
8/28/2023,133.78,133.95,131.85,133.14,"34,108,410"
8/25/2023,132.47,133.87,130.58,133.26,"44,147,451"
8/24/2023,136.4,136.78,131.83,131.84,"43,646,250"
8/23/2023,134.5,135.95,133.22,135.52,"42,801,043"
8/22/2023,135.08,135.65,133.73,134.25,"32,935,104"
8/21/2023,133.74,135.19,132.71,134.68,"41,442,483"
8/18/2023,131.62,134.07,131.15,133.22,"48,497,698"
8/17/2023,135.46,136.09,133.53,133.98,"48,354,085"
8/16/2023,137.19,137.27,135.01,135.07,"41,675,903"
8/15/2023,140.05,141.28,137.23,137.67,"42,781,521"
8/14/2023,138.3,140.59,137.75,140.57,"47,148,699"
8/11/2023,137.4,139.33,137,138.41,"42,905,833"
8/10/2023,139.08,140.41,137.49,138.56,"58,928,402"
8/9/2023,139.97,140.32,137.1,137.85,"50,017,349"
8/8/2023,140.62,140.84,138.42,139.94,"51,710,497"
8/7/2023,140.99,142.54,138.95,142.22,"71,213,112"
8/4/2023,141.06,143.63,139.32,139.57,"153,128,470"
8/3/2023,127.48,129.84,126.41,128.91,"91,163,736"
8/2/2023,130.15,130.23,126.82,128.21,"51,027,614"
8/1/2023,133.55,133.69,131.62,131.69,"42,298,925"
7/31/2023,133.2,133.87,132.38,133.68,"41,901,516"
7/28/2023,129.69,133.01,129.33,132.21,"46,317,381"
7/27/2023,131,132.63,127.79,128.25,"52,610,661"
7/26/2023,126.51,129.08,126.11,128.15,"53,910,087"
7/25/2023,129.31,129.58,128.53,129.13,"39,236,663"
7/24/2023,130.31,131.66,128.35,128.8,"45,671,535"
7/21/2023,131.34,131.37,128.42,130,"133,307,294"
7/20/2023,134.07,134.79,129.33,129.96,"59,820,579"
7/19/2023,133.39,135.99,132.53,135.36,"54,531,037"
7/18/2023,132.71,133.86,131.36,132.83,"54,969,133"
7/17/2023,134.56,135.62,133.21,133.56,"48,450,198"
7/14/2023,134.06,136.65,134.06,134.68,"54,487,090"
7/13/2023,134.04,134.67,132.71,134.3,"61,170,883"
7/12/2023,130.31,131.26,128.83,130.8,"54,022,847"
7/11/2023,127.75,129.77,127.35,128.78,"49,951,460"
7/10/2023,129.07,129.28,125.92,127.13,"61,889,289"
7/7/2023,128.59,130.97,128.13,129.78,"41,992,251"
7/6/2023,128.25,128.73,127.37,128.36,"40,697,848"
7/5/2023,130.24,131.4,129.64,130.38,"35,895,409"
7/3/2023,130.82,131.85,130.07,130.22,"28,264,785"
6/30/2023,129.47,131.25,128.95,130.36,"54,350,684"
6/29/2023,128.77,129.26,127.26,127.9,"40,760,959"
6/28/2023,128.94,131.48,128.44,129.04,"52,149,512"
6/27/2023,128.63,130.09,127.55,129.18,"46,801,008"
6/26/2023,129.33,131.49,127.1,127.33,"59,989,317"
6/23/2023,129.11,130.84,128.28,129.33,"71,927,776"
6/22/2023,125.31,130.33,125.14,130.15,"90,354,572"
6/21/2023,125.64,126.73,123.85,124.83,"52,137,670"
6/20/2023,124.97,127.25,124.5,125.78,"56,930,122"
6/16/2023,127.71,127.9,125.3,125.49,"84,247,104"
6/15/2023,125.21,127.69,124.32,127.11,"60,458,471"
6/14/2023,126.7,126.95,124.12,126.42,"52,422,463"
6/13/2023,128.12,128.41,125.18,126.66,"50,564,785"
6/12/2023,124.02,126.78,123.53,126.57,"51,473,376"
6/9/2023,124.08,125.8,123.19,123.43,"51,396,018"
6/8/2023,123.01,125.63,122.26,124.25,"62,159,270"
6/7/2023,127.01,127.37,120.63,121.23,"95,663,275"
6/6/2023,125.07,127.4,125,126.61,"45,695,212"
6/5/2023,123.36,125.8,123.03,125.3,"47,950,128"
6/2/2023,124.92,126.39,124.02,124.25,"61,264,414"
6/1/2023,120.69,123.49,119.93,122.77,"54,375,131"
5/31/2023,121.45,122.04,119.17,120.58,"72,800,787"
5/30/2023,122.37,122.92,119.86,121.66,"64,314,808"
5/26/2023,116.04,121.5,116.02,120.11,"96,779,889"
5/25/2023,116.63,116.87,114.31,115,"66,496,681"
5/24/2023,115.35,117.34,115.02,116.75,"63,487,938"
5/23/2023,114.27,117.14,113.78,114.99,"67,576,262"
5/22/2023,116.77,116.77,114.25,115.01,"70,741,123"
5/19/2023,118.16,118.31,115.7,116.25,"55,056,307"
5/18/2023,116.69,118.6,116.34,118.15,"73,174,087"
5/17/2023,114.89,115.83,114.22,115.5,"65,655,177"
5/16/2023,111.05,114.79,111.05,113.4,"71,472,908"
5/15/2023,111.15,112.29,109.25,111.2,"53,011,145"
5/12/2023,112.16,112.64,109.32,110.26,"49,852,671"
5/11/2023,111.03,113.28,110.49,112.18,"74,924,841"
5/10/2023,108.1,110.67,108.05,110.19,"78,627,616"
5/9/2023,105.48,106.79,105.16,106.62,"44,089,359"
5/8/2023,105.04,106.1,104.7,105.83,"49,430,909"
5/5/2023,104.27,105.76,103.55,105.66,"56,951,744"
5/4/2023,104.04,105.39,103.31,104,"45,345,523"
5/3/2023,103.74,105.96,103.28,103.65,"65,051,925"
5/2/2023,101.47,103.9,101.15,103.63,"73,469,350"
5/1/2023,104.95,105.23,101.82,102.05,"74,728,096"
4/28/2023,107.73,109.48,104.33,105.45,"130,715,946"
4/27/2023,108.16,110.86,106.8,109.82,"149,961,167"
4/26/2023,105.04,106.62,104.1,104.98,"73,803,790"
4/25/2023,104.91,105.45,102.45,102.57,"65,026,818"
4/24/2023,107.66,109.23,105.07,106.21,"69,575,610"
4/21/2023,106.1,108.15,105.08,106.96,"86,774,185"
4/20/2023,103.53,105.25,103.21,103.81,"57,696,866"
4/19/2023,101.58,105.12,101.39,104.3,"58,398,890"
4/18/2023,103.95,104.2,101.52,102.3,"39,790,518"
4/17/2023,103.16,103.73,101.59,102.74,"39,919,457"
4/14/2023,102.07,103.2,101.11,102.51,"51,450,522"
4/13/2023,98.95,102.57,98.71,102.4,"67,925,138"
4/12/2023,100.4,100.51,97.71,97.83,"56,735,007"
4/11/2023,100.8,101,99.01,99.92,"60,417,847"
4/10/2023,100.96,102.2,99.57,102.17,"37,261,185"
4/6/2023,100.75,102.38,99.8,102.06,"43,808,020"
4/5/2023,103.91,103.91,100.75,101.1,"45,175,393"
4/4/2023,102.75,104.2,102.11,103.95,"48,662,496"
4/3/2023,102.3,103.29,101.43,102.41,"41,135,733"
3/31/2023,102.16,103.49,101.95,103.29,"56,750,317"
3/30/2023,101.55,103.04,101.01,102,"53,633,398"
3/29/2023,98.69,100.42,98.56,100.25,"49,783,279"
3/28/2023,98.11,98.44,96.29,97.24,"38,720,050"
3/27/2023,99.07,99.34,97.08,98.04,"46,721,296"
3/24/2023,98.07,98.3,96.4,98.13,"56,144,801"
3/23/2023,100.43,101.06,97.62,98.71,"57,559,310"
3/22/2023,100.45,102.1,98.61,98.7,"57,475,365"
3/21/2023,98.14,100.85,98,100.61,"58,597,275"
3/20/2023,98.41,98.48,95.7,97.71,"62,388,911"
3/17/2023,99.79,100.66,97.46,98.95,"87,300,242"
3/16/2023,95.75,100.99,95.61,100.04,"84,558,934"
3/15/2023,93.22,96.67,93.07,96.2,"70,731,792"
3/14/2023,93.83,95.07,92.71,94.88,"60,912,674"
3/13/2023,89.97,94.02,88.12,92.43,"72,397,053"
3/10/2023,92.67,93.57,90.25,90.73,"69,827,490"
3/9/2023,93.68,96.21,92.18,92.25,"56,218,705"
3/8/2023,93.6,94.17,92.18,93.92,"44,899,128"
3/7/2023,94.06,95.09,92.78,93.55,"49,100,668"
3/6/2023,95.19,96.55,93.74,93.75,"52,112,355"
3/3/2023,92.74,94.94,92.66,94.9,"55,759,609"
3/2/2023,91.41,92.23,90.39,92.13,"55,574,820"
3/1/2023,93.87,94.68,91.59,92.17,"52,299,524"
2/28/2023,93.14,94.69,92.92,94.23,"43,959,290"
2/27/2023,94.28,94.78,93.14,93.76,"47,470,321"
2/24/2023,93.53,94.14,92.32,93.5,"57,053,812"
2/23/2023,96.12,96.43,93.67,95.82,"48,466,994"
2/22/2023,95.1,97.01,94.8,95.79,"59,534,094"
2/21/2023,95.34,95.61,94.27,94.58,"56,580,360"
2/17/2023,97.8,97.94,95.65,97.2,"60,029,405"
2/16/2023,99.21,100.63,98.1,98.15,"56,339,173"
2/15/2023,99.09,101.17,98.45,101.16,"48,053,879"
2/14/2023,98.41,100.92,97.52,99.7,"56,202,898"
2/13/2023,97.85,99.68,96.91,99.54,"52,841,464"
2/10/2023,97.56,98.82,96.23,97.61,"52,740,133"
2/9/2023,101.32,101.78,97.57,98.24,"64,622,489"
2/8/2023,102.04,102.67,98.78,100.05,"75,878,304"
2/7/2023,101.17,102.41,98.08,102.11,"119,501,301"
2/6/2023,102.93,103.95,100.65,102.18,"81,945,199"
2/3/2023,105.26,108.78,102.52,103.39,"144,374,828"
2/2/2023,110.25,114,108.88,112.91,"158,154,243"
2/1/2023,102.53,106.24,101.24,105.15,"80,450,121"
1/31/2023,101.16,103.35,101.14,103.13,"66,527,253"
1/30/2023,101.09,101.74,99.01,100.55,"70,691,860"
1/27/2023,99.53,103.49,99.53,102.24,"87,775,614"
1/26/2023,98.24,99.49,96.92,99.22,"68,523,557"
1/25/2023,92.56,97.24,91.52,97.18,"94,261,570"
1/24/2023,96.93,98.09,96,96.32,"66,929,452"
1/23/2023,97.56,97.78,95.86,97.52,"76,501,103"
1/20/2023,93.86,97.35,93.2,97.25,"67,481,539"
1/19/2023,94.74,95.44,92.86,93.68,"69,002,663"
1/18/2023,97.25,99.32,95.38,95.46,"79,570,370"
1/17/2023,98.68,98.89,95.73,96.05,"72,755,001"
1/13/2023,94.18,98.37,94.12,98.12,"85,549,432"
1/12/2023,96.93,97.19,93.5,95.27,"85,254,781"
1/11/2023,90.93,95.26,90.93,95.09,"103,126,183"
1/10/2023,87.57,90.19,87.29,89.87,"67,756,601"
1/9/2023,87.46,89.48,87.08,87.36,"65,266,056"
1/6/2023,83.03,86.4,81.43,86.08,"83,303,361"
1/5/2023,85.33,85.42,83.07,83.12,"67,930,825"
1/4/2023,86.55,86.98,83.36,85.14,"68,885,123"
1/3/2023,85.46,86.96,84.21,85.82,"76,706,040"
12/30/2022,83.12,84.05,82.47,84,"62,401,194"
12/29/2022,82.87,84.55,82.55,84.18,"54,995,895"
12/28/2022,82.8,83.48,81.69,81.82,"58,228,575"
12/27/2022,84.97,85.35,83,83.04,"57,284,035"
12/23/2022,83.25,85.78,82.93,85.25,"57,433,655"
12/22/2022,85.52,85.68,82.25,83.79,"81,431,314"
12/21/2022,86.18,87.23,85.21,86.77,"59,267,156"
12/20/2022,85.33,86.61,84.33,85.19,"74,348,301"
12/19/2022,87.51,87.63,84.51,84.92,"83,531,460"
12/16/2022,88.27,89.35,86.73,87.86,"146,144,064"
12/15/2022,89.89,89.97,87.47,88.45,"84,802,877"
12/14/2022,92.5,93.46,89.87,91.58,"70,298,006"
12/13/2022,95.23,96.25,90.52,92.49,"100,212,038"
12/12/2022,89.21,90.58,87.87,90.55,"61,999,762"
12/9/2022,88.9,90.3,88.63,89.09,"67,398,506"
12/8/2022,89.24,90.86,87.88,90.35,"73,305,887"
12/7/2022,88.34,89.89,87.48,88.46,"68,086,880"
12/6/2022,90.5,91.04,87.9,88.25,"75,503,628"
12/5/2022,93.05,94.06,90.82,91.01,"71,535,526"
12/2/2022,94.48,95.36,93.78,94.13,"72,496,388"
12/1/2022,96.99,97.23,94.92,95.5,"68,487,969"
11/30/2022,92.47,96.54,91.53,96.54,"102,805,806"
11/29/2022,94.04,94.41,91.44,92.42,"65,567,286"
11/28/2022,93.93,96.4,93.43,93.95,"75,062,316"
11/25/2022,93.79,94.43,93.07,93.41,"35,088,609"
11/23/2022,93.24,94.58,92.83,94.13,"59,414,684"
11/22/2022,92.62,93.35,90.87,93.2,"62,191,962"
11/21/2022,93.97,95.02,90.59,92.46,"84,330,270"
11/18/2022,95.95,95.99,92.48,94.14,"72,428,185"
11/17/2022,95.37,96.97,94.03,94.85,"82,617,865"
11/16/2022,96.85,98.49,95.54,97.12,"87,958,828"
11/15/2022,103.21,103.79,97.34,98.94,"111,336,317"
11/14/2022,98.77,100.12,97.29,98.49,"99,533,072"
11/11/2022,97.88,101.19,96.66,100.79,"111,590,544"
11/10/2022,92.94,98.69,91.65,96.63,"173,414,862"
11/9/2022,89.47,89.48,85.87,86.14,"90,796,249"
11/8/2022,90.79,91.72,88.23,89.98,"88,703,370"
11/7/2022,91.95,92.1,89.04,90.53,"77,495,728"
11/4/2022,91.49,92.44,88.04,90.98,"129,101,336"
11/3/2022,92.47,93.5,89.02,89.3,"136,683,303"
11/2/2022,97.32,97.74,92.01,92.12,"135,761,798"
11/1/2022,103.99,104.58,96.06,96.79,"153,370,032"
10/31/2022,103.56,104.87,100.74,102.44,"99,251,395"
10/28/2022,97.91,103.96,97.66,103.41,"223,133,398"
10/27/2022,113.92,114.12,109.77,110.96,"129,605,362"
10/26/2022,116,119.35,114.76,115.66,"69,002,457"
10/25/2022,119.65,121.32,118.95,120.6,"50,934,609"
10/24/2022,119.98,120.39,116.57,119.82,"49,531,523"
10/21/2022,114.79,119.59,114.5,119.32,"55,660,485"
10/20/2022,113.83,118.24,113.51,115.25,"48,795,104"
10/19/2022,114.71,116.59,113.22,115.07,"47,198,122"
10/18/2022,119.06,119.52,114.79,116.36,"65,607,448"
10/17/2022,110.11,114.19,110.09,113.79,"62,781,985"
10/14/2022,114.1,114.96,106.6,106.9,"67,737,344"
10/13/2022,107.88,113.44,105.35,112.53,"86,868,103"
10/12/2022,112.49,113.83,111.4,112.9,"45,728,660"
10/11/2022,112.71,115.48,110.39,112.21,"56,432,233"
10/10/2022,115.1,116.25,112.43,113.67,"42,339,675"
10/7/2022,118,118.17,113.88,114.56,"54,677,980"
10/6/2022,120.77,121.53,119.5,120.3,"42,253,755"
10/5/2022,118.58,121.75,117.69,120.95,"48,217,535"
10/4/2022,119.89,123,119.79,121.09,"62,812,564"
10/3/2022,113.58,116.91,112.45,115.88,"50,941,854"
9/30/2022,114.08,116.92,112.84,113,"59,479,586"
9/29/2022,115.6,116.07,113.06,114.8,"58,969,714"
9/28/2022,114.38,118.7,113.8,118.01,"55,763,750"
9/27/2022,117.2,118.32,113.05,114.41,"60,094,693"
9/26/2022,113.3,117.34,113.13,115.15,"62,723,268"
9/23/2022,116,116.05,112.06,113.78,"65,126,665"
9/22/2022,117.08,118.79,116.26,117.31,"55,229,190"
9/21/2022,122.49,123.76,118.45,118.54,"58,498,887"
9/20/2022,123.35,124.4,121.14,122.19,"47,698,432"
9/19/2022,122.16,124.71,121.8,124.66,"47,279,727"
9/16/2022,122.78,123.87,120.7,123.53,"115,667,804"
9/15/2022,127.38,130.37,125.5,126.28,"52,887,196"
9/14/2022,127.36,128.84,126.33,128.55,"45,316,772"
9/13/2022,131.01,131.4,126.27,126.82,"72,694,010"
9/12/2022,134.1,136.49,134,136.45,"53,826,859"
9/9/2022,130.91,133.69,130.76,133.27,"49,422,259"
9/8/2022,127.72,130.28,127.1,129.82,"43,988,509"
9/7/2022,126.12,129.82,125.4,129.48,"47,834,487"
9/6/2022,127.92,128.62,124.74,126.11,"43,888,587"
9/2/2022,129.5,131.38,126.39,127.51,"57,429,829"
9/1/2022,126,128.02,123.66,127.82,"56,636,145"
8/31/2022,129.45,130.59,126.74,126.77,"53,648,702"
8/30/2022,131.25,132.07,126.85,128.73,"49,202,990"
8/29/2022,129.9,131.95,128.77,129.79,"48,101,638"
8/26/2022,136.55,137.83,130.5,130.75,"53,322,663"
8/25/2022,135.26,137.42,134.28,137.28,"37,496,283"
8/24/2022,132.75,135.47,132.1,133.8,"38,626,978"
8/23/2022,133.41,134.99,132.95,133.62,"36,252,103"
8/22/2022,135.72,136.32,132.85,133.22,"50,461,504"
8/19/2022,140.47,141.11,137.91,138.23,"47,792,843"
8/18/2022,141.32,142.77,140.38,142.3,"37,458,737"
8/17/2022,142.69,143.38,140.78,142.1,"48,149,778"
8/16/2022,143.91,146.57,142,144.78,"59,102,859"
8/15/2022,142.8,143.76,141.49,143.18,"39,014,583"
8/12/2022,142.05,143.57,140.12,143.55,"47,643,484"
8/11/2022,143.86,144.49,139.76,140.64,"44,867,336"
8/10/2022,142.9,144.6,141.01,142.69,"54,773,819"
8/9/2022,138.05,138.95,136.21,137.83,"40,434,715"
8/8/2022,142.05,144.23,138.29,139.41,"52,303,475"
8/5/2022,140.1,142.86,139.6,140.8,"50,686,865"
8/4/2022,140.58,143.56,139.55,142.57,"70,585,020"
8/3/2022,136.21,140.49,136.05,139.52,"71,827,780"
8/2/2022,134.72,137.44,134.09,134.16,"61,922,429"
8/1/2022,134.96,138.83,133.51,135.39,"76,846,908"
7/29/2022,134.9,137.65,132.41,134.95,"148,892,889"
7/28/2022,121.57,122.84,118.08,122.28,"82,245,543"
7/27/2022,117.31,121.9,117.16,120.97,"61,582,015"
7/26/2022,115.79,118.15,114.53,114.81,"67,075,064"
7/25/2022,122.7,123.64,120.03,121.14,"50,221,259"
7/22/2022,125.01,125.5,121.35,122.42,"51,463,797"
7/21/2022,123.2,124.85,121.26,124.63,"60,239,892"
7/20/2022,118.62,123.48,118.32,122.77,"71,268,322"
7/19/2022,115.7,118.95,114.03,118.21,"60,990,043"
7/18/2022,115,117.24,113.15,113.76,"59,115,419"
7/15/2022,112.5,115.59,111.59,113.55,"84,317,816"
7/14/2022,110.24,111.18,107.58,110.63,"51,163,140"
7/13/2022,107.03,111.78,106.01,110.4,"61,353,812"
7/12/2022,112.16,113.23,108.34,109.22,"54,280,257"
7/11/2022,114.08,114.3,110.87,111.75,"53,540,019"
7/8/2022,114.6,116.58,113.69,115.54,"45,719,694"
7/7/2022,113.85,116.99,113.49,116.33,"57,872,323"
7/6/2022,113.21,115.48,112.01,114.33,"66,958,884"
7/5/2022,107.6,114.08,106.32,113.5,"76,684,414"
7/1/2022,106.29,109.75,105.85,109.56,"73,021,171"
6/30/2022,108.11,108.18,102.52,106.21,"97,679,401"
6/29/2022,107.38,110.99,106.91,108.92,"66,375,341"
6/28/2022,113.5,114.85,107.04,107.4,"75,172,028"
6/27/2022,117.09,117.98,112.7,113.22,"62,133,240"
6/24/2022,112.38,116.71,111.43,116.46,"69,867,618"
6/23/2022,110.39,113,107.93,112.44,"64,345,300"
6/22/2022,107.43,112.13,107.02,108.95,"60,040,131"
6/21/2022,108.2,111.63,103.56,108.68,"70,901,245"
6/17/2022,102.8,106.98,102.51,106.22,"99,772,147"
6/16/2022,104.47,104.58,102.01,103.66,"82,186,301"
6/15/2022,103.86,109.06,103.53,107.67,"85,011,060"
6/14/2022,104.19,104.88,101.43,102.31,"69,728,761"
6/13/2022,104.19,106.54,101.86,103.67,"99,277,742"
6/10/2022,113.42,114.5,109.05,109.65,"87,412,245"
6/9/2022,119.99,121.3,116.1,116.15,"67,029,842"
6/8/2022,122.61,123.75,120.75,121.18,"64,926,594"
6/7/2022,122.01,124.1,120.63,123,"85,156,712"
6/6/2022,125.25,128.99,123.81,124.79,"135,269,024"
6/3/2022,124.2,124.4,121.05,122.35,"97,603,320"
6/2/2022,121.68,125.61,120.05,125.51,"100,560,680"
6/1/2022,122.26,125.18,120.62,121.68,"127,528,980"
5/31/2022,116.28,121.99,115.68,120.21,"144,634,160"
5/27/2022,113.55,115.19,112.63,115.15,"93,660,160"
5/26/2022,107.97,112.67,107.45,111.08,"93,002,600"
5/25/2022,103.66,108.17,103.65,106.78,"93,120,100"
5/24/2022,104.03,105.4,101.26,104.1,"102,934,680"
5/23/2022,108.46,108.82,103.95,107.56,"107,797,360"
5/20/2022,109.57,109.9,105.01,107.59,"99,500,640"
5/19/2022,106.28,110.03,106.19,107.32,"88,142,540"
5/18/2022,111.44,112.85,106.25,107.11,"108,379,180"
5/17/2022,113.28,115.8,111.28,115.37,"76,447,740"
5/16/2022,113.1,113.99,110.35,110.81,"74,565,740"
5/13/2022,109.07,113.18,107.8,113.05,"93,684,560"
5/12/2022,102.75,110.78,102.41,106.93,"132,025,140"
5/11/2022,108.1,110.16,104.43,105.37,"109,703,640"
5/10/2022,111.25,112.64,107.17,108.86,"105,433,820"
5/9/2022,111.31,114,107.96,108.79,"128,124,380"
5/6/2022,114.85,119.05,113.08,114.77,"124,259,900"
5/5/2022,123,123.5,115.07,116.41,"144,391,220"
5/4/2022,123.6,126,119.18,125.93,"110,745,360"
5/3/2022,124.05,126.22,122.83,124.25,"79,133,360"
5/2/2022,122.4,124.67,118.38,124.5,"148,788,980"
4/29/2022,129.85,130.76,121.63,124.28,"272,661,720"
4/28/2022,142.18,145.94,140.3,144.6,"117,316,940"
4/27/2022,140.19,141.95,135.78,138.17,"71,336,300"
4/26/2022,144.8,144.86,138.93,139.39,"77,529,160"
4/25/2022,144.02,146.22,142.31,146.07,"61,874,980"
4/22/2022,148.25,149.62,143.7,144.35,"73,078,580"
4/21/2022,154.71,156.74,147.59,148.3,"63,969,320"
4/20/2022,157.6,157.6,153.6,154,"59,630,020"
4/19/2022,152.03,158.65,151.55,158.12,"54,926,420"
4/18/2022,151.52,154.04,150.25,152.79,"46,513,520"
4/14/2022,155.39,155.9,151.47,151.71,"51,598,140"
4/13/2022,150.02,156.03,149.6,155.54,"53,390,880"
4/12/2022,153.69,155.1,150.38,150.79,"55,177,440"
4/11/2022,152.71,154.14,150.53,151.12,"52,112,340"
4/8/2022,156.75,157.37,154.23,154.46,"46,001,660"
4/7/2022,158.4,160.08,154.51,157.78,"68,136,780"
4/6/2022,161.65,162.2,157.25,158.76,"79,055,760"
4/5/2022,167.74,168.11,163.27,164.06,"53,728,560"
4/4/2022,164.13,168.39,163.21,168.35,"50,007,960"
4/1/2022,164.15,165.83,162.32,163.56,"57,089,500"
3/31/2022,166.44,166.5,162.95,163,"59,965,780"
3/30/2022,168.51,168.95,165.5,166.3,"56,167,260"
3/29/2022,170.38,170.83,167.87,169.32,"66,153,600"
3/28/2022,164.98,169.04,164.9,168.99,"59,853,820"
3/25/2022,164,165.37,162.25,164.77,"49,085,500"
3/24/2022,163.75,164.12,160.05,163.65,"56,798,060"
3/23/2022,163.7,166.37,162.69,163.41,"55,811,860"
3/22/2022,161.81,166.17,161.7,164.89,"64,086,120"
3/21/2022,161.12,163.08,159.55,161.49,"66,537,520"
3/18/2022,156.81,161.59,156.01,161.25,"102,962,760"
3/17/2022,152.64,157.5,152.14,157.24,"72,934,840"
3/16/2022,148.5,153.15,147.35,153.1,"84,957,680"
3/15/2022,142.85,147.98,142,147.37,"75,584,600"
3/14/2022,145.98,147.45,140.88,141.85,"74,086,100"
3/11/2022,149.57,149.68,145.37,145.52,"68,900,560"
3/10/2022,145.69,148.67,143.98,146.82,"135,062,900"
3/9/2022,139.5,140.25,136.83,139.28,"82,656,660"
3/8/2022,136.68,140.7,133.57,136.01,"91,662,580"
3/7/2022,145.44,146.09,137.42,137.45,"86,933,860"
3/4/2022,147.16,147.85,143.81,145.64,"60,983,120"
3/3/2022,153.53,153.93,146.86,147.9,"65,197,200"
3/2/2022,150.85,153,148.75,152.05,"47,334,720"
3/1/2022,152.73,154.1,149.98,151.14,"44,873,580"
2/28/2022,152.43,154.45,150.85,153.56,"57,683,420"
2/25/2022,150.55,153.99,149.21,153.79,"62,395,360"
2/24/2022,139.84,151.75,139.5,151.36,"100,785,760"
2/23/2022,151.65,151.76,144.65,144.83,"64,243,560"
2/22/2022,150.48,152.98,148.49,150.2,"66,128,240"
2/18/2022,155.5,155.5,150.89,152.6,"63,604,100"
2/17/2022,158.15,160.35,154.5,154.65,"64,032,500"
2/16/2022,155.79,158.83,154.73,158.1,"52,704,280"
2/15/2022,157.61,158.01,154.64,156.51,"56,970,660"
2/14/2022,151.75,158.45,151.65,155.17,"83,230,700"
2/11/2022,158.13,159,152.73,153.29,"77,100,440"
2/10/2022,158.35,160.72,157.75,159,"68,268,120"
2/9/2022,162.87,163.83,160.25,161.19,"68,785,600"
2/8/2022,156.75,161.79,155.55,161.41,"76,040,360"
2/7/2022,158.52,162.69,157.25,157.94,"102,624,380"
2/4/2022,155.61,161.2,150.61,157.64,"253,455,860"
2/3/2022,141.74,144.25,138.33,138.85,"225,531,360"
2/2/2022,155.05,155.08,148.86,150.61,"87,329,760"
2/1/2022,150,151.71,147.63,151.19,"59,219,840"
1/31/2022,144.75,150.36,144.3,149.57,"78,307,440"
1/28/2022,140.86,144,137.93,143.98,"74,391,980"
1/27/2022,140.8,144.24,139.35,139.64,"77,515,800"
1/26/2022,144.75,145.18,137.32,138.87,"95,601,700"
1/25/2022,142.24,143.6,138.15,139.99,"90,824,660"
1/24/2022,139,144.95,135.35,144.54,"156,044,740"
1/21/2022,149.95,150.9,142.07,142.64,"163,971,440"
1/20/2022,156.77,158,151.35,151.67,"71,973,320"
1/19/2022,158.76,159.25,156.25,156.3,"53,241,920"
1/18/2022,159.11,159.73,157.66,158.92,"67,441,440"
1/14/2022,160.15,162.25,159.8,162.14,"45,974,860"
1/13/2022,165.25,166.22,161.09,161.21,"52,188,300"
1/12/2022,166.58,166.88,164.42,165.21,"50,029,120"
1/11/2022,161.5,166.35,160.7,165.36,"62,805,580"
1/10/2022,160.59,161.66,156.3,161.49,"87,798,300"
1/7/2022,163.84,165.24,162.03,162.55,"46,605,900"
1/6/2022,163.45,164.8,161.94,163.25,"51,957,780"
1/5/2022,166.88,167.13,164.36,164.36,"64,302,720"
1/4/2022,170.44,171.4,166.35,167.52,"70,725,160"
1/3/2022,167.55,170.7,166.16,170.4,"63,869,140"
12/31/2021,168.96,169.35,166.56,166.72,"47,830,380"
12/30/2021,169.7,170.89,168.52,168.64,"37,583,100"
12/29/2021,170.84,171.21,168.6,169.2,"35,754,040"
12/28/2021,170.18,172.18,169.14,170.66,"54,711,860"
12/27/2021,171.04,172.94,169.22,169.67,"58,846,820"
12/23/2021,170.43,171.98,170.15,171.07,"36,788,240"
12/22/2021,169.27,172.05,168.5,171.04,"55,035,460"
12/21/2021,167.85,170.72,165.65,170.42,"55,955,820"
12/20/2021,166.85,167.87,165.6,167.08,"57,372,660"
12/17/2021,167.71,170.9,165.61,170.02,"85,755,160"
12/16/2021,173.37,174.17,168.16,168.87,"60,876,840"
12/15/2021,168.6,173.6,165.2,173.32,"75,794,260"
12/14/2021,167.55,169.5,166.44,169.09,"55,975,280"
12/13/2021,172,172.1,169.13,169.57,"62,169,000"
12/10/2021,175.42,175.93,170.5,172.21,"60,689,760"
12/9/2021,175.75,176.97,174.14,174.17,"46,061,820"
12/8/2021,176.15,177.18,174.75,176.16,"45,253,660"
12/7/2021,174.6,177.5,173.33,176.16,"66,410,720"
12/6/2021,169.65,173.7,166.93,171.37,"68,860,000"
12/3/2021,172.75,173.49,166.93,169.49,"80,711,000"
12/2/2021,173,174.64,171.19,171.87,"64,725,760"
12/1/2021,177.25,177.99,172.08,172.19,"75,139,900"
11/30/2021,178.18,179.29,174.6,175.35,"80,022,140"
11/29/2021,177.38,179.8,176.58,178.08,"65,311,140"
11/26/2021,180.1,181.68,175.21,175.23,"59,825,940"
11/24/2021,178.13,180.68,176.84,179.02,"46,560,360"
11/23/2021,179.25,181.05,176.39,179,"73,844,920"
11/22/2021,183.82,185.67,178.38,178.63,"96,957,000"
11/19/2021,185.63,188.11,183.79,183.83,"98,924,060"
11/18/2021,178.32,185.21,178.05,184.8,"114,070,760"
11/17/2021,178.24,179.36,177.27,177.45,"51,205,400"
11/16/2021,176.95,178.83,176.26,177.04,"44,341,420"
11/15/2021,176.85,179.69,176.29,177.28,"58,594,380"
11/12/2021,174.25,177.04,172.35,176.26,"53,788,680"
11/11/2021,175.65,177.16,173.37,173.63,"45,288,120"
11/10/2021,178.19,180.27,173.15,174.1,"80,548,440"
11/9/2021,175.76,179.69,175.07,178.81,"85,898,440"
11/8/2021,176.16,178.95,174.39,174.45,"61,479,840"
11/5/2021,173.85,178.31,173.85,175.95,"99,939,020"
11/4/2021,168.5,174.93,168.25,173.85,"107,060,400"
11/3/2021,165.45,169.75,164.88,169.2,"67,943,780"
11/2/2021,165.75,166.56,164.18,165.64,"52,551,800"
11/1/2021,168.09,168.79,164.6,165.91,"72,177,580"
10/29/2021,165,168.74,163.67,168.62,"129,721,540"
10/28/2021,170.1,173.95,169.3,172.33,"114,174,660"
10/27/2021,169.4,171.85,168.57,169.62,"54,044,480"
10/26/2021,167.48,170.81,167.2,168.8,"53,966,840"
10/25/2021,166.75,167.39,164.89,166.02,"44,519,120"
10/22/2021,171.05,171.49,166.57,166.78,"62,781,060"
10/21/2021,170.71,172.01,170.15,171.75,"37,627,700"
10/20/2021,172.63,173.14,170.02,170.75,"42,795,540"
10/19/2021,171.71,172.73,171.1,172.21,"47,721,580"
10/18/2021,169.42,172.46,169.26,172.34,"63,482,300"
10/15/2021,165.57,170.52,165.2,170.45,"103,598,820"
10/14/2021,165.12,165.63,164.54,164.99,"42,240,400"
10/13/2021,163.49,164.42,163.05,164.21,"48,501,720"
10/12/2021,162.85,163.38,161.81,162.37,"36,391,420"
10/11/2021,163.75,164.63,161.91,162.32,"40,684,060"
10/8/2021,165.85,166.07,164.41,164.43,"39,964,340"
10/7/2021,164.58,166.29,164.15,165.12,"48,181,500"
10/6/2021,160.68,163.22,159.93,163.1,"50,659,540"
10/5/2021,160.23,163.04,160.12,161.05,"65,384,160"
10/4/2021,163.97,164,158.81,159.49,"90,461,140"
10/1/2021,164.45,165.46,162.8,164.16,"56,712,340"
9/30/2021,165.8,166.39,163.7,164.25,"56,940,660"
9/29/2021,166.11,167.57,164.89,165.06,"51,245,360"
9/28/2021,167.89,168.46,164.51,165.8,"88,616,380"
9/27/2021,168.58,170.78,166.98,170.29,"72,689,000"
9/24/2021,170.1,171.46,169.67,171.28,"42,324,820"
9/23/2021,169,171.45,169,170.8,"47,588,280"
9/22/2021,167.55,169.45,167.05,169,"48,228,060"
9/21/2021,168.75,168.98,166.62,167.18,"55,617,560"
9/20/2021,169.8,170.95,165.25,167.79,"93,382,600"
9/17/2021,174.42,174.87,172.61,173.13,"92,331,120"
9/16/2021,173,174.63,172.31,174.41,"51,671,960"
9/15/2021,172.13,174.27,170.1,173.79,"59,150,740"
9/14/2021,173.78,174.34,171.89,172.5,"38,737,940"
9/13/2021,174.14,174.9,171.9,172.86,"51,380,440"
9/10/2021,175.09,175.42,173.15,173.46,"47,945,380"
9/9/2021,176.3,177.5,174.02,174.21,"54,384,820"
9/8/2021,175.58,177.28,174.78,176.28,"61,067,280"
9/7/2021,173.9,176.4,173.85,175.46,"54,823,680"
9/3/2021,172.6,174.13,171.82,173.9,"51,566,480"
9/2/2021,174.74,175.6,172.75,173.16,"58,511,880"
9/1/2021,174.82,176.35,173.76,173.95,"72,598,220"
8/31/2021,171.24,173.63,169.78,173.54,"87,128,260"
8/30/2021,167.87,172.25,167.76,171.08,"63,844,880"
8/27/2021,166.66,167.62,165.69,167.48,"48,047,380"
8/26/2021,164.95,166.6,164.8,165.8,"41,975,220"
8/25/2021,165.49,166.05,164.31,164.96,"33,606,120"
8/24/2021,164,165.77,163.73,165.29,"51,036,820"
8/23/2021,160.6,164.05,160.5,163.29,"65,362,620"
8/20/2021,160.19,160.39,158.79,160,"67,168,560"
8/19/2021,159.7,161.65,159.12,159.39,"75,657,240"
8/18/2021,162.1,162.7,160,160.06,"56,086,220"
8/17/2021,163.88,164.02,161.28,162.1,"67,758,440"
8/16/2021,164.15,165,160.56,164.95,"66,569,880"
8/13/2021,165.28,165.3,164.15,164.7,"41,133,980"
8/12/2021,164.5,165.73,163.48,165.18,"46,476,460"
8/11/2021,166.57,166.89,163.89,164.61,"58,944,980"
8/10/2021,167.25,167.9,165.75,166.03,"48,251,020"
8/9/2021,167.18,167.74,166.43,167.09,"42,964,400"
8/6/2021,168.75,168.75,166.45,167.25,"52,752,880"
8/5/2021,167.81,169.45,167.05,168.8,"48,670,060"
8/4/2021,168.97,169.44,167.28,167.74,"43,678,900"
8/3/2021,167.04,169.55,164.99,168.31,"83,146,860"
8/2/2021,167.66,167.95,165.85,166.57,"67,078,300"
7/30/2021,167.4,168.41,165.35,166.38,"199,311,860"
7/29/2021,181.39,181.9,179,180,"110,399,040"
7/28/2021,181.69,182.92,180.05,181.52,"59,987,560"
7/27/2021,184.93,184.93,179.31,181.32,"82,637,800"
7/26/2021,183.66,185.6,182.36,184.99,"58,001,360"
7/23/2021,182,183.31,181.1,182.83,"48,725,840"
7/22/2021,179.36,182,179.11,181.9,"65,307,040"
7/21/2021,178.82,179.32,177.18,179.26,"46,379,780"
7/20/2021,178.37,179.6,175.9,178.66,"65,113,600"
7/19/2021,176.63,177.51,174.96,177.48,"75,691,900"
7/16/2021,181.67,182.3,178.52,178.68,"80,874,120"
7/15/2021,184.71,184.77,181.05,181.56,"63,705,840"
7/14/2021,185.44,185.88,183.04,184.08,"65,931,360"
7/13/2021,185.11,188.65,183.57,183.87,"76,918,340"
7/12/2021,187.2,187.86,184.84,185.93,"51,432,700"
7/9/2021,186.13,187.4,184.67,185.97,"74,964,740"
7/8/2021,182.18,188,181.06,186.57,"103,612,460"
7/7/2021,185.87,186.71,183.95,184.83,"106,561,240"
7/6/2021,176.51,184.27,176.45,183.79,"134,895,360"
7/2/2021,172.58,175.59,171.85,175.55,"63,533,940"
7/1/2021,171.73,172.85,170.47,171.65,"40,741,060"
6/30/2021,172.05,173.58,171.75,172.01,"48,079,840"
6/29/2021,171.94,172.8,171.15,172.41,"41,968,780"
6/28/2021,170.8,172.4,170.68,172.19,"44,855,860"
6/25/2021,173.2,173.24,169.71,170.07,"78,819,940"
6/24/2021,175.38,176.24,171.54,172.45,"76,639,980"
6/23/2021,175.25,176.05,174.16,175.19,"56,266,820"
6/22/2021,172.9,176.19,172.8,175.27,"66,901,640"
6/21/2021,173.82,174.1,171.7,172.7,"65,542,600"
6/18/2021,174,175.35,173.69,174.35,"104,954,740"
6/17/2021,170.16,174.86,170.05,174.46,"102,730,620"
6/16/2021,169.6,171.32,168.03,170.76,"84,055,640"
6/15/2021,169.2,169.85,168.16,169.16,"48,524,000"
6/14/2021,167.34,169.25,166.78,169.19,"51,393,100"
6/11/2021,167.48,168.33,166.67,167.34,"56,347,040"
6/10/2021,164.1,167.55,164.06,167.48,"69,529,600"
6/9/2021,163.64,164.88,163.54,164.06,"49,110,600"
6/8/2021,161.13,163.98,160.9,163.21,"68,334,600"
6/7/2021,159.87,160.4,158.61,159.9,"44,315,120"
6/4/2021,160.6,161.05,159.94,160.31,"44,994,980"
6/3/2021,160.21,160.72,159.2,159.35,"47,965,860"
6/2/2021,161.16,161.75,160.4,161.7,"40,290,480"
6/1/2021,162.17,162.55,160.45,160.93,"48,600,900"
5/28/2021,162.1,162.4,160.98,161.15,"46,630,180"
5/27/2021,162.8,163.02,161.5,161.51,"51,223,140"
5/26/2021,163.73,164.79,162.93,163.26,"47,679,720"
5/25/2021,163.33,163.99,160.69,162.95,"65,222,180"
5/24/2021,160.78,162.9,160.52,162.25,"48,456,260"
5/21/2021,162.5,162.83,159.85,160.15,"82,097,640"
5/20/2021,162.22,162.98,161.81,162.38,"52,663,840"
5/19/2021,159.75,161.74,159.2,161.59,"53,594,160"
5/18/2021,164.63,165.6,161.52,161.61,"56,567,820"
5/17/2021,162.3,164.64,161.73,163.52,"74,478,500"
5/14/2021,159.28,161.44,159.15,161.15,"66,500,440"
5/13/2021,159.27,160.19,156.65,158.07,"67,137,540"
5/12/2021,159.25,160.4,156.66,157.6,"98,728,200"
5/11/2021,156.81,161.9,156.37,161.2,"92,395,620"
5/10/2021,164.12,164.15,159.5,159.52,"116,772,060"
5/7/2021,165.95,166.54,164.45,164.58,"94,205,520"
5/6/2021,163.5,165.72,162.36,165.32,"88,953,920"
5/5/2021,166.94,167.73,163.22,163.53,"74,226,160"
5/4/2021,167.81,168.4,163.61,165.59,"108,788,980"
5/3/2021,174.24,174.33,168.64,169.32,"117,510,600"
4/30/2021,176.26,177.7,173.13,173.37,"140,186,920"
4/29/2021,175.25,175.72,171.75,173.57,"153,647,620"
4/28/2021,171.74,174.49,171.25,172.93,"92,637,680"
4/27/2021,172.17,173,169.9,170.87,"76,542,800"
4/26/2021,167.4,171.42,166.55,170.45,"97,614,160"
4/23/2021,165.95,168.75,165.43,167.04,"63,933,040"
4/22/2021,168.58,168.64,165.07,165.45,"51,611,800"
4/21/2021,165.8,168.14,165.19,168.1,"44,223,320"
4/20/2021,168.68,169.15,165.8,166.73,"52,460,640"
4/19/2021,169.52,171.8,168.01,168.6,"54,508,100"
4/16/2021,169,170.34,167.78,169.97,"63,720,980"
4/15/2021,168.55,169.85,167.6,168.95,"64,671,600"
4/14/2021,170.2,170.21,166.3,166.65,"62,904,080"
4/13/2021,170.04,171.6,169.78,170,"66,316,740"
4/12/2021,167.76,169.75,167.56,168.97,"65,635,960"
4/9/2021,165.23,168.61,164.45,168.61,"86,829,460"
4/8/2021,165.55,166.23,164.6,164.97,"56,241,800"
4/7/2021,161.69,165.18,161.18,163.97,"66,924,540"
4/6/2021,161.19,162.37,160.85,161.19,"50,756,180"
4/5/2021,158.65,161.8,158.06,161.34,"66,697,640"
4/1/2021,155.9,158.12,155.78,158.05,"58,806,360"
3/31/2021,153.2,155.97,153.13,154.7,"61,877,920"
3/30/2021,153.5,153.65,151.7,152.76,"46,752,060"
3/29/2021,152.77,154.56,151.42,153.79,"54,919,360"
3/26/2021,152.2,152.83,149.8,152.6,"66,258,480"
3/25/2021,153.65,155.49,151.86,152.31,"71,269,380"
3/24/2021,157.55,158.02,154.26,154.35,"59,179,620"
3/23/2021,156.35,159.1,156.04,156.88,"76,345,260"
3/22/2021,153.39,156.33,153,155.54,"58,043,580"
3/19/2021,151.46,153.86,150.83,153.75,"92,507,080"
3/18/2021,155.05,155.83,151.25,151.4,"73,140,540"
3/17/2021,153.66,158.65,153.51,156.79,"62,371,680"
3/16/2021,155.25,156.45,153.79,154.59,"50,775,280"
3/15/2021,153.73,154.11,151.6,154.08,"58,371,840"
3/12/2021,153.75,154.95,152.28,154.47,"48,437,760"
3/11/2021,155.2,156.59,154.15,155.68,"55,527,820"
3/10/2021,154.92,155.82,151.5,152.88,"60,249,780"
3/9/2021,150.9,154.55,150.26,153.14,"80,600,640"
3/8/2021,150.75,153.23,147.57,147.6,"83,700,160"
3/5/2021,150.25,150.45,144.05,150.02,"107,771,020"
3/4/2021,150.6,152.91,147.27,148.88,"109,631,560"
3/3/2021,154.06,155.39,149.75,150.25,"79,774,500"
3/2/2021,157.17,158.18,154.36,154.73,"51,915,240"
3/1/2021,156.39,157.48,154.9,157.31,"54,679,260"
2/26/2021,154.76,156.12,151.83,154.65,"85,518,600"
2/25/2021,156.84,158.91,152.39,152.86,"90,676,020"
2/24/2021,158.34,158.56,156.27,157.98,"60,225,500"
2/23/2021,156.35,160.24,154.68,159.73,"93,544,440"
2/22/2021,160.41,161.62,158.61,159.04,"70,313,580"
2/19/2021,166.41,166.68,162.29,162.5,"86,103,680"
2/18/2021,164.12,166.9,163.7,166.41,"60,672,140"
2/17/2021,163.18,166.05,162.97,165.43,"66,041,980"
2/16/2021,162.7,165.42,162.68,163.45,"51,494,420"
2/12/2021,162.5,164.01,161.67,163.89,"46,706,780"
2/11/2021,164.6,164.6,162.4,163.11,"46,028,340"
2/10/2021,165.7,165.9,162.7,164.33,"63,031,000"
2/9/2021,165.62,166.9,164.89,165.25,"44,070,520"
2/8/2021,167.93,168.25,165.2,166.15,"65,147,820"
2/5/2021,165.95,168.85,165.14,167.61,"72,416,160"
2/4/2021,166.5,167.35,163.89,166.55,"73,413,220"
2/3/2021,171.25,171.7,165.43,165.63,"141,775,620"
2/2/2021,169,171.39,168.06,169,"141,972,740"
2/1/2021,162.12,167.51,161.75,167.14,"83,204,240"
1/29/2021,161.5,161.85,159.23,160.31,"85,871,120"
1/28/2021,161.75,165.08,161.43,161.88,"62,984,560"
1/27/2021,167.07,167.33,160.35,161.63,"93,203,160"
1/26/2021,164.82,166.9,164.14,166.31,"59,104,700"
1/25/2021,166.43,168.19,162.16,164.7,"74,995,160"
1/22/2021,165.22,166.1,164.16,164.61,"56,438,280"
1/21/2021,164.65,167.43,164.48,165.35,"98,901,020"
1/20/2021,159.1,163.99,158.75,163.17,"106,196,700"
1/19/2021,155.35,157.25,154.8,156.04,"66,102,840"
1/15/2021,156.15,157.13,154.76,155.21,"84,879,900"
1/14/2021,158.38,158.9,156.03,156.37,"61,418,380"
1/13/2021,156.42,159.5,156.1,158.29,"66,424,880"
1/12/2021,156,157.11,154.3,156.04,"70,291,640"
1/11/2021,157.4,157.82,155.5,155.71,"73,381,900"
1/8/2021,159,159.53,157.11,159.14,"70,754,880"
1/7/2021,157.85,160.43,157.75,158.11,"70,290,900"
1/6/2021,157.32,159.88,156.56,156.92,"87,896,300"
1/5/2021,158.3,161.17,158.25,160.93,"53,110,960"
1/4/2021,163.5,163.6,157.2,159.33,"88,228,980"
12/31/2020,163.75,164.15,162.06,162.85,"59,144,120"
12/30/2020,167.05,167.11,164.12,164.29,"64,186,200"
12/29/2020,165.5,167.53,164.06,166.1,"97,458,660"
12/28/2020,159.7,165.2,158.63,164.2,"113,735,740"
