,ASTS (NASD),,,,
Date,Open,High,Low,Close,Volume
12/23/2025,82.23,87.75,81.98,85.67,"18,077,385"
12/22/2025,79.66,87.03,77.92,86.48,"18,741,390"
12/19/2025,67.73,76.44,67.32,75.84,"20,293,432"
12/18/2025,65.2,67.68,64.01,65.93,"12,951,447"
12/17/2025,70.02,70.39,61.4,61.86,"12,569,058"
12/16/2025,65.61,68.88,65.25,68.37,"10,994,161"
12/15/2025,77.24,77.69,67.53,67.81,"16,392,582"
12/12/2025,83.02,84.61,74.51,76.7,"19,675,443"
12/11/2025,78.33,85.45,76.74,84.75,"14,746,401"
12/10/2025,72.75,80.29,70.9,79.05,"14,564,267"
12/9/2025,73.28,74.75,69.82,72.84,"11,159,002"
12/8/2025,74.99,76.79,70.75,74,"11,465,009"
12/5/2025,71.4,75.14,70.6,73.92,"13,620,153"
12/4/2025,62.22,73.85,61.55,72.65,"24,714,900"
12/3/2025,57.58,61.88,56.15,61.44,"12,026,552"
12/2/2025,53.22,57.86,53.08,56.89,"8,894,222"
12/1/2025,54.35,54.39,52.2,52.61,"6,791,027"
11/28/2025,56.67,57.81,55.8,56.2,"4,225,695"
11/26/2025,56.41,57.48,55.51,55.52,"5,989,775"
11/25/2025,55.24,56,52.32,55.51,"10,159,481"
11/24/2025,53,55.49,51.5,55,"10,180,065"
11/21/2025,53.01,53.71,49.31,51.37,"13,380,405"
11/20/2025,61.38,61.6,50.3,50.7,"13,503,898"
11/19/2025,58.91,61.75,57.48,58.01,"11,245,946"
11/18/2025,55.91,59.4,54.67,58.22,"9,242,644"
11/17/2025,60.56,61.98,56.16,56.6,"9,462,473"
11/14/2025,58.66,64.84,57.92,61.4,"10,028,307"
11/13/2025,64.05,65.3,59.87,61.44,"9,721,656"
11/12/2025,68.2,70.68,64.4,64.49,"9,075,090"
11/11/2025,67.87,71.5,66.86,67.89,"12,464,898"
11/10/2025,71.31,72.36,67,68.7,"9,248,785"
11/7/2025,64.21,69.99,61.89,69.19,"9,078,566"
11/6/2025,68.82,70.2,65.04,65.28,"7,899,934"
11/5/2025,69.77,71.81,68.07,70.38,"5,786,205"
11/4/2025,67.81,71.95,67.1,70.05,"8,470,706"
11/3/2025,80.36,80.36,71,71.15,"11,835,914"
10/31/2025,77.85,80.93,77.63,80.25,"7,889,660"
10/30/2025,78.23,80.48,74.5,76.68,"9,093,239"
10/29/2025,83.31,84,77.01,80.06,"14,772,472"
10/28/2025,80.59,81.29,76.45,77.77,"9,350,941"
10/27/2025,76,79.85,74.5,79.45,"11,419,352"
10/24/2025,74,74.26,72.32,73.7,"9,278,012"
10/23/2025,71.88,74.26,70.81,71.72,"13,561,248"
10/22/2025,72.05,72.7,66.67,71.35,"27,581,535"
10/21/2025,81.5,82.47,76.33,78.61,"9,343,784"
10/20/2025,86.43,89.64,81.7,82.81,"9,307,547"
10/17/2025,83.37,87.5,80.85,83.49,"14,344,685"
10/16/2025,95,102.79,88.93,89.5,"17,129,859"
10/15/2025,98.79,99.82,93.14,95.69,"14,439,817"
10/14/2025,88.7,99.13,85.3,94.5,"17,398,227"
10/13/2025,86.65,92.07,83,90.5,"13,193,728"
10/10/2025,89.8,90.65,81.93,82.03,"19,061,563"
10/9/2025,80.71,88.68,80.61,86.79,"19,481,143"
10/8/2025,84.81,91.41,79.82,81.2,"43,321,712"
10/7/2025,67.41,76,67.28,74.75,"18,223,694"
10/6/2025,69.17,74.77,68.7,72.9,"16,422,990"
10/3/2025,65.66,68.8,64.1,67.76,"16,702,103"
10/2/2025,58.53,66.83,57.41,66.16,"30,170,759"
10/1/2025,53.51,57.2,50.82,56.94,"20,062,033"
9/30/2025,48.57,49.72,47.5,49.08,"7,575,630"
9/29/2025,49.96,52.38,47.82,48.84,"9,966,819"
9/26/2025,50.21,51.48,48.11,49.09,"8,196,313"
9/25/2025,51.65,51.98,48.02,49.39,"11,994,285"
9/24/2025,54.98,56.73,53.11,54.5,"11,419,146"
9/23/2025,48.9,56.39,48.61,54.8,"25,744,695"
9/22/2025,46.77,48.93,45.22,48.85,"13,639,028"
9/19/2025,41.98,46.08,41.87,45.1,"20,744,963"
9/18/2025,41.93,42.17,40.15,41.44,"9,240,215"
9/17/2025,40.28,41.97,39.5,41.19,"8,383,501"
9/16/2025,41,41.61,39.88,40.43,"8,576,128"
9/15/2025,40.27,41.51,39.85,40.97,"10,141,313"
9/12/2025,38.59,39.21,37.73,38.72,"7,606,551"
9/11/2025,37.71,39.05,37.18,38.37,"7,983,457"
9/10/2025,38.1,38.1,36.94,37.58,"9,110,316"
9/9/2025,39.59,39.67,36.08,36.91,"22,533,593"
9/8/2025,36.91,40.94,36.5,40.77,"20,363,966"
9/5/2025,42.57,43.12,41.65,42.41,"7,066,799"
9/4/2025,45.4,45.72,41.05,41.86,"14,376,242"
9/3/2025,49.07,49.4,45.19,45.22,"6,279,304"
9/2/2025,48.17,50.44,47.1,48.76,"6,716,201"
8/29/2025,48.58,49.06,46.76,48.94,"5,184,326"
8/28/2025,48.57,49.39,47.14,48.95,"4,547,088"
8/27/2025,50.5,50.66,48.19,48.25,"6,266,763"
8/26/2025,51.13,53.2,50.13,50.43,"8,474,699"
8/25/2025,47.84,51.32,47.18,50.01,"10,504,475"
8/22/2025,44.93,47.47,44.19,47.07,"6,555,596"
8/21/2025,44.33,45.17,43.61,44.98,"3,531,125"
8/20/2025,44.25,45.25,42,45.08,"7,116,713"
8/19/2025,47.74,48.4,44.88,44.95,"8,959,952"
8/18/2025,48.24,50.5,47.4,48.16,"9,732,799"
8/15/2025,48.92,48.98,47.53,48.08,"4,503,064"
8/14/2025,50.32,51.95,47.5,48.5,"11,624,405"
8/13/2025,50.5,50.65,47.12,50.05,"9,534,595"
8/12/2025,51.24,55.5,49.5,49.76,"21,569,053"
8/11/2025,46.25,47.81,45.46,45.92,"9,531,517"
8/8/2025,48,48.88,46.3,46.63,"7,173,173"
8/7/2025,52.03,52.12,47.17,47.71,"11,892,555"
8/6/2025,54.14,54.96,51.4,51.79,"6,366,458"
8/5/2025,51.71,52.8,49.93,52.57,"6,287,597"
8/4/2025,51.23,52.75,49.91,51.38,"9,022,111"
8/1/2025,50.9,54.58,49.72,52.46,"9,130,733"
7/31/2025,54.49,55.47,52.93,53.17,"6,626,180"
7/30/2025,53.6,55.78,53.23,54.29,"7,964,489"
7/29/2025,53.92,54.04,51.3,53.09,"8,490,940"
7/28/2025,55.04,55.57,53.5,54.22,"8,080,346"
7/25/2025,56.25,56.8,53.03,54.34,"25,294,540"
7/24/2025,58.92,60.54,57.78,60.06,"9,373,505"
7/23/2025,58.14,60.28,56.21,58.92,"9,828,313"
7/22/2025,55.68,57.56,51.21,57.09,"13,718,480"
7/21/2025,59.74,60.95,56.36,56.67,"12,415,672"
7/18/2025,56.07,58.08,55.21,57.98,"7,966,434"
7/17/2025,52.71,58.03,52.6,57.45,"15,791,618"
7/16/2025,51.68,52.69,49.53,52.63,"10,434,625"
7/15/2025,48.29,51.44,47.2,51.12,"13,926,981"
7/14/2025,45.34,48.69,44.35,47.86,"12,149,417"
7/11/2025,43.48,47.72,43.31,45.58,"13,402,112"
7/10/2025,43.28,45.35,42.76,43.97,"8,656,280"
7/9/2025,45.54,45.63,42.44,42.5,"10,495,020"
7/8/2025,46.06,47.34,44.73,45.46,"8,476,321"
7/7/2025,46.15,46.93,44.03,45.69,"8,221,661"
7/3/2025,47.4,48.32,45.28,45.6,"6,101,742"
7/2/2025,45.17,46.07,43.86,45.71,"8,698,035"
7/1/2025,46.5,46.67,44.36,45.11,"8,324,749"
6/30/2025,50.2,50.38,46.2,46.73,"13,635,284"
6/27/2025,51.81,53.35,49.25,49.36,"31,720,808"
6/26/2025,50.87,53.38,49.68,50.62,"14,220,041"
6/25/2025,50.5,52.85,48.76,49.97,"23,977,640"
6/24/2025,50.43,54.05,49.22,53.22,"20,033,596"
6/23/2025,43.75,50.41,43.02,50.2,"21,470,894"
6/20/2025,45.65,48.94,45.15,45.94,"23,527,864"
6/18/2025,41.31,44.71,40.89,44.35,"21,257,490"
6/17/2025,40.71,41.6,38.82,40.1,"12,867,282"
6/16/2025,39.26,42.93,38.76,41.91,"17,820,811"
6/13/2025,36.24,41.13,36.2,38.37,"22,908,902"
6/12/2025,35.96,37.74,35.82,36.92,"9,926,925"
6/11/2025,35.72,36.98,35.33,36.47,"12,905,860"
6/10/2025,35.18,36.3,34.21,35.71,"21,288,660"
6/9/2025,32.28,36.66,32.25,34.82,"34,436,358"
6/6/2025,31.01,31.27,29.78,31.19,"14,295,517"
6/5/2025,28.05,31.24,27.72,30.85,"29,927,253"
6/4/2025,25.8,29.09,25.4,28.69,"32,676,875"
6/3/2025,24.33,25.57,23.8,25.18,"10,494,301"
6/2/2025,22.98,24.17,22.72,24.15,"7,858,891"
5/30/2025,23.39,23.4,22.47,23.07,"9,399,248"
5/29/2025,25.11,25.44,23.52,23.57,"9,758,337"
5/28/2025,25.01,25.18,24.34,24.78,"7,740,738"
5/27/2025,24.73,25.67,24.5,24.84,"11,517,123"
5/23/2025,24.15,24.53,23.65,24.1,"6,939,240"
5/22/2025,24.07,24.84,23.7,24.41,"8,339,812"
5/21/2025,24.8,25.24,23.56,23.83,"10,886,512"
5/20/2025,24.64,26.05,24.17,25.03,"13,747,043"
5/19/2025,25.68,25.86,24.07,24.61,"17,496,683"
5/16/2025,27,27.97,25.74,26.66,"15,837,262"
5/15/2025,26.14,27.32,25.56,26.24,"11,660,696"
5/14/2025,26.99,28.45,26.03,26.25,"14,028,844"
5/13/2025,25.9,29.05,25.71,26.55,"19,634,771"
5/12/2025,27.17,27.45,26.13,27.16,"14,764,346"
5/9/2025,25.51,25.91,24.96,25.76,"7,707,288"
5/8/2025,25.9,25.94,24.9,25.25,"6,894,118"
5/7/2025,25.39,25.98,24.96,25.32,"6,155,904"
5/6/2025,24.21,25.34,23.77,25.08,"6,889,477"
5/5/2025,25.92,26.36,24.6,24.75,"10,944,493"
5/2/2025,24.35,27.57,24.33,26.42,"19,988,987"
5/1/2025,23.81,23.85,22.83,23.02,"4,439,614"
4/30/2025,22.85,23.23,22.07,23.21,"5,430,522"
4/29/2025,24.21,24.44,23.79,23.9,"3,713,472"
4/28/2025,24.1,25.2,23.17,24.25,"6,509,702"
4/25/2025,23.84,23.97,22.57,23.76,"7,878,736"
4/24/2025,23,24.78,22.89,24.07,"9,907,981"
4/23/2025,22.7,23.93,22.3,22.42,"7,991,702"
4/22/2025,21.18,21.97,20.68,21.3,"5,281,287"
4/21/2025,22.71,22.98,20.26,20.77,"8,348,274"
4/17/2025,22.73,23.99,22.28,23.39,"6,153,373"
4/16/2025,22.68,22.98,21.75,22.39,"4,526,122"
4/15/2025,22.9,23.41,22.15,22.92,"7,190,891"
4/14/2025,24.19,24.6,22.51,22.91,"4,688,179"
4/11/2025,23.05,23.47,22.04,23.28,"6,172,747"
4/10/2025,24.01,24.49,22.44,23.14,"10,024,763"
4/9/2025,20.24,24.89,19.67,24.14,"18,023,932"
4/8/2025,22.77,22.8,19.75,20.3,"10,048,743"
4/7/2025,18.5,22.86,18.22,21.33,"13,431,026"
4/4/2025,20.6,21.15,18.5,20.07,"13,320,592"
4/3/2025,20.08,22.32,20.01,21.58,"10,501,913"
4/2/2025,21.37,23.22,21.31,22.41,"9,222,880"
4/1/2025,22.77,22.91,21.63,21.85,"8,856,206"
3/31/2025,22.83,23.4,22.22,22.74,"8,758,349"
3/28/2025,25.67,25.8,23.46,24.06,"9,865,500"
3/27/2025,27,27.51,25.76,25.8,"5,662,124"
3/26/2025,28.58,29.2,27.27,27.29,"5,775,269"
3/25/2025,28.92,29.59,28.39,28.55,"5,202,582"
3/24/2025,26.62,29.45,26.5,29.3,"10,852,553"
3/21/2025,24.22,25.99,24.03,25.71,"6,794,263"
3/20/2025,25.56,25.78,24.09,24.69,"6,738,711"
3/19/2025,26.45,26.51,24.62,25.65,"11,484,905"
3/18/2025,27.76,27.78,26.2,26.25,"7,054,960"
3/17/2025,27.74,28.72,27.16,28.02,"7,564,361"
3/14/2025,26.55,28.25,25.7,28.15,"8,404,305"
3/13/2025,27.52,27.84,25.86,26.12,"8,497,122"
3/12/2025,29.99,30.8,27.02,27.56,"11,715,610"
3/11/2025,28.96,29.93,27.3,28.66,"11,095,581"
3/10/2025,32.11,32.8,28.34,29.14,"15,380,134"
3/7/2025,31.4,34.06,29.55,33.4,"17,171,420"
3/6/2025,32.64,35.49,30.82,32.18,"21,833,343"
3/5/2025,30.12,34.1,28.95,33.8,"27,623,780"
3/4/2025,24.52,30.7,24.48,28.61,"24,470,523"
3/3/2025,29.08,29.1,24.89,25.62,"15,087,992"
2/28/2025,25.47,27.56,25.01,27.11,"9,551,390"
2/27/2025,28.06,29.15,25.93,26.08,"12,100,845"
2/26/2025,28.57,30.99,27,27.24,"16,788,943"
2/25/2025,27.7,28.17,25.72,26.17,"13,082,689"
2/24/2025,28.39,29.14,26.1,28.57,"14,652,438"
2/21/2025,31.51,31.84,28.59,28.64,"9,849,651"
2/20/2025,30.92,32.11,28.87,31.63,"10,794,667"
2/19/2025,31.06,33.18,30.72,31.17,"12,147,135"
2/18/2025,32.9,33.55,30.67,30.9,"12,717,196"
2/14/2025,30.18,32.47,29.37,32.1,"14,025,231"
2/13/2025,27.7,30.77,27.05,30.05,"13,314,124"
2/12/2025,28.47,29.14,27.3,27.61,"10,916,759"
2/11/2025,30.6,30.8,28.35,28.4,"13,410,638"
2/10/2025,27.39,32.97,27.39,31.14,"33,859,224"
2/7/2025,27.76,28.76,25.86,26.51,"14,605,171"
2/6/2025,25.45,27.61,25.3,27.12,"19,743,995"
2/5/2025,23.2,24.75,23.19,24.71,"10,872,503"
2/4/2025,21.95,23.83,21.9,23.09,"12,347,292"
2/3/2025,18.89,21.93,18.86,21.47,"11,870,040"
1/31/2025,19.24,22.19,18.92,20.24,"26,562,759"
1/30/2025,18.52,18.96,18.2,18.21,"8,845,625"
1/29/2025,19.54,19.55,17.5,17.72,"19,271,034"
1/28/2025,19.65,20.31,18.73,20.14,"7,815,337"
1/27/2025,19.77,20.64,18.93,19.16,"9,705,591"
1/24/2025,20.45,20.67,19.8,20.35,"12,051,056"
1/23/2025,19.15,19.95,18.8,19.8,"35,061,251"
1/22/2025,23.22,23.74,22.42,22.49,"8,086,029"
1/21/2025,20.9,23.12,20.9,23.1,"7,813,996"
1/17/2025,21.38,21.54,20.73,20.78,"5,150,745"
1/16/2025,21.52,21.94,20.98,21,"3,388,334"
1/15/2025,21.2,22.04,20.95,21.54,"4,510,612"
1/14/2025,21.47,21.9,20.37,20.48,"4,837,149"
1/13/2025,21.6,21.63,19.15,21.07,"8,898,120"
1/10/2025,21.73,22.43,21.35,22.37,"4,171,020"
1/8/2025,22.51,22.73,21.73,22.51,"4,722,768"
1/7/2025,24.27,24.27,22.81,23,"4,450,072"
1/6/2025,24.77,25.18,23.98,24.14,"7,113,838"
1/3/2025,21.7,24.05,21.68,23.97,"8,631,933"
1/2/2025,21.14,22.24,20.9,21.64,"4,529,919"
12/31/2024,22.02,22.16,20.87,21.1,"5,211,023"
12/30/2024,22.5,22.58,20.81,21.81,"8,947,160"
12/27/2024,24.61,25.06,22.82,22.92,"6,301,008"
12/26/2024,23.38,24.85,22.85,24.68,"5,012,813"
12/24/2024,23.29,23.79,23.02,23.49,"2,293,361"
12/23/2024,22.98,23.4,22.06,23.25,"4,746,786"
12/20/2024,22.5,23.5,22,22.88,"9,605,420"
12/19/2024,23.44,24.26,22.88,23,"5,767,329"
12/18/2024,24.69,25.85,22.77,23.36,"8,187,931"
12/17/2024,24.3,25.68,24.07,24.78,"7,007,114"
12/16/2024,23.3,24.7,22.84,24.3,"6,719,475"
12/13/2024,23.06,23.74,22.85,23.48,"4,759,791"
12/12/2024,23.41,24.22,23.1,23.33,"4,123,765"
12/11/2024,24.59,24.79,23.45,23.56,"5,116,117"
12/10/2024,25.58,26.68,24.33,24.36,"6,768,449"
12/9/2024,27.74,29.44,25.86,25.99,"17,469,433"
12/6/2024,22.82,25.64,22.7,25.32,"13,138,221"
12/5/2024,22.66,23.18,21.62,22.51,"7,268,551"
12/4/2024,22.9,23.52,22.51,22.64,"5,424,885"
12/3/2024,23.23,24.04,22.65,22.91,"5,818,596"
12/2/2024,24.12,24.75,23.17,23.22,"7,411,217"
11/29/2024,23.54,24.53,23.36,23.81,"4,272,793"
11/27/2024,23.94,24.95,23.06,23.29,"6,971,996"
11/26/2024,23.89,24.4,22.91,23.39,"8,295,087"
11/25/2024,24.63,26.08,23.85,24.21,"10,795,273"
11/22/2024,24.03,24.72,23.37,24.1,"6,095,368"
11/21/2024,24.07,24.93,23.21,24.14,"11,425,128"
11/20/2024,25.55,26.11,23.22,23.59,"9,313,034"
11/19/2024,25.13,26.27,24.11,26.14,"7,412,484"
11/18/2024,24.34,26.99,23.77,25.8,"14,527,828"
11/15/2024,23.18,24.28,21.51,24.23,"17,840,002"
11/14/2024,29,29.79,26.37,26.8,"18,254,905"
11/13/2024,26,31.22,25.7,27.89,"26,559,489"
11/12/2024,24.56,25.4,23.9,24.26,"7,179,547"
11/11/2024,22.55,24.88,22.3,24.76,"11,105,760"
11/8/2024,21.31,22.16,21.1,21.99,"7,363,922"
11/7/2024,22.88,23.84,20.2,21.46,"21,947,990"
11/6/2024,23.89,24.3,22.35,22.52,"10,198,316"
11/5/2024,23.95,24.36,23.13,24.13,"6,504,167"
11/4/2024,23.57,24.3,23.27,23.94,"6,580,875"
11/1/2024,24.21,24.75,23.37,23.85,"5,993,108"
10/31/2024,24.94,25.33,23.52,23.81,"6,876,117"
10/30/2024,26.98,27.83,25.12,25.13,"9,268,395"
10/29/2024,26.74,27.26,26.01,26.98,"5,845,208"
10/28/2024,25.97,27.48,25.79,26.73,"8,941,608"
10/25/2024,25.13,27.39,24.64,25.62,"14,701,879"
10/24/2024,27.54,30.55,24.91,25.07,"23,926,264"
10/23/2024,27.5,27.73,25.5,26.26,"7,575,595"
10/22/2024,27.29,29.61,26.95,27.89,"10,984,868"
10/21/2024,28.52,28.91,26.08,27.64,"9,805,321"
10/18/2024,28.79,29.34,27.07,28.14,"7,996,349"
10/17/2024,27.84,28.98,26.74,28.49,"11,169,469"
10/16/2024,24.76,28.36,24.45,28.22,"14,434,956"
10/15/2024,24.44,24.98,23.81,24.25,"7,848,263"
10/14/2024,24.24,25.69,23.75,25.12,"11,297,069"
10/11/2024,23.07,24.34,22.92,24.18,"7,292,918"
10/10/2024,22.35,23.25,21.9,23.07,"7,198,885"
10/9/2024,24.17,24.29,22.35,22.61,"9,425,527"
10/8/2024,24.54,25.29,24.01,24.2,"6,489,918"
10/7/2024,25.94,26.32,24.74,24.91,"9,119,691"
10/4/2024,23.81,26.39,23.67,26.11,"12,410,407"
10/3/2024,23.67,24.5,22.93,23.22,"9,619,675"
10/2/2024,23.98,24.29,23.01,23.84,"8,763,042"
10/1/2024,25.9,25.95,23.42,24.11,"12,264,174"
9/30/2024,25.5,27.25,24.97,26.15,"15,972,527"
9/27/2024,23.15,25.56,21.68,25.32,"24,274,113"
9/26/2024,24.63,25.35,23.82,23.83,"9,862,073"
9/25/2024,25.8,25.92,24.36,24.39,"10,986,134"
9/24/2024,26.44,26.9,25.27,25.85,"8,429,953"
9/23/2024,26.62,27.1,25.91,26.61,"7,277,604"
9/20/2024,28.45,28.84,25.67,26.5,"18,870,242"
9/19/2024,29.15,30.51,28.03,28.61,"14,703,332"
9/18/2024,28.34,29.65,27.46,28.3,"10,937,548"
9/17/2024,30.37,30.6,27.6,28,"13,548,356"
9/16/2024,28.97,29.98,27.4,29.84,"13,323,899"
9/13/2024,26.79,30.93,26.5,29.83,"25,794,493"
9/12/2024,26.7,27.05,23.54,26.79,"25,223,811"
9/11/2024,26.89,28.39,26,27.9,"16,135,046"
9/10/2024,26.24,26.69,24.37,26.11,"15,132,515"
9/9/2024,26.63,28.25,25.61,25.94,"13,431,359"
9/6/2024,28.71,29.58,25.8,26.11,"17,645,548"
9/5/2024,29.28,30.43,26.4,28.45,"41,445,704"
9/4/2024,31.99,36.54,28.9,33.08,"43,764,986"
9/3/2024,29.3,29.85,28.03,29.41,"9,855,451"
8/30/2024,28.97,31.6,27.93,29.04,"16,165,928"
8/29/2024,27.9,30.44,27.71,29.25,"15,876,478"
8/28/2024,29.91,30.6,27.57,27.87,"20,565,805"
8/27/2024,33.01,34.87,30.43,31.11,"14,778,756"
8/26/2024,33.49,34.31,30.74,33.78,"17,618,629"
8/23/2024,34.59,37.16,32.08,32.86,"25,736,707"
8/22/2024,36.7,36.7,33.51,34.14,"20,021,674"
8/21/2024,34.13,39.08,32.43,36.44,"36,381,900"
8/20/2024,38.8,38.99,31.91,34.32,"32,419,019"
8/19/2024,31.35,38.85,30.83,38.6,"37,779,933"
8/16/2024,30.37,36.87,27.71,31.03,"68,766,256"
8/15/2024,21.8,33.58,21.58,31.36,"75,966,075"
8/14/2024,21.11,21.73,19.77,20.81,"10,504,871"
8/13/2024,19.95,21.15,19.36,20.96,"7,372,979"
8/12/2024,20.96,22.08,19.51,19.73,"11,265,512"
8/9/2024,22.83,23.04,20.5,21.21,"14,796,162"
8/8/2024,19.88,22.36,19.59,22.32,"13,369,054"
8/7/2024,19.7,21.9,19.35,19.64,"14,939,100"
8/6/2024,19.3,19.96,18.08,19.53,"10,259,724"
8/5/2024,17.95,20.1,17.11,18.59,"15,062,693"
8/2/2024,19.76,20.21,18.23,18.51,"10,146,540"
8/1/2024,20.37,21.21,19.25,20.44,"14,930,042"
7/31/2024,17.89,21.28,17.4,20.68,"16,767,265"
7/30/2024,18.99,20.37,16.98,17.52,"12,631,412"
7/29/2024,18.8,19.59,17.89,18.87,"13,037,237"
7/26/2024,16.97,19.48,16.89,18.84,"24,661,234"
7/25/2024,13.65,16.8,13.6,16.64,"23,048,938"
7/24/2024,13.55,14.06,13.26,13.36,"5,420,879"
7/23/2024,12.79,14.29,12.75,13.84,"8,703,935"
7/22/2024,13.12,13.13,12.37,12.8,"4,177,006"
7/19/2024,12.44,13.48,12.24,12.84,"5,369,572"
7/18/2024,13.62,13.67,12.32,12.38,"6,762,351"
7/17/2024,13.5,14.03,12.88,13.4,"4,832,629"
7/16/2024,13.56,13.97,13.15,13.71,"5,950,117"
7/15/2024,12.6,13.68,12.57,13.48,"7,480,760"
7/12/2024,11.88,13.14,11.71,13.01,"10,820,796"
7/11/2024,11.86,12.2,11.41,11.9,"4,814,269"
7/10/2024,12.17,12.22,11.52,11.88,"4,864,315"
7/9/2024,12,12.27,11.7,12.14,"4,907,316"
7/8/2024,12.38,13.09,11.92,12.1,"10,601,356"
7/5/2024,11.42,12.47,10.98,12.4,"10,680,989"
7/3/2024,10.73,11.54,10.67,11.37,"4,315,048"
7/2/2024,10.85,10.98,10.17,10.72,"6,933,612"
7/1/2024,11.85,12.6,10.78,10.84,"10,724,776"
6/28/2024,11.45,11.93,11.28,11.61,"14,037,550"
6/27/2024,10.92,11.84,10.85,11.45,"7,057,128"
6/26/2024,10.87,11.71,10.78,11.23,"6,983,679"
6/25/2024,10.21,11.03,9.32,10.98,"8,477,286"
6/24/2024,10.49,10.77,10.01,10.33,"6,696,187"
6/21/2024,11,11,10.02,10.08,"10,243,967"
6/20/2024,11.32,12.05,11.21,11.22,"9,697,317"
6/18/2024,12.4,12.45,10.91,11.39,"16,022,839"
6/17/2024,10.33,12.37,10.03,11.75,"22,821,354"
6/14/2024,9.9,10.33,9.63,10.22,"8,097,764"
6/13/2024,9.89,10.34,9.74,9.98,"8,819,458"
6/12/2024,9.7,10.1,9.37,9.76,"10,401,892"
6/11/2024,8.49,9.95,8.35,9.87,"12,057,487"
6/10/2024,8.55,8.77,8.09,8.48,"7,161,070"
6/7/2024,9.16,9.2,8.58,8.62,"7,303,802"
6/6/2024,8.72,9.49,8.7,9.32,"10,087,142"
6/5/2024,8.72,9.6,8.39,8.79,"15,718,874"
6/4/2024,8.36,8.7,7.92,8.67,"7,824,381"
6/3/2024,8.04,8.63,7.56,8.38,"13,819,493"
5/31/2024,8.51,9.2,7.99,8.28,"15,500,731"
5/30/2024,9.24,9.4,7.8,8.41,"37,895,305"
5/29/2024,6.17,9.35,5.68,9.02,"109,899,281"
5/28/2024,4.99,5.42,4.65,5.33,"10,165,643"
5/24/2024,4.18,4.76,4.15,4.74,"6,523,509"
5/23/2024,4.65,4.65,4,4.14,"6,402,720"
5/22/2024,4.6,4.88,4.17,4.66,"8,460,621"
5/21/2024,5.6,5.69,4.43,4.71,"15,850,285"
5/20/2024,4.43,5.77,4.34,5.28,"24,652,912"
5/17/2024,4.1,5.12,4.06,4.54,"35,880,820"
5/16/2024,3.14,4.16,3.07,4.03,"76,045,579"
5/15/2024,2.6,2.6,2.29,2.39,"11,016,397"
5/14/2024,2.25,2.58,2.25,2.51,"4,175,495"
5/13/2024,2.29,2.32,2.12,2.24,"3,457,262"
5/10/2024,2.37,2.45,2.26,2.26,"1,318,415"
5/9/2024,2.3,2.36,2.24,2.36,"1,248,990"
5/8/2024,2.31,2.35,2.25,2.3,"999,877"
5/7/2024,2.42,2.45,2.3,2.32,"1,474,320"
5/6/2024,2.46,2.6,2.46,2.48,"1,704,025"
5/3/2024,2.33,2.48,2.33,2.45,"2,748,030"
5/2/2024,2.29,2.36,2.25,2.3,"1,474,105"
5/1/2024,2.18,2.35,2.17,2.26,"1,439,990"
4/30/2024,2.29,2.31,2.2,2.21,"1,493,624"
4/29/2024,2.26,2.38,2.24,2.33,"1,833,921"
4/26/2024,2.18,2.25,2.17,2.23,"1,430,271"
4/25/2024,2.11,2.2,2.1,2.19,"1,736,481"
4/24/2024,2.16,2.21,2.12,2.14,"1,521,349"
4/23/2024,2.15,2.21,2.11,2.15,"2,239,583"
4/22/2024,2.1,2.18,2.07,2.16,"3,122,885"
4/19/2024,2.1,2.15,2.08,2.09,"2,371,654"
4/18/2024,2.04,2.21,2.04,2.14,"3,126,562"
4/17/2024,2.06,2.1,2.03,2.05,"1,585,679"
4/16/2024,2.07,2.08,1.99,2.02,"2,569,921"
4/15/2024,2.16,2.19,2.08,2.08,"2,368,525"
4/12/2024,2.11,2.2,2.07,2.13,"3,180,540"
4/11/2024,2.17,2.19,2.05,2.11,"2,554,028"
4/10/2024,2.25,2.25,2.1,2.14,"3,501,668"
4/9/2024,2.28,2.35,2.26,2.31,"1,350,018"
4/8/2024,2.26,2.32,2.22,2.27,"2,012,069"
4/5/2024,2.27,2.3,2.18,2.21,"2,805,068"
4/4/2024,2.39,2.43,2.25,2.25,"4,792,270"
4/3/2024,2.02,2.32,1.98,2.32,"7,915,516"
4/2/2024,2.34,2.36,1.97,2.01,"11,977,684"
4/1/2024,2.93,2.95,2.61,2.63,"7,887,736"
3/28/2024,2.92,3.1,2.87,2.9,"3,986,168"
3/27/2024,2.83,2.9,2.77,2.86,"2,312,390"
3/26/2024,2.88,2.89,2.81,2.81,"1,992,742"
3/25/2024,2.75,2.87,2.74,2.84,"2,527,044"
3/22/2024,2.85,2.86,2.71,2.76,"3,290,260"
3/21/2024,2.93,2.97,2.76,2.78,"4,358,728"
3/20/2024,2.91,2.98,2.85,2.95,"3,278,426"
3/19/2024,2.98,2.98,2.83,2.86,"3,011,878"
3/18/2024,3.21,3.21,2.96,2.97,"4,602,250"
3/15/2024,3.03,3.22,3,3.14,"10,448,312"
3/14/2024,3.15,3.16,3,3.04,"3,451,889"
3/13/2024,3.01,3.39,2.96,3.1,"5,922,438"
3/12/2024,3.05,3.09,2.92,2.98,"3,374,700"
3/11/2024,3.02,3.12,3.02,3.05,"2,926,991"
3/8/2024,3.05,3.19,3,3.01,"3,612,142"
3/7/2024,3.1,3.18,2.93,2.95,"3,219,097"
3/6/2024,3.15,3.19,3.07,3.1,"2,521,266"
3/5/2024,3.12,3.12,3,3.01,"2,401,864"
3/4/2024,3.25,3.25,3.09,3.12,"2,413,764"
3/1/2024,3.2,3.33,3.11,3.21,"2,058,680"
2/29/2024,3.24,3.3,3.17,3.17,"1,886,968"
2/28/2024,3.3,3.31,3.15,3.19,"2,917,520"
2/27/2024,3.24,3.4,3.24,3.38,"2,854,543"
2/26/2024,3.01,3.22,2.94,3.2,"2,563,580"
2/23/2024,3.12,3.13,2.94,2.95,"3,847,616"
2/22/2024,3.25,3.27,3.07,3.09,"3,233,549"
2/21/2024,3.3,3.3,3.12,3.16,"2,739,251"
2/20/2024,3.45,3.51,3.29,3.32,"3,120,981"
2/16/2024,3.5,3.52,3.4,3.43,"3,002,462"
2/15/2024,3.35,3.49,3.27,3.41,"2,860,331"
2/14/2024,3.27,3.36,3.16,3.32,"2,132,645"
2/13/2024,3.36,3.42,3.16,3.17,"3,087,979"
2/12/2024,3.57,3.7,3.46,3.52,"5,042,142"
2/9/2024,3.25,3.46,3.18,3.43,"5,506,950"
2/8/2024,2.83,3.18,2.77,3.18,"8,298,620"
2/7/2024,2.86,2.86,2.59,2.61,"4,429,336"
2/6/2024,2.78,2.92,2.74,2.88,"1,865,151"
2/5/2024,2.9,2.9,2.72,2.77,"2,450,827"
2/2/2024,2.89,2.89,2.79,2.84,"2,578,845"
2/1/2024,2.94,2.95,2.78,2.9,"3,137,831"
1/31/2024,2.95,3.08,2.87,2.87,"3,446,193"
1/30/2024,3.09,3.17,2.9,2.92,"3,772,594"
1/29/2024,2.85,3.08,2.76,3.07,"5,425,802"
1/26/2024,2.99,3.04,2.77,2.79,"6,338,969"
1/25/2024,3.08,3.1,2.94,2.95,"4,302,043"
1/24/2024,3.21,3.27,3.05,3.08,"5,925,617"
1/23/2024,3.13,3.21,2.97,3.12,"13,234,760"
1/22/2024,3.28,3.35,3.06,3.1,"10,325,762"
1/19/2024,3.37,3.47,3.05,3.09,"44,527,542"
1/18/2024,4.35,4.46,3.94,4.16,"10,205,179"
1/17/2024,4.06,4.41,4.02,4.28,"2,673,361"
1/16/2024,4.17,4.2,4.02,4.13,"1,607,841"
1/12/2024,4.34,4.52,4.13,4.17,"2,341,365"
1/11/2024,4.88,4.88,4.2,4.27,"4,229,650"
1/10/2024,4.9,5.01,4.81,4.95,"1,738,149"
1/9/2024,4.91,5.02,4.81,4.89,"1,024,795"
1/8/2024,5.02,5.02,4.78,4.94,"1,494,170"
1/5/2024,4.81,5.11,4.72,5.01,"1,503,047"
1/4/2024,4.93,5.04,4.82,4.82,"1,897,637"
1/3/2024,5.03,5.13,4.86,4.93,"2,925,343"
1/2/2024,5.86,5.86,4.6,4.85,"6,285,232"
12/29/2023,6.14,6.14,5.75,6.03,"2,501,375"
12/28/2023,6.32,6.36,6.03,6.18,"1,594,024"
12/27/2023,6.19,6.71,6.19,6.36,"3,079,884"
12/26/2023,6.1,6.3,5.97,6.19,"1,808,492"
12/22/2023,5.79,6.1,5.68,6.07,"2,603,803"
12/21/2023,5.29,5.84,5.27,5.81,"2,569,241"
12/20/2023,5.53,5.53,5.16,5.17,"2,240,315"
12/19/2023,5.37,5.57,5.32,5.56,"1,383,809"
12/18/2023,5.39,5.4,5.12,5.32,"1,690,266"
12/15/2023,5.58,5.62,5.35,5.44,"2,058,122"
12/14/2023,5.35,5.54,5.3,5.49,"1,491,410"
12/13/2023,5.14,5.27,5.01,5.24,"1,721,465"
12/12/2023,5.22,5.24,5.02,5.14,"1,263,403"
12/11/2023,5.5,5.5,5.15,5.24,"1,606,088"
12/8/2023,5.11,5.55,5.08,5.48,"2,001,269"
12/7/2023,5.12,5.13,4.98,5.11,"1,010,165"
12/6/2023,4.88,5.22,4.83,5.1,"1,391,016"
12/5/2023,4.95,4.99,4.71,4.83,"1,403,119"
12/4/2023,5.19,5.47,4.93,4.95,"3,545,171"
12/1/2023,4.88,5.2,4.76,5.18,"1,742,415"
11/30/2023,5.08,5.15,4.8,4.85,"1,509,269"
11/29/2023,4.66,5.03,4.65,5.02,"2,232,601"
11/28/2023,4.73,4.77,4.5,4.58,"1,479,689"
11/27/2023,4.73,4.79,4.52,4.76,"1,604,165"
11/24/2023,4.33,4.9,4.18,4.84,"2,303,637"
11/22/2023,4.38,4.48,4.22,4.35,"2,107,820"
11/21/2023,4.77,4.77,4.25,4.31,"2,367,908"
11/20/2023,4.85,4.89,4.71,4.78,"1,379,944"
11/17/2023,4.59,4.89,4.59,4.83,"2,303,860"
11/16/2023,4.65,4.75,4.41,4.57,"2,118,846"
11/15/2023,4.11,4.94,4.1,4.66,"8,149,665"
11/14/2023,3.99,3.99,3.55,3.77,"4,378,317"
11/13/2023,4.35,4.47,3.96,4,"3,638,530"
11/10/2023,4.15,4.35,4.01,4.31,"1,733,891"
11/9/2023,4.13,4.35,4.05,4.13,"2,181,010"
11/8/2023,4,4.14,3.9,4.09,"1,536,985"
11/7/2023,4,4.08,3.89,3.97,"1,582,671"
11/6/2023,4.1,4.19,3.95,4.01,"1,424,773"
11/3/2023,3.87,4.32,3.87,4.14,"4,030,509"
11/2/2023,3.54,3.8,3.54,3.77,"1,907,525"
11/1/2023,3.3,3.51,3.26,3.47,"1,349,816"
10/31/2023,3.24,3.38,3.13,3.31,"1,490,096"
10/30/2023,3.09,3.28,2.97,3.24,"1,568,593"
10/27/2023,3.28,3.41,3.04,3.05,"1,145,347"
10/26/2023,2.94,3.33,2.94,3.25,"2,201,799"
10/25/2023,3,3.01,2.85,2.92,"1,864,930"
10/24/2023,2.8,3.05,2.8,2.87,"1,211,768"
10/23/2023,2.92,2.92,2.73,2.74,"3,054,444"
10/20/2023,3.01,3.04,2.9,2.93,"1,493,695"
10/19/2023,3.09,3.11,2.95,2.99,"1,823,719"
10/18/2023,3.28,3.28,3.08,3.09,"985,531"
10/17/2023,3.15,3.38,3.13,3.32,"1,111,365"
10/16/2023,3.06,3.18,2.98,3.17,"1,599,651"
10/13/2023,3.23,3.27,3.04,3.06,"1,947,390"
10/12/2023,3.43,3.43,3.23,3.25,"1,364,920"
10/11/2023,3.63,3.7,3.4,3.44,"1,464,853"
10/10/2023,3.3,3.61,3.23,3.61,"1,784,652"
10/9/2023,3.67,3.7,3.25,3.27,"2,769,451"
10/6/2023,3.72,3.78,3.65,3.72,"921,068"
10/5/2023,3.78,3.81,3.67,3.75,"613,662"
10/4/2023,3.64,3.81,3.62,3.78,"1,057,540"
10/3/2023,3.73,3.74,3.6,3.64,"1,328,929"
10/2/2023,3.81,3.82,3.7,3.72,"1,017,370"
9/29/2023,3.75,3.88,3.73,3.8,"938,820"
9/28/2023,3.69,3.76,3.62,3.71,"1,197,462"
9/27/2023,3.65,3.76,3.61,3.7,"1,016,526"
9/26/2023,3.73,3.86,3.64,3.64,"1,395,306"
9/25/2023,3.88,3.88,3.66,3.77,"1,901,838"
9/22/2023,3.82,3.98,3.81,3.92,"1,041,193"
9/21/2023,3.99,4.02,3.8,3.81,"2,706,446"
9/20/2023,4.16,4.38,4.02,4.04,"2,300,873"
9/19/2023,3.98,4.32,3.91,4.14,"5,464,080"
9/18/2023,3.84,3.95,3.78,3.81,"879,881"
9/15/2023,3.86,3.98,3.76,3.84,"5,379,818"
9/14/2023,4.03,4.14,3.8,3.84,"1,554,350"
9/13/2023,4.05,4.11,3.87,4.02,"1,417,567"
9/12/2023,3.86,4.08,3.86,4.05,"1,445,978"
9/11/2023,3.89,3.94,3.86,3.89,"850,225"
9/8/2023,3.8,3.9,3.72,3.84,"967,651"
9/7/2023,3.83,3.89,3.75,3.8,"972,496"
9/6/2023,3.87,3.96,3.83,3.9,"1,400,973"
9/5/2023,3.96,4.03,3.82,3.88,"969,459"
9/1/2023,3.94,4.06,3.91,3.99,"1,061,598"
8/31/2023,4,4.02,3.91,3.92,"698,741"
8/30/2023,4.01,4.09,3.93,3.96,"929,673"
8/29/2023,3.96,4.16,3.94,4.03,"1,193,118"
8/28/2023,3.8,4.02,3.79,4,"1,231,419"
8/25/2023,3.68,3.82,3.64,3.75,"1,046,184"
8/24/2023,3.82,3.86,3.65,3.69,"1,653,774"
8/23/2023,3.73,3.82,3.73,3.77,"962,444"
8/22/2023,3.92,3.93,3.69,3.77,"1,362,296"
8/21/2023,3.87,3.95,3.77,3.9,"1,408,984"
8/18/2023,3.87,3.93,3.79,3.85,"1,349,575"
8/17/2023,3.7,4.06,3.68,3.9,"2,911,414"
8/16/2023,3.77,3.89,3.6,3.63,"3,744,560"
8/15/2023,4.54,4.91,3.67,3.69,"6,949,892"
8/14/2023,4.21,4.48,4.2,4.37,"3,031,933"
8/11/2023,4.23,4.29,4.17,4.25,"1,366,584"
8/10/2023,4.44,4.51,4.25,4.28,"1,242,516"
8/9/2023,4.65,4.65,4.3,4.44,"1,396,749"
8/8/2023,4.29,4.67,4.23,4.63,"2,202,743"
8/7/2023,4.25,4.4,4.22,4.39,"1,061,857"
8/4/2023,4.28,4.42,4.17,4.24,"1,893,516"
8/3/2023,4.1,4.32,4.1,4.26,"1,008,886"
8/2/2023,4.14,4.2,4.07,4.17,"1,990,686"
8/1/2023,4.3,4.3,4.08,4.25,"1,209,129"
7/31/2023,4.22,4.35,4.17,4.29,"1,295,699"
7/28/2023,3.95,4.26,3.95,4.24,"1,717,857"
7/27/2023,3.99,4.06,3.88,3.92,"1,695,861"
7/26/2023,3.81,3.97,3.77,3.94,"1,528,517"
7/25/2023,3.93,3.93,3.76,3.83,"2,193,396"
7/24/2023,3.91,3.98,3.88,3.9,"2,012,778"
7/21/2023,4.07,4.09,3.78,3.97,"3,863,249"
7/20/2023,4.06,4.21,3.96,4.01,"1,655,887"
7/19/2023,4.15,4.24,4.04,4.1,"2,794,507"
7/18/2023,4.03,4.23,4,4.14,"1,928,914"
7/17/2023,4.23,4.25,3.97,4.03,"3,464,210"
7/14/2023,4.45,4.49,4.22,4.24,"1,923,573"
7/13/2023,4.39,4.47,4.29,4.43,"2,004,103"
7/12/2023,4.53,4.55,4.36,4.39,"2,189,187"
7/11/2023,4.45,4.52,4.35,4.45,"1,852,416"
7/10/2023,4.23,4.42,4.14,4.4,"1,996,278"
7/7/2023,4.15,4.25,4.11,4.15,"1,737,049"
7/6/2023,4.3,4.31,4.08,4.2,"2,146,429"
7/5/2023,4.65,4.65,4.33,4.37,"3,442,544"
7/3/2023,4.7,4.7,4.55,4.66,"1,309,852"
6/30/2023,4.7,4.77,4.66,4.7,"2,571,240"
6/29/2023,4.73,4.75,4.58,4.68,"3,226,603"
6/28/2023,4.58,4.76,4.49,4.64,"18,235,490"
6/27/2023,6.77,6.77,6.21,6.37,"3,095,576"
6/26/2023,6.75,6.94,6.4,6.73,"2,306,320"
6/23/2023,6.81,7.1,6.73,6.85,"10,880,840"
6/22/2023,6.28,6.88,6.1,6.83,"2,922,448"
6/21/2023,6.54,6.57,5.97,6.29,"6,057,521"
6/20/2023,5.9,6.19,5.84,6.12,"1,104,291"
6/16/2023,5.85,6.03,5.82,5.92,"1,321,679"
6/15/2023,5.9,6.01,5.65,5.76,"1,387,257"
6/14/2023,5.98,6.14,5.83,5.92,"936,580"
6/13/2023,5.9,6.14,5.83,5.94,"1,157,247"
6/12/2023,5.77,5.91,5.73,5.87,"798,855"
6/9/2023,5.83,5.91,5.64,5.75,"974,055"
6/8/2023,5.78,5.85,5.6,5.8,"921,119"
6/7/2023,5.93,5.99,5.77,5.79,"993,674"
6/6/2023,5.55,5.9,5.53,5.83,"1,023,145"
6/5/2023,5.64,5.73,5.46,5.67,"780,534"
6/2/2023,5.6,5.72,5.46,5.62,"1,143,703"
6/1/2023,5.39,5.68,5.33,5.6,"862,719"
5/31/2023,5.4,5.44,5.28,5.42,"645,353"
5/30/2023,5.5,5.56,5.25,5.44,"956,791"
5/26/2023,5.13,5.51,5.13,5.47,"1,084,302"
5/25/2023,5.3,5.35,5.13,5.15,"981,006"
5/24/2023,5.41,5.41,5.14,5.25,"1,385,477"
5/23/2023,5.75,6.06,5.39,5.45,"2,440,189"
5/22/2023,5.31,5.82,5.28,5.7,"2,119,807"
5/19/2023,5.36,5.41,5.19,5.28,"1,534,918"
5/18/2023,5.22,5.34,5.1,5.26,"997,695"
5/17/2023,4.98,5.29,4.97,5.26,"1,987,072"
5/16/2023,5,5.3,4.86,4.93,"1,755,158"
5/15/2023,5.19,5.19,4.94,4.97,"1,517,608"
5/12/2023,5.23,5.45,5.1,5.14,"1,790,366"
5/11/2023,5.06,5.22,4.92,5.13,"1,743,849"
5/10/2023,5.2,5.27,5.08,5.14,"1,028,929"
5/9/2023,5.03,5.16,4.89,5.16,"846,216"
5/8/2023,5.04,5.25,4.93,5.05,"1,394,822"
5/5/2023,4.85,5.06,4.77,5.06,"1,082,650"
5/4/2023,4.71,4.79,4.6,4.78,"785,041"
5/3/2023,4.64,4.86,4.6,4.74,"1,248,824"
5/2/2023,4.72,4.76,4.43,4.64,"1,750,136"
5/1/2023,5.3,5.3,4.69,4.7,"2,771,509"
4/28/2023,5.17,5.38,5.1,5.31,"2,283,140"
4/27/2023,5.22,5.57,4.97,5.17,"3,492,246"
4/26/2023,4.55,5.27,4.51,5.15,"6,223,148"
4/25/2023,5.13,5.17,4.28,4.44,"12,784,748"
4/24/2023,4.28,4.48,4.09,4.36,"1,814,082"
4/21/2023,4.44,4.45,4.26,4.29,"885,588"
4/20/2023,4.49,4.63,4.38,4.43,"720,224"
4/19/2023,4.4,4.55,4.33,4.53,"1,380,738"
4/18/2023,4.41,4.47,4.23,4.44,"1,267,730"
4/17/2023,4.09,4.53,4.05,4.3,"3,342,616"
4/14/2023,4.05,4.05,3.82,3.87,"2,865,595"
4/13/2023,4.4,4.45,4.04,4.07,"2,774,851"
4/12/2023,4.48,4.56,4.25,4.37,"1,603,046"
4/11/2023,4.46,4.61,4.45,4.48,"1,375,481"
4/10/2023,4.29,4.5,4.29,4.48,"1,037,693"
4/6/2023,4.14,4.47,4.1,4.36,"1,584,813"
4/5/2023,4.49,4.49,4.16,4.25,"1,598,619"
4/4/2023,4.72,4.84,4.28,4.49,"3,970,665"
4/3/2023,5.11,5.11,4.66,4.83,"3,442,892"
3/31/2023,4.89,5.55,4.64,5.08,"8,363,278"
3/30/2023,6.49,6.52,6.29,6.42,"1,852,059"
3/29/2023,5.8,6.37,5.77,6.35,"1,624,291"
3/28/2023,5.8,6.04,5.51,5.62,"2,110,400"
3/27/2023,5.95,6.02,5.74,5.84,"674,998"
3/24/2023,5.75,6.02,5.68,5.94,"1,270,370"
3/23/2023,5.99,6.14,5.76,5.81,"1,061,636"
3/22/2023,6.22,6.31,5.91,5.91,"2,338,189"
3/21/2023,6.16,6.29,6,6.2,"1,102,375"
3/20/2023,6.11,6.19,5.97,6.04,"949,069"
3/17/2023,6.25,6.32,5.99,6.13,"2,182,152"
3/16/2023,6,6.33,5.91,6.29,"1,285,871"
3/15/2023,5.94,6.16,5.85,6.05,"1,353,755"
3/14/2023,6.08,6.4,6.02,6.17,"1,669,591"
3/13/2023,5.73,6.04,5.58,5.94,"1,396,506"
3/10/2023,6.35,6.57,5.74,6.01,"3,092,525"
3/9/2023,6.97,7,6.4,6.4,"1,558,664"
3/8/2023,6.84,6.96,6.77,6.9,"1,033,644"
3/7/2023,7.02,7.07,6.52,6.8,"1,910,765"
3/6/2023,6.35,7.14,6.32,6.98,"3,209,879"
3/3/2023,5.96,6.35,5.83,6.24,"1,581,962"
3/2/2023,5.85,5.92,5.57,5.88,"1,712,974"
3/1/2023,6.43,6.49,5.82,5.99,"2,718,379"
2/28/2023,6.43,6.73,6.34,6.44,"1,758,736"
2/27/2023,6.09,6.44,6.01,6.34,"1,723,083"
2/24/2023,5.9,6.21,5.85,5.96,"1,420,703"
2/23/2023,6.26,6.28,6.01,6.07,"1,268,032"
2/22/2023,5.89,6.24,5.85,6.11,"1,201,072"
2/21/2023,6.4,6.43,5.88,5.88,"1,304,665"
2/17/2023,6.3,6.5,6.11,6.47,"1,124,644"
2/16/2023,6.38,6.43,6.23,6.26,"1,416,382"
2/15/2023,6.17,6.54,6.14,6.49,"1,655,367"
2/14/2023,5.82,6.23,5.72,6.2,"1,812,383"
2/13/2023,5.97,6,5.57,5.99,"1,476,525"
2/10/2023,6.2,6.49,5.71,5.87,"2,904,985"
2/9/2023,5.93,6.19,5.87,5.95,"1,585,180"
2/8/2023,6,6.16,5.84,5.91,"861,589"
2/7/2023,6.09,6.38,5.83,6.05,"1,322,062"
2/6/2023,6.14,6.2,5.8,6.04,"1,973,944"
2/3/2023,5.91,6.61,5.67,6.09,"2,657,652"
2/2/2023,5.68,6.24,5.63,5.87,"2,519,373"
2/1/2023,5.46,5.71,5.24,5.57,"1,850,765"
1/31/2023,5.1,5.43,5.1,5.39,"973,693"
1/30/2023,5.21,5.35,5.05,5.11,"825,603"
1/27/2023,5.05,5.39,5.02,5.35,"1,196,659"
1/26/2023,5.37,5.39,5.02,5.09,"682,052"
1/25/2023,5.03,5.26,4.9,5.22,"743,927"
1/24/2023,5.25,5.36,5.09,5.17,"711,128"
1/23/2023,5.21,5.36,5.03,5.32,"1,007,668"
1/20/2023,5.03,5.17,4.92,5.15,"1,024,914"
1/19/2023,4.93,5.13,4.86,5.02,"853,585"
1/18/2023,5.54,5.62,5.05,5.1,"1,463,770"
1/17/2023,5.2,5.6,5.15,5.5,"1,690,737"
1/13/2023,5.2,5.28,5.03,5.19,"1,101,058"
1/12/2023,5.11,5.35,4.83,5.33,"2,569,926"
1/11/2023,4.88,5.12,4.77,5.02,"1,804,978"
1/10/2023,4.84,4.94,4.69,4.88,"1,056,551"
1/9/2023,4.9,4.99,4.74,4.78,"1,220,665"
1/6/2023,4.59,4.77,4.43,4.75,"1,090,962"
1/5/2023,4.53,4.61,4.33,4.54,"932,829"
1/4/2023,4.47,4.7,4.36,4.6,"1,136,267"
1/3/2023,4.87,4.98,4.33,4.46,"2,021,552"
12/30/2022,4.4,4.84,4.2,4.82,"2,616,700"
12/29/2022,3.76,4.4,3.76,4.33,"2,473,999"
12/28/2022,3.68,3.82,3.55,3.76,"1,545,879"
12/27/2022,4,4.05,3.63,3.65,"2,056,485"
12/23/2022,3.8,4.16,3.72,3.97,"1,977,589"
12/22/2022,3.81,3.84,3.62,3.79,"1,530,407"
12/21/2022,3.75,3.86,3.69,3.77,"1,690,372"
12/20/2022,3.79,4.03,3.68,3.68,"1,990,985"
12/19/2022,3.84,3.87,3.63,3.81,"1,687,375"
12/16/2022,3.9,4.02,3.79,3.86,"1,988,883"
12/15/2022,3.88,4.19,3.78,3.84,"2,850,669"
12/14/2022,3.98,4.13,3.9,3.96,"2,627,458"
12/13/2022,4.5,4.53,3.91,3.96,"3,623,950"
12/12/2022,4.29,4.38,4.2,4.38,"1,390,190"
12/9/2022,4.55,4.55,4.26,4.27,"1,253,086"
12/8/2022,4.63,4.65,4.25,4.48,"2,103,733"
12/7/2022,4.93,4.93,4.33,4.54,"5,682,893"
12/6/2022,5.55,5.59,4.66,4.87,"4,311,030"
12/5/2022,6.02,6.05,5.54,5.58,"2,496,075"
12/2/2022,5.7,5.96,5.65,5.82,"1,420,197"
12/1/2022,5.8,6,5.7,5.75,"2,391,259"
11/30/2022,5.74,5.9,5.6,5.77,"8,875,619"
11/29/2022,6.3,6.5,6.29,6.34,"797,330"
11/28/2022,6.51,6.51,6.28,6.35,"803,791"
11/25/2022,6.7,6.7,6.44,6.62,"387,970"
11/23/2022,6.75,6.88,6.48,6.66,"1,050,784"
11/22/2022,6.56,6.87,6.35,6.48,"1,314,738"
11/21/2022,6.66,6.68,6.28,6.51,"1,034,541"
11/18/2022,6.83,7.06,6.56,6.6,"1,096,073"
11/17/2022,6.55,7.02,6.55,6.76,"1,522,716"
11/16/2022,7.46,7.46,6.68,6.7,"2,079,800"
11/15/2022,8.12,8.2,7.34,7.51,"3,331,674"
11/14/2022,10.2,10.21,7.91,7.99,"9,011,357"
11/11/2022,7.32,8.98,6.99,8.83,"4,129,595"
11/10/2022,7.15,7.45,6.78,7.44,"1,324,976"
11/9/2022,7.25,7.4,6.53,6.63,"1,575,018"
11/8/2022,7.46,7.89,7,7.27,"1,800,100"
11/7/2022,6.9,7.66,6.74,7.43,"1,812,122"
11/4/2022,6.41,6.75,6.32,6.71,"1,015,793"
11/3/2022,6.3,6.47,6.2,6.21,"505,927"
11/2/2022,6.85,6.9,6.33,6.33,"891,857"
11/1/2022,7.49,7.49,6.77,6.87,"971,349"
10/31/2022,6.6,7.73,6.57,7.23,"1,818,857"
10/28/2022,6.1,6.59,6.02,6.52,"1,079,358"
10/27/2022,6.15,6.17,5.9,5.91,"987,777"
10/26/2022,6.25,6.37,6.07,6.14,"1,023,705"
10/25/2022,6.03,6.45,6,6.31,"1,100,906"
10/24/2022,6.39,6.39,5.86,5.98,"1,146,859"
10/21/2022,6.6,6.68,6.33,6.36,"1,000,300"
10/20/2022,6.81,7.1,6.55,6.63,"730,207"
10/19/2022,7,7.2,6.8,6.84,"875,707"
10/18/2022,7.73,7.79,7.14,7.18,"897,394"
10/17/2022,7.3,7.78,7.3,7.55,"1,252,499"
10/14/2022,7.36,7.54,7.16,7.28,"534,270"
10/13/2022,6.84,7.33,6.8,7.28,"577,245"
10/12/2022,7.06,7.21,6.86,7.06,"600,479"
10/11/2022,7.31,7.34,7.01,7.14,"679,865"
10/10/2022,7.25,7.35,7.08,7.31,"438,495"
10/7/2022,7.35,7.44,7.12,7.18,"946,211"
10/6/2022,7.37,7.82,7.23,7.51,"1,493,356"
10/5/2022,7.44,7.44,6.93,7.13,"777,485"
10/4/2022,7.27,7.52,7.25,7.48,"903,779"
10/3/2022,7.29,7.33,6.82,7.16,"1,231,721"
9/30/2022,7.1,7.5,7,7.22,"1,268,647"
9/29/2022,7.19,7.26,6.73,7.09,"1,618,399"
9/28/2022,6.93,7.53,6.9,7.41,"1,450,146"
9/27/2022,7.23,7.3,6.86,6.92,"855,534"
9/26/2022,7.01,7.42,7.01,7.09,"978,440"
9/23/2022,7.6,7.76,6.93,7.11,"2,082,059"
9/22/2022,8.19,8.21,7.77,7.84,"1,371,582"
9/21/2022,8.48,8.86,8.3,8.3,"1,207,623"
9/20/2022,8.7,8.88,8.37,8.48,"1,167,810"
9/19/2022,8.31,8.75,8.11,8.75,"1,418,086"
9/16/2022,8.6,8.88,8.29,8.52,"2,338,276"
9/15/2022,10.1,10.32,8.83,9,"4,870,182"
9/14/2022,9.88,10.38,9.74,10.14,"1,552,705"
9/13/2022,10.52,10.55,9.83,9.9,"2,024,455"
9/12/2022,11.62,11.85,10.75,10.84,"3,218,197"
9/9/2022,10.01,11.09,10,10.76,"3,098,006"
9/8/2022,10.3,10.33,9.72,10.01,"2,097,349"
9/7/2022,11,11.02,10.14,10.25,"1,732,213"
9/6/2022,11.1,11.53,10.76,10.99,"1,414,878"
9/2/2022,11.62,11.69,10.66,10.95,"1,639,220"
9/1/2022,12,12.09,10.85,11.43,"2,250,606"
8/31/2022,12.04,13.27,11.77,12.02,"1,453,060"
8/30/2022,12.42,12.66,11.58,11.97,"1,196,232"
8/29/2022,12.01,12.8,11.99,12.18,"1,566,494"
8/26/2022,11.42,12.25,11.31,11.87,"2,374,984"
8/25/2022,12.41,12.55,11.19,11.22,"1,652,497"
8/24/2022,12.63,13.32,11.6,12.37,"2,470,422"
8/23/2022,11.64,12.53,11.3,12.44,"1,513,181"
8/22/2022,12.11,12.34,11.34,11.43,"1,275,860"
8/19/2022,11.89,12.57,11.81,12.29,"1,257,023"
8/18/2022,13.49,13.77,11.88,12.17,"2,263,118"
8/17/2022,14.27,14.27,13.08,13.34,"2,195,305"
8/16/2022,11.72,14.25,11.43,13.93,"5,447,682"
8/15/2022,12.16,13.6,12.01,12.75,"4,939,092"
8/12/2022,11.39,11.79,10.91,11.63,"2,438,195"
8/11/2022,9.79,12.3,9.77,10.87,"7,233,080"
8/10/2022,8.82,9.17,8.43,9.16,"1,613,011"
8/9/2022,7.58,9.12,7.44,8.29,"3,564,157"
8/8/2022,7.93,7.94,7.36,7.55,"706,011"
8/5/2022,7.85,8.08,7.49,7.91,"710,051"
8/4/2022,7.43,7.94,7.32,7.83,"942,392"
8/3/2022,6.75,7.36,6.75,7.31,"952,931"
8/2/2022,6.8,6.98,6.57,6.68,"1,031,779"
8/1/2022,7.05,7.14,6.85,6.91,"709,206"
7/29/2022,7.18,7.23,6.92,7.03,"845,428"
7/28/2022,6.38,7.2,6.3,7.14,"1,386,427"
7/27/2022,6.12,6.38,6.05,6.37,"665,721"
7/26/2022,6.31,6.32,6.01,6.06,"776,270"
7/25/2022,6.35,6.47,6.13,6.36,"576,491"
7/22/2022,6.63,6.64,6.32,6.37,"532,388"
7/21/2022,6.55,6.68,6.4,6.66,"550,608"
7/20/2022,6.67,6.85,6.49,6.66,"877,070"
7/19/2022,6.41,6.59,6.35,6.59,"427,770"
7/18/2022,6.5,6.66,6.23,6.3,"474,882"
7/15/2022,6.4,6.6,6.21,6.43,"496,193"
7/14/2022,6.19,6.37,6.03,6.35,"424,917"
7/13/2022,6.37,6.47,6.2,6.22,"677,188"
7/12/2022,6.82,6.89,6.35,6.56,"647,128"
7/11/2022,6.59,6.78,6.45,6.78,"606,434"
7/8/2022,6.5,6.67,6.4,6.53,"314,823"
7/7/2022,6.32,6.61,6.28,6.6,"385,404"
7/6/2022,6.49,6.52,6.2,6.22,"389,940"
7/5/2022,6.33,6.49,6.14,6.49,"362,503"
7/1/2022,6.23,6.47,6.19,6.33,"281,741"
6/30/2022,6.34,6.44,6.1,6.28,"482,894"
6/29/2022,6.21,6.51,5.96,6.4,"797,618"
6/28/2022,6.63,6.71,6.26,6.34,"522,707"
6/27/2022,6.7,6.83,6.45,6.48,"446,701"
6/24/2022,6.95,6.95,6.53,6.71,"685,279"
6/23/2022,6.75,6.8,6.45,6.79,"604,356"
6/22/2022,6.5,6.77,6.5,6.6,"481,499"
6/21/2022,6.58,6.73,6.49,6.54,"694,425"
6/17/2022,6.24,6.45,6.17,6.39,"729,600"
6/16/2022,6.12,6.22,5.9,6.11,"892,525"
6/15/2022,6.18,6.44,6.11,6.34,"950,452"
6/14/2022,6.63,6.69,6.1,6.16,"1,147,005"
6/13/2022,6.98,7.04,6.05,6.53,"1,601,102"
6/10/2022,6.85,6.95,6.31,6.41,"1,405,398"
6/9/2022,7.4,7.45,6.89,7.1,"1,054,202"
6/8/2022,7.6,7.64,7.26,7.37,"714,628"
6/7/2022,7.6,7.8,7.42,7.69,"611,281"
6/6/2022,8.63,8.65,7.67,7.7,"1,255,036"
6/3/2022,8.66,8.8,8.41,8.48,"319,337"
6/2/2022,8.2,8.74,8.2,8.74,"481,400"
6/1/2022,8.55,8.91,8.16,8.27,"733,262"
5/31/2022,8.16,8.64,8.08,8.32,"631,672"
5/27/2022,7.6,8.35,7.6,8.27,"990,383"
5/26/2022,7.33,7.89,7.28,7.57,"808,008"
5/25/2022,7.1,7.43,7.05,7.33,"625,802"
5/24/2022,7.65,7.72,7.03,7.13,"727,502"
5/23/2022,7.7,7.82,7.37,7.78,"836,362"
5/20/2022,7.34,7.75,7.09,7.73,"1,171,920"
5/19/2022,7.03,7.44,7,7.11,"716,340"
5/18/2022,7.44,7.79,7.11,7.28,"584,107"
5/17/2022,7.1,7.47,6.75,7.45,"674,832"
5/16/2022,7.51,7.7,6.83,7.01,"984,458"
5/13/2022,7.79,7.96,7.55,7.67,"1,110,496"
5/12/2022,6.75,8.05,6.7,7.61,"1,770,330"
5/11/2022,6.87,7.3,6.53,7.02,"1,218,377"
5/10/2022,7.84,7.99,6.69,6.96,"1,667,180"
5/9/2022,8.5,8.5,7.36,7.63,"1,487,105"
5/6/2022,8.49,8.79,7.95,8.75,"791,413"
5/5/2022,8.72,8.84,8.37,8.47,"565,987"
5/4/2022,8.46,8.97,8.21,8.92,"800,159"
5/3/2022,8.5,8.87,7.9,8.51,"2,488,215"
5/2/2022,7.49,8.14,7.43,7.96,"1,118,591"
4/29/2022,7.77,8.1,7.5,7.53,"594,189"
4/28/2022,7.56,8.06,6.93,7.9,"1,269,987"
4/27/2022,7.32,7.63,7.1,7.18,"707,460"
4/26/2022,7.73,7.79,7.27,7.31,"877,059"
4/25/2022,7.44,7.86,7.33,7.73,"716,431"
4/22/2022,7.74,7.98,7.19,7.42,"835,025"
4/21/2022,8.18,8.2,7.67,7.82,"689,554"
4/20/2022,8.33,8.33,7.92,8.08,"690,194"
4/19/2022,8.32,8.54,8.01,8.24,"1,265,300"
4/18/2022,9.08,9.13,7.97,8.15,"1,371,917"
4/14/2022,9.63,9.75,9.13,9.15,"576,339"
4/13/2022,9.73,9.97,9.56,9.71,"269,144"
4/12/2022,10.15,10.24,9.52,9.74,"509,375"
4/11/2022,9.91,10.24,9.76,9.92,"332,991"
4/8/2022,10.19,10.4,9.88,10.02,"539,783"
4/7/2022,10.37,10.56,9.95,10.29,"438,809"
4/6/2022,10.04,10.46,9.56,10.43,"1,082,171"
4/5/2022,10.41,10.75,10.14,10.28,"736,641"
4/4/2022,10.71,11.13,10.41,10.46,"693,323"
4/1/2022,10.08,10.64,9.81,10.59,"804,706"
3/31/2022,10.23,10.62,9.91,9.98,"851,221"
3/30/2022,10.95,11.14,10.2,10.3,"759,414"
3/29/2022,10.9,11.35,10.8,10.96,"870,603"
3/28/2022,10.52,11.13,10.24,10.73,"1,034,230"
3/25/2022,10.49,10.66,10.08,10.35,"593,783"
3/24/2022,10.01,10.71,10.01,10.48,"982,915"
3/23/2022,10.18,10.33,9.75,9.8,"1,151,673"
3/22/2022,9.8,10.55,9.76,10.22,"1,356,213"
3/21/2022,10.07,10.31,9.64,9.89,"861,106"
3/18/2022,9.29,10.21,9.29,10.04,"1,649,053"
3/17/2022,9.09,9.55,8.89,9.43,"979,226"
3/16/2022,8.5,9.4,8.36,9.2,"1,602,068"
3/15/2022,8.71,8.71,7.6,8.33,"1,904,570"
3/14/2022,9.29,9.35,8.53,8.72,"1,849,659"
3/11/2022,10.5,10.7,9.11,9.51,"7,801,672"
3/10/2022,8.87,9.76,8.66,9.58,"3,839,302"
3/9/2022,8.71,11.48,7.85,9.78,"53,428,393"
3/8/2022,6.25,6.98,6.25,6.75,"760,050"
3/7/2022,6.83,6.99,6.29,6.3,"765,977"
3/4/2022,7.02,7.07,6.63,6.83,"518,401"
3/3/2022,7.28,7.29,6.84,7.06,"492,487"
3/2/2022,7.18,7.25,6.94,7.05,"382,027"
3/1/2022,7.1,7.37,7.03,7.1,"521,720"
2/28/2022,6.96,7.3,6.88,7.08,"798,215"
2/25/2022,6.8,7.27,6.45,6.96,"766,618"
2/24/2022,5.87,6.89,5.82,6.8,"764,087"
2/23/2022,6.46,6.65,6.03,6.32,"766,831"
2/22/2022,6.47,6.57,6.25,6.3,"751,686"
2/18/2022,6.38,6.77,6.27,6.67,"614,857"
2/17/2022,6.8,6.98,6.33,6.38,"668,492"
2/16/2022,6.62,6.87,6.27,6.87,"768,034"
2/15/2022,6.15,6.84,6.12,6.6,"1,327,340"
2/14/2022,5.64,6.16,5.63,5.93,"623,408"
2/11/2022,5.97,6.03,5.6,5.73,"434,683"
2/10/2022,6.15,6.4,5.86,5.89,"1,383,638"
2/9/2022,5.77,6.29,5.73,6.25,"787,973"
2/8/2022,5.74,5.74,5.5,5.63,"734,295"
2/7/2022,5.77,5.98,5.51,5.73,"726,911"
2/4/2022,5.52,5.74,5.42,5.72,"544,090"
2/3/2022,5.66,5.76,5.39,5.45,"655,145"
2/2/2022,6.16,6.22,5.73,5.82,"681,897"
2/1/2022,5.84,6.06,5.52,5.99,"827,375"
1/31/2022,5.38,6.1,5.3,5.75,"1,232,693"
1/28/2022,5.08,5.34,4.84,5.27,"1,057,193"
1/27/2022,5.31,5.35,5.04,5.13,"805,272"
1/26/2022,5.5,5.66,5.16,5.22,"990,416"
1/25/2022,5.42,5.57,5.15,5.32,"874,383"
1/24/2022,5.48,5.59,4.92,5.54,"2,182,329"
1/21/2022,6.04,6.09,5.58,5.6,"1,505,754"
1/20/2022,6.19,6.53,6.07,6.09,"876,364"
1/19/2022,6.14,6.3,5.98,6.06,"693,796"
1/18/2022,6.4,6.45,6.09,6.13,"1,048,402"
1/14/2022,6.51,6.7,6.27,6.52,"970,618"
1/13/2022,6.93,6.99,6.49,6.52,"1,075,912"
1/12/2022,7.38,7.45,6.88,6.92,"1,005,021"
1/11/2022,7.09,7.28,6.85,7.25,"767,582"
1/10/2022,7.25,7.37,6.83,7.05,"1,384,693"
1/7/2022,7.42,7.75,7.37,7.46,"759,429"
1/6/2022,7.34,7.45,7.07,7.41,"959,992"
1/5/2022,7.94,8,7.18,7.23,"1,516,541"
1/4/2022,8.25,8.37,7.85,7.94,"782,758"
1/3/2022,8.02,8.41,7.95,8.22,"562,498"
12/31/2021,8.14,8.25,7.85,7.94,"767,083"
12/30/2021,7.74,8.4,7.74,8.14,"976,912"
12/29/2021,7.95,8.08,7.69,7.77,"1,046,020"
12/28/2021,8.22,8.32,7.85,8.02,"1,030,638"
12/27/2021,8.85,8.88,8.21,8.31,"741,437"
12/23/2021,8.5,8.83,8.37,8.71,"582,267"
12/22/2021,8.41,8.54,8.25,8.46,"559,362"
12/21/2021,8.15,8.55,8.15,8.38,"733,624"
12/20/2021,8.32,8.32,7.95,8.1,"622,114"
12/17/2021,8.13,8.64,7.83,8.41,"1,025,147"
12/16/2021,8.59,8.72,8.11,8.18,"693,558"
12/15/2021,8.24,8.52,7.89,8.41,"994,651"
12/14/2021,8.21,8.69,8.17,8.31,"787,564"
12/13/2021,8.65,8.7,8.26,8.5,"768,664"
12/10/2021,9.09,9.23,8.56,8.71,"1,170,870"
12/9/2021,9.56,9.62,8.98,9.03,"639,241"
12/8/2021,9.3,9.73,8.91,9.49,"735,407"
12/7/2021,8.65,9.42,8.54,9.29,"1,167,788"
12/6/2021,8.25,8.47,7.8,8.42,"2,978,387"
12/3/2021,9.41,9.6,8.88,9.24,"1,729,717"
12/2/2021,9.5,9.7,9.31,9.44,"1,076,434"
12/1/2021,10.06,10.28,9.28,9.49,"1,203,966"
11/30/2021,10.16,10.5,9.82,9.96,"1,271,424"
11/29/2021,10.86,11.02,10.3,10.38,"903,672"
11/26/2021,10.58,11,10.13,10.89,"711,985"
11/24/2021,10.51,11.03,10.42,10.89,"787,076"
11/23/2021,11.29,11.34,10.3,10.67,"2,382,883"
11/22/2021,11.78,11.82,11.06,11.52,"1,397,277"
11/19/2021,11.71,12.17,11.54,11.71,"723,465"
11/18/2021,12.08,12.15,11.33,11.86,"1,391,180"
11/17/2021,12.25,12.43,11.65,12.09,"1,091,899"
11/16/2021,11.82,12.63,11.36,12.47,"1,702,552"
11/15/2021,13.14,13.15,12.23,12.52,"1,033,356"
11/12/2021,12.6,12.93,12.37,12.85,"795,974"
11/11/2021,12.12,12.76,11.96,12.49,"775,372"
11/10/2021,12.4,12.51,11.88,11.93,"670,999"
11/9/2021,11.78,12.82,11.68,12.48,"1,905,865"
11/8/2021,12.25,12.49,11.66,11.8,"1,057,141"
11/5/2021,12.65,12.75,12.08,12.19,"724,922"
11/4/2021,12.09,12.57,12.08,12.47,"730,860"
11/3/2021,11.93,12.54,11.85,12.06,"1,123,576"
11/2/2021,11.77,11.89,11.5,11.85,"591,211"
11/1/2021,11.28,11.95,11.24,11.73,"844,503"
10/29/2021,11.1,11.3,10.95,11.19,"565,960"
10/28/2021,10.87,11.24,10.67,11.19,"608,902"
10/27/2021,11.13,11.51,10.78,10.79,"992,311"
10/26/2021,10.79,11.39,10.63,11.06,"1,229,419"
10/25/2021,10.23,10.98,10.22,10.79,"912,651"
10/22/2021,10.48,10.48,10.06,10.23,"658,613"
10/21/2021,10.43,10.75,10.39,10.44,"544,316"
10/20/2021,10.45,10.58,10.27,10.5,"1,053,569"
10/19/2021,10.44,10.66,10.31,10.34,"557,659"
10/18/2021,10.24,10.46,10.14,10.35,"545,144"
10/15/2021,10.64,10.78,10.2,10.21,"661,169"
10/14/2021,11.03,11.03,10.5,10.64,"569,647"
10/13/2021,10.98,11.22,10.62,10.87,"810,488"
10/12/2021,10.3,10.82,10.22,10.78,"867,336"
10/11/2021,10,10.35,10,10.08,"560,570"
10/8/2021,10.3,10.46,9.98,10.06,"1,073,775"
10/7/2021,10.4,10.73,10.31,10.38,"596,370"
10/6/2021,10.15,10.42,10.03,10.2,"829,919"
10/5/2021,10.37,10.74,10.27,10.43,"657,017"
10/4/2021,10.28,10.7,10.02,10.41,"1,116,908"
10/1/2021,10.91,11.1,10.37,10.54,"1,199,795"
9/30/2021,11.13,11.29,10.71,10.82,"1,503,578"
9/29/2021,11.46,11.84,10.96,11.06,"1,067,800"
9/28/2021,11.9,12.15,11.31,11.37,"968,694"
9/27/2021,11.7,12.45,11.65,12.12,"1,139,370"
9/24/2021,11.85,12.11,11.61,11.68,"515,352"
9/23/2021,11.26,12.03,11.11,11.93,"1,029,068"
9/22/2021,11.41,11.74,11.11,11.28,"1,146,242"
9/21/2021,11.71,11.96,11.12,11.38,"1,207,737"
9/20/2021,12.15,12.55,10.91,11.55,"4,331,596"
9/17/2021,11.97,13.21,11.84,12.95,"5,811,696"
9/16/2021,11.13,11.73,10.88,11.68,"956,348"
9/15/2021,11.22,11.31,10.83,11.13,"1,017,437"
9/14/2021,11.89,12.43,11.33,11.33,"1,101,429"
9/13/2021,11.65,12.29,11.36,11.98,"1,023,429"
9/10/2021,11.89,12.27,11.59,11.67,"1,157,803"
9/9/2021,11.6,11.95,11.03,11.87,"1,239,660"
9/8/2021,11.9,11.95,11.51,11.87,"982,932"
9/7/2021,12.45,12.58,11.7,11.73,"1,067,716"
9/3/2021,12.52,12.91,12.06,12.36,"1,077,401"
9/2/2021,12.27,12.99,12.25,12.38,"1,566,563"
9/1/2021,12.22,12.74,11.7,12.26,"1,548,717"
8/31/2021,12.28,12.66,11.58,12.35,"2,088,909"
8/30/2021,11.18,12.36,11.1,12.36,"4,018,616"
8/27/2021,11.13,11.17,10.16,10.99,"2,193,879"
8/26/2021,9.84,11.22,9.61,11.08,"3,846,192"
8/25/2021,9.39,9.52,9.21,9.44,"703,752"
8/24/2021,9.56,9.56,8.96,9.44,"941,206"
8/23/2021,8.79,9.63,8.51,9.26,"1,760,122"
8/20/2021,8.18,8.63,8.04,8.42,"1,001,735"
8/19/2021,8.62,8.75,8.03,8.13,"1,728,809"
8/18/2021,8.2,9,8.02,8.54,"1,326,125"
8/17/2021,9.1,9.14,8.25,8.27,"2,585,279"
8/16/2021,9.5,9.6,9.04,9.08,"1,175,418"
8/13/2021,9.6,10.15,9.43,9.54,"1,103,795"
8/12/2021,9.98,10.05,9.53,9.69,"1,452,508"
8/11/2021,10.49,10.6,9.73,10,"2,180,430"
8/10/2021,10.46,10.59,10.16,10.43,"995,203"
8/9/2021,10.82,11,10.43,10.5,"819,848"
8/6/2021,11,11.17,10.53,10.63,"758,521"
8/5/2021,10.98,11.46,10.85,11,"616,348"
8/4/2021,10.76,11.08,10.61,11.02,"520,264"
8/3/2021,11.19,11.2,10.68,10.74,"830,805"
8/2/2021,10.72,11.33,10.72,11.28,"703,915"
7/30/2021,10.83,11.13,10.57,10.78,"896,936"
7/29/2021,11.05,11.13,10.51,10.69,"949,828"
7/28/2021,11.04,11.26,10.64,10.87,"1,316,249"
7/27/2021,11.74,11.74,10.88,11.1,"835,614"
7/26/2021,12.2,12.24,11.57,11.74,"727,136"
7/23/2021,11.81,12.34,11.55,12.2,"945,842"
7/22/2021,11.59,12.06,11.19,11.72,"1,251,538"
7/21/2021,11.45,11.98,11.39,11.61,"881,051"
7/20/2021,10.73,11.51,10.65,11.4,"902,834"
7/19/2021,10.5,11.09,10.13,10.75,"1,835,514"
7/16/2021,10.87,11.41,10.73,11.01,"1,540,698"
7/15/2021,11.8,11.85,10.58,10.65,"3,355,501"
7/14/2021,12.37,12.83,11.74,11.8,"1,721,091"
7/13/2021,13.02,13.2,12.25,12.47,"2,175,529"
7/12/2021,14.04,14.24,12.81,13.3,"4,519,166"
7/9/2021,12.59,12.85,12.05,12.76,"1,625,977"
7/8/2021,11.85,12.69,11.55,12.46,"1,629,803"
7/7/2021,13.32,13.49,12.11,12.56,"3,059,609"
7/6/2021,13.21,14.23,12.64,13.53,"4,425,556"
7/2/2021,13.15,14.29,12.94,13.13,"4,946,610"
7/1/2021,13.18,13.62,12.11,12.95,"5,527,766"
6/30/2021,13,15.48,12.51,12.94,"44,067,058"
6/29/2021,10.25,10.29,9.83,10.21,"1,188,401"
6/28/2021,10.82,10.9,10.06,10.3,"1,741,375"
6/25/2021,10.09,10.86,9.95,10.5,"3,495,380"
6/24/2021,9.64,10.15,9.56,9.69,"1,715,637"
6/23/2021,9.78,9.79,9.32,9.57,"1,182,806"
6/22/2021,9.7,10.05,9.11,9.71,"2,387,440"
6/21/2021,10.5,10.52,9.53,9.68,"2,640,067"
6/18/2021,10.65,11.1,10.37,10.52,"5,470,748"
6/17/2021,11.15,12.3,10.8,10.99,"5,841,972"
6/16/2021,10.55,12.32,10.15,11.03,"13,423,824"
6/15/2021,9.72,10.7,9.52,10.37,"2,437,965"
6/14/2021,10.17,10.25,9.55,9.8,"2,729,873"
6/11/2021,9.91,10.2,9.62,10.16,"1,472,547"
6/10/2021,10.56,11.3,9.51,9.76,"2,932,306"
6/9/2021,12.49,12.49,10.11,10.62,"7,342,398"
6/8/2021,8.05,13.14,7.83,12.14,"20,956,650"
6/7/2021,8.15,8.15,7.71,8.02,"2,104,147"
6/4/2021,8.19,8.26,7.81,8.23,"1,512,963"
6/3/2021,7.45,8.22,7.2,8.09,"2,194,200"
6/2/2021,7.08,7.6,6.96,7.4,"1,639,370"
6/1/2021,7.28,7.35,6.96,7.08,"1,608,290"
5/28/2021,7.35,7.39,7.11,7.22,"1,303,041"
5/27/2021,7.37,7.39,7.18,7.34,"768,513"
5/26/2021,7.35,7.41,7.14,7.35,"918,663"
5/25/2021,7.59,7.64,7.27,7.32,"1,392,970"
5/24/2021,7.6,7.76,7.35,7.54,"1,723,862"
5/21/2021,7.68,7.75,7.51,7.58,"1,070,925"
5/20/2021,7.75,7.87,7.51,7.57,"1,229,290"
5/19/2021,7.66,7.87,7.52,7.6,"759,506"
5/18/2021,7.33,7.77,7.17,7.6,"3,173,214"
5/17/2021,7.35,7.74,7.08,7.26,"875,546"
5/14/2021,7.43,7.69,7.25,7.48,"484,434"
5/13/2021,7.45,7.73,7.13,7.35,"793,897"
5/12/2021,7.69,7.85,7.3,7.35,"426,452"
5/11/2021,7.15,7.96,7.05,7.67,"1,050,278"
5/10/2021,8.25,8.26,7.58,7.72,"779,134"
5/7/2021,7.9,8.39,7.71,8.29,"786,623"
5/6/2021,7.71,8.2,7.6,7.78,"727,049"
5/5/2021,8.34,8.43,7.37,7.68,"1,688,991"
5/4/2021,8.06,8.21,7.35,8.21,"2,001,463"
5/3/2021,8.91,8.93,8.07,8.17,"803,143"
4/30/2021,8.68,8.97,8.62,8.77,"420,107"
4/29/2021,9.17,9.28,8.55,8.87,"768,352"
4/28/2021,9.19,9.56,8.96,9.08,"741,379"
4/27/2021,9.61,9.7,8.95,9.17,"907,446"
4/26/2021,10.09,10.2,9.2,9.54,"1,573,979"
4/23/2021,8.81,9.84,8.6,9.49,"1,635,449"
4/22/2021,8.1,8.95,8.1,8.75,"1,347,696"
4/21/2021,7.98,8.87,7.81,8.07,"2,357,293"
4/20/2021,7.36,8.25,7.2,8.01,"2,645,935"
4/19/2021,7.77,7.98,7.12,7.15,"2,037,997"
4/16/2021,8.49,8.49,7.61,7.81,"1,774,510"
4/15/2021,8.65,9.12,8.15,8.45,"1,171,800"
4/14/2021,8.8,8.82,8.1,8.53,"1,618,224"
4/13/2021,9.54,9.65,8.52,8.76,"2,221,554"
4/12/2021,10.1,10.15,9.33,9.69,"1,193,413"
4/9/2021,10.62,10.62,9.75,10,"1,949,530"
4/8/2021,11.92,12.1,10.5,10.78,"2,140,445"
4/7/2021,11.63,12.47,11.31,11.81,"2,954,774"
4/6/2021,12.19,12.19,11.53,11.6,"1,308,837"
4/5/2021,11.69,12.88,11.13,12.63,"1,304,269"
4/1/2021,11.67,11.8,11.03,11.39,"1,651,533"
3/31/2021,11.28,11.94,11.18,11.67,"1,220,214"
3/30/2021,11.49,11.77,11.09,11.45,"991,145"
3/29/2021,12.51,12.9,11.63,11.71,"1,301,756"
3/26/2021,12.34,12.47,11.81,12.39,"842,577"
3/25/2021,11.5,12.33,11.16,12.03,"1,621,680"
3/24/2021,12.81,12.96,11.8,12,"1,057,998"
3/23/2021,13.39,13.4,12.66,12.89,"1,078,317"
3/22/2021,12.65,13.85,12.65,13.65,"1,586,286"
3/19/2021,12.49,12.66,12.05,12.48,"861,935"
3/18/2021,12.66,13.05,12.21,12.35,"1,084,660"
3/17/2021,12.3,13.55,12.14,13,"1,595,544"
3/16/2021,13.49,13.5,12.54,12.94,"1,024,484"
3/15/2021,14.13,14.4,13.27,13.6,"1,326,039"
3/12/2021,12.56,14.5,12.55,13.8,"1,575,371"
3/11/2021,12.49,13.37,12.2,13.3,"1,470,778"
3/10/2021,12.32,12.43,11.53,11.94,"2,245,610"
3/9/2021,12.27,12.33,11.81,11.95,"1,625,671"
3/8/2021,12.66,13.37,11.66,11.76,"1,523,021"
3/5/2021,12.49,12.99,11.01,12.89,"2,350,639"
3/4/2021,12.42,13,11.21,12.49,"3,595,079"
3/3/2021,13.5,13.9,12.48,12.52,"2,028,548"
3/2/2021,15.01,15.7,13.18,13.3,"3,518,983"
3/1/2021,14.44,16.1,13.78,15.22,"2,335,907"
2/26/2021,14.21,15.58,13.02,13.84,"2,843,199"
2/25/2021,15.74,15.78,13.8,13.97,"2,208,585"
2/24/2021,16.12,16.75,15.29,15.49,"2,776,592"
2/23/2021,16.58,16.63,13.6,16.4,"4,461,576"
2/22/2021,18.9,19,17.15,17.52,"1,635,169"
2/19/2021,19.29,20.24,18.71,19.35,"1,065,617"
2/18/2021,18.72,19.4,18.48,18.95,"1,172,556"
2/17/2021,20.26,20.46,18.5,19.41,"1,966,526"
2/16/2021,19.83,21.72,19.42,20.53,"1,692,124"
2/12/2021,20.19,20.71,19.01,20.07,"1,183,407"
2/11/2021,21.9,22,19.55,20.9,"2,102,394"
2/10/2021,23.09,25.37,20.44,21.28,"4,549,636"
2/9/2021,17.77,24.94,17.4,22.5,"9,891,557"
2/8/2021,16.05,20.55,16.05,18.61,"3,472,902"
2/5/2021,16.03,16.7,15.64,16.05,"1,100,480"
2/4/2021,15.15,17.69,14.6,16.5,"2,986,201"
2/3/2021,14.77,15.98,14.51,15.03,"1,465,650"
2/2/2021,14.7,14.89,14.2,14.38,"634,075"
2/1/2021,14,14.45,13.56,14.45,"1,207,401"
1/29/2021,13.78,13.91,13.14,13.5,"1,032,737"
1/28/2021,13.2,14.41,13.15,14.03,"1,540,048"
1/27/2021,13.42,14.16,12.8,13.02,"2,444,407"
1/26/2021,14.77,14.88,13.51,14.17,"2,490,065"
1/25/2021,16.23,16.35,14.62,14.85,"1,953,785"
1/22/2021,15.75,16.75,15.61,15.88,"1,964,747"
1/21/2021,15.85,16.2,15.28,16.2,"1,592,138"
1/20/2021,16.23,17.1,15.81,16.04,"1,928,616"
1/19/2021,15.57,17.2,15,16.22,"4,407,333"
1/15/2021,14.67,14.72,13.47,14.5,"2,065,307"
1/14/2021,15.8,15.88,14.15,14.46,"5,192,246"
1/13/2021,12.76,13.35,12.5,13.35,"1,707,422"
1/12/2021,12.44,12.75,12.35,12.7,"727,145"
1/11/2021,12.59,13.19,12.4,12.52,"1,259,280"
1/8/2021,12.8,12.9,12.41,12.69,"893,826"
1/7/2021,13.02,13.45,12.75,12.78,"1,043,700"
1/6/2021,12.83,13.39,12.63,12.94,"1,029,383"
1/5/2021,12.7,13.1,12.16,13.09,"881,320"
1/4/2021,13.61,13.88,12.41,12.95,"1,945,296"
12/31/2020,13.23,13.74,12.78,13.58,"1,495,634"
12/30/2020,14,14,13.15,13.29,"1,359,240"
12/29/2020,14.74,14.85,13.02,14,"2,363,848"
12/28/2020,15.07,15.99,14.25,14.35,"5,391,963"
