,CRM (NYSE),,,,
Date,Open,High,Low,Close,Volume
12/24/2025,263.23,266.3,262.55,265.26,"2,076,637"
12/23/2025,262.72,264.24,260.52,263.43,"4,745,113"
12/22/2025,260.62,264.63,258.41,264.63,"5,664,201"
12/19/2025,260.68,262.04,255.5,259.91,"20,732,079"
12/18/2025,258.42,260.07,256.16,257.85,"5,654,161"
12/17/2025,256.33,261.97,256.25,258.14,"6,268,965"
12/16/2025,254,255.86,252.11,254.91,"6,145,269"
12/15/2025,261.21,262.28,253.09,254.58,"10,271,792"
12/12/2025,263.52,264.49,260.91,262.23,"6,006,578"
12/11/2025,263.5,267.9,260.77,262.35,"7,783,785"
12/10/2025,260.75,265.93,259.15,264.2,"8,894,682"
12/9/2025,260,262.25,259,261.02,"8,045,882"
12/8/2025,261.88,264.28,256.34,259.53,"10,805,445"
12/5/2025,250.83,261.88,249.5,260.57,"15,852,440"
12/4/2025,243.69,248.97,237.6,247.46,"20,912,133"
12/3/2025,235.36,239.26,233.16,238.72,"13,781,999"
12/2/2025,233.02,236.65,231.62,234.71,"7,626,188"
12/1/2025,228.67,234.25,228.6,232.83,"5,634,655"
11/28/2025,229,232.56,228.63,230.54,"3,691,505"
11/26/2025,230.51,232.82,226,228.15,"8,506,615"
11/25/2025,226.8,234.63,226.52,234.12,"10,232,974"
11/24/2025,227.34,228.84,225.04,226.82,"8,563,304"
11/21/2025,224.86,228.68,221.96,227.11,"7,479,250"
11/20/2025,229.25,231.07,223.3,225.37,"7,521,103"
11/19/2025,232,232.28,225.06,227.88,"9,710,689"
11/18/2025,236.24,237.79,230.27,233.5,"8,045,145"
11/17/2025,242.07,242.83,235.59,237.03,"5,280,850"
11/14/2025,238.31,245.18,237.42,243.66,"5,512,886"
11/13/2025,245.25,245.9,239.91,240.43,"5,542,078"
11/12/2025,245.74,248.43,243.68,246.02,"4,278,214"
11/11/2025,241.9,245.7,241.16,244.5,"5,762,752"
11/10/2025,240,241.91,235.08,241.71,"6,486,584"
11/7/2025,236.15,240.97,235.79,239.88,"5,741,472"
11/6/2025,250.54,250.54,234.48,239.27,"11,041,831"
11/5/2025,254.7,256.83,252.01,252.68,"5,241,235"
11/4/2025,258.15,259.26,253.46,254.44,"6,792,207"
11/3/2025,260,261.56,255.1,261.34,"7,054,310"
10/31/2025,254.8,261.82,252.63,260.41,"6,878,316"
10/30/2025,250.5,259.28,250,256.65,"7,767,832"
10/29/2025,252,253.57,249.04,251.46,"7,904,176"
10/28/2025,255.47,258.84,254.14,254.26,"6,435,589"
10/27/2025,257.08,258.1,254.92,255.47,"4,942,412"
10/24/2025,257.42,258.5,254,254.83,"5,490,805"
10/23/2025,257.6,258.56,254.12,255.05,"6,110,051"
10/22/2025,262.2,262.4,256.51,256.64,"9,369,960"
10/21/2025,254.5,267.13,254,263.41,"13,354,739"
10/20/2025,245,255.4,244.3,254.28,"9,963,869"
10/17/2025,246.57,250.78,242.16,243.08,"10,851,168"
10/16/2025,253.19,256.74,242.67,246,"24,869,700"
10/15/2025,240.87,241.32,235.9,236.58,"8,389,242"
10/14/2025,248.11,248.28,239.55,239.77,"9,123,850"
10/13/2025,242.89,249.35,242.37,248.75,"8,276,527"
10/10/2025,246.52,249.05,240.72,241.68,"7,988,316"
10/9/2025,239.27,245.96,237.15,245.33,"7,929,056"
10/8/2025,239.74,241.32,235.65,240.43,"7,120,245"
10/7/2025,246.48,247.36,237.55,239.74,"8,387,424"
10/6/2025,239.33,250.47,235.41,245.78,"13,922,574"
10/3/2025,238.75,242.81,238.5,240.36,"8,849,786"
10/2/2025,235.43,239.4,233.6,238.88,"7,679,234"
10/1/2025,236.49,242.47,233.51,235.69,"10,016,630"
9/30/2025,245.05,245.21,235.81,237,"10,801,099"
9/29/2025,244.72,245.82,242.87,245.1,"6,373,506"
9/26/2025,240.69,244.53,240.35,243.43,"4,974,641"
9/25/2025,244.5,244.66,239.49,240.95,"8,145,495"
9/24/2025,245.67,248.84,243.01,245.89,"6,707,081"
9/23/2025,249.74,251.36,244.13,244.56,"7,669,787"
9/22/2025,245.28,250.48,243.16,249.69,"7,523,794"
9/19/2025,246.02,247.2,243.35,247.09,"11,813,947"
9/18/2025,244.16,247.29,242.95,244.28,"9,344,384"
9/17/2025,239.97,243,239.38,242.21,"10,123,962"
9/16/2025,242.52,242.68,237.24,239.31,"8,779,787"
9/15/2025,243.25,244.71,240.84,242.52,"7,244,575"
9/12/2025,246.1,247.59,241.25,242.76,"8,386,354"
9/11/2025,243.7,247.17,243.5,246.28,"6,944,891"
9/10/2025,252.75,253.99,241.73,242.57,"11,363,641"
9/9/2025,251.32,255.34,251.21,252.06,"10,901,937"
9/8/2025,250.8,252.94,247.3,252.27,"12,602,238"
9/5/2025,244.83,251.13,244.36,250.76,"13,029,436"
9/4/2025,240.06,245.22,234.62,244.01,"30,967,514"
9/3/2025,255.06,258,250.55,256.45,"17,417,946"
9/2/2025,254.82,254.99,248.75,252.86,"9,312,525"
8/29/2025,255.4,257.64,252.87,256.25,"7,363,207"
8/28/2025,252.48,255.65,250.29,254.53,"8,461,229"
8/27/2025,245.75,250.37,245.61,250.16,"6,506,877"
8/26/2025,246.7,248.83,242.85,243.74,"8,862,311"
8/25/2025,249.37,249.37,246.79,247.87,"4,957,726"
8/22/2025,245.78,249.53,244.11,248.29,"6,694,286"
8/21/2025,245.04,246.29,240.02,245.83,"5,646,824"
8/20/2025,245.7,247.57,244.45,246.45,"8,195,052"
8/19/2025,245,248.5,243.45,246,"8,642,172"
8/18/2025,239.77,244.52,239.49,243.97,"8,809,192"
8/15/2025,236.15,244.5,234.63,242.44,"12,942,819"
8/14/2025,237,237,232.87,233.37,"7,544,771"
8/13/2025,233.01,237.35,229.61,237.03,"10,209,168"
8/12/2025,233,233.67,226.48,231.66,"13,183,187"
8/11/2025,238.92,241.87,231.57,232.68,"10,740,077"
8/8/2025,241.29,242.95,237.83,240.51,"8,812,027"
8/7/2025,250.69,253.01,236.97,240.88,"10,010,178"
8/6/2025,249.37,250.26,247.02,249.17,"5,834,652"
8/5/2025,253.01,253.29,247.01,247.49,"6,760,966"
8/4/2025,251,253.5,250.64,252.32,"4,403,485"
8/1/2025,254.99,255.99,250.13,250.74,"7,646,866"
7/31/2025,265,265.04,257.86,258.33,"7,340,250"
7/30/2025,266.87,267.77,263.33,264.81,"3,928,206"
7/29/2025,271.6,274,267.31,267.39,"5,137,094"
7/28/2025,269.5,270.34,266.59,270.25,"4,533,658"
7/25/2025,268.01,271.1,267.01,269.11,"4,015,439"
7/24/2025,267.98,269.3,265.64,267.7,"5,877,061"
7/23/2025,263.92,268.48,262.5,267.22,"5,620,704"
7/22/2025,263,265.89,262,263.59,"5,001,439"
7/21/2025,263.62,264.31,261.64,262.28,"6,714,731"
7/18/2025,260.3,262.98,259.12,262.38,"6,381,212"
7/17/2025,257.99,260.2,256.66,259.88,"5,837,430"
7/16/2025,258.93,258.98,254.52,257.95,"5,649,489"
7/15/2025,261,261.81,257.23,257.58,"5,201,492"
7/14/2025,258.6,262.23,257.5,259.68,"6,533,856"
7/11/2025,262.58,262.95,257.26,258.07,"7,011,161"
7/10/2025,270.9,271.49,263.21,263.97,"7,252,495"
7/9/2025,274.36,275.56,269.37,270.92,"6,373,573"
7/8/2025,270.79,276.8,269.73,273.65,"6,661,156"
7/7/2025,271.51,274,268.21,269.8,"6,283,544"
7/3/2025,269.7,274.73,269.32,272.15,"5,031,804"
7/2/2025,271.52,271.72,265.65,269.21,"6,115,241"
7/1/2025,272.08,274,270.64,271.91,"6,256,810"
6/30/2025,274.46,276.38,270.4,272.69,"8,541,909"
6/27/2025,271.86,274.17,269.43,273.42,"21,741,379"
6/26/2025,268.78,271.01,265.16,270.74,"6,707,978"
6/25/2025,272,274,266.98,267.76,"6,074,324"
6/24/2025,265.72,273.38,265.44,271.17,"9,713,901"
6/23/2025,260.64,264.74,258.75,263.41,"9,283,842"
6/20/2025,260.69,262.87,259.26,260.63,"12,859,175"
6/18/2025,264.8,265.08,257.47,259.5,"7,628,009"
6/17/2025,263.85,270.5,262.1,262.76,"9,110,069"
6/16/2025,260.39,263.98,259.97,263.88,"7,177,005"
6/13/2025,263.48,265.7,258,258.4,"7,659,317"
6/12/2025,264.7,269.02,263.4,266.91,"8,054,033"
6/11/2025,268.5,269.51,265.41,265.91,"6,568,118"
6/10/2025,272.07,273.75,266.84,268.22,"6,309,748"
6/9/2025,272.85,274.2,269.66,272.25,"5,728,297"
6/6/2025,269.97,274.9,268.21,274.51,"7,507,040"
6/5/2025,263.71,268.75,263.64,267.14,"8,647,080"
6/4/2025,264.19,265.5,261.62,263.17,"7,372,529"
6/3/2025,262,264.75,261.36,264.47,"7,838,480"
6/2/2025,263.11,263.79,259.14,261.62,"9,213,476"
5/30/2025,268.08,269.74,260.7,265.37,"12,388,512"
5/29/2025,263.59,267.79,254.5,266.92,"28,074,954"
5/28/2025,277.71,278.81,273.58,276.03,"12,758,644"
5/27/2025,273.17,278.58,270.29,277.19,"10,958,025"
5/23/2025,279,280.74,271.65,273.13,"8,887,815"
5/22/2025,282.5,286.35,281.03,283.42,"6,642,690"
5/21/2025,284.41,287.63,281.11,282.28,"5,689,839"
5/20/2025,288.09,288.44,285.21,288.06,"4,032,283"
5/19/2025,288.1,289.9,286.91,287.63,"5,781,196"
5/16/2025,291.09,292.17,289.72,291.15,"3,845,977"
5/15/2025,289.57,291.97,287.95,290.76,"4,635,862"
5/14/2025,293.5,296.05,289.26,290.74,"7,926,186"
5/13/2025,291,292.74,288.93,289.17,"6,711,550"
5/12/2025,285,288.97,283.23,288.82,"5,937,370"
5/9/2025,281.62,282.48,273.88,275.42,"4,324,188"
5/8/2025,279.21,283.05,278.38,279.74,"4,789,858"
5/7/2025,273.71,278.79,273.71,278.23,"4,268,307"
5/6/2025,269.82,274.8,268.54,273.36,"4,681,552"
5/5/2025,273.37,276.17,272.31,272.63,"4,219,639"
5/2/2025,274.46,276.32,272.25,275.08,"4,323,760"
5/1/2025,273.4,274.6,269,269.33,"5,208,927"
4/30/2025,264.8,268.87,263,268.71,"4,624,088"
4/29/2025,265.4,268.58,265.17,267.76,"3,140,601"
4/28/2025,268.15,269.5,263.33,265.64,"4,977,724"
4/25/2025,264.72,269.03,264.2,267.85,"5,651,651"
4/24/2025,258.2,264.98,257,264.7,"7,857,563"
4/23/2025,252.61,257.79,249.5,250.48,"5,818,895"
4/22/2025,238.23,244.22,235.6,243.39,"7,145,288"
4/21/2025,240.43,242.48,232.77,236.26,"9,240,009"
4/17/2025,249.77,251.56,246.8,247.26,"5,566,857"
4/16/2025,251.93,256.61,246.69,249.84,"7,190,940"
4/15/2025,254.37,256.72,253.8,254.93,"5,227,671"
4/14/2025,260,260,253.14,254.55,"6,038,546"
4/11/2025,254.27,256.41,247.68,255,"6,089,003"
4/10/2025,260,261.24,248.13,255.12,"9,692,344"
4/9/2025,240.9,268.17,240.9,265.17,"12,491,148"
4/8/2025,253.95,257.39,240.27,243.99,"9,340,310"
4/7/2025,230,252.95,230,244.21,"11,965,180"
4/4/2025,247.7,250.29,239.53,240.76,"9,704,996"
4/3/2025,260.14,262.57,254.45,255.23,"8,872,602"
4/2/2025,265.96,273.63,265.75,271.54,"5,396,853"
4/1/2025,268.86,270.82,265.82,270.2,"4,598,153"
3/31/2025,264.55,268.45,259.19,268.36,"7,585,804"
3/28/2025,276.71,277.21,269.19,269.97,"4,973,419"
3/27/2025,280.54,280.9,276.01,277.81,"3,757,245"
3/26/2025,288.34,289.04,279.58,280.99,"5,073,391"
3/25/2025,285.61,290.45,285.61,288.61,"4,301,704"
3/24/2025,283.74,286.76,283.22,285.96,"6,763,802"
3/21/2025,276.21,281.85,274.05,280.62,"9,804,132"
3/20/2025,277.06,282.88,277.06,279.03,"5,504,720"
3/19/2025,277.5,282.22,277.29,279.39,"5,245,412"
3/18/2025,280.02,280.5,275.94,278.73,"5,882,123"
3/17/2025,277.37,282.73,276.08,280.75,"4,484,727"
3/14/2025,275,279.89,272.68,279.4,"6,976,916"
3/13/2025,282.05,282.56,269.75,271.74,"9,494,522"
3/12/2025,281.85,285.93,279.09,284.58,"7,463,894"
3/11/2025,273.72,280.45,272,277.05,"8,313,375"
3/10/2025,276.97,278.35,270.72,272.9,"10,040,220"
3/7/2025,283.18,288.31,275.17,282.89,"8,248,082"
3/6/2025,288.23,298.08,284.83,286.05,"10,396,805"
3/5/2025,287.22,292.68,285.62,291.97,"6,612,561"
3/4/2025,290,291.65,282.24,287.34,"9,096,260"
3/3/2025,301,303.07,291.06,293.06,"6,298,208"
2/28/2025,295.96,301.98,292.15,297.85,"10,863,109"
2/27/2025,296.34,304.92,292.67,294.9,"16,691,436"
2/26/2025,312.66,313.7,306.45,307.33,"12,638,452"
2/25/2025,306.25,308.42,300.62,305.88,"7,360,070"
2/24/2025,311.51,312.73,303.53,308.32,"6,652,863"
2/21/2025,318.97,318.97,306.86,309.8,"7,353,214"
2/20/2025,322.24,324.45,318.21,318.43,"6,393,050"
2/19/2025,329.74,329.74,322.87,324.53,"5,012,019"
2/18/2025,328.59,329.16,323,328.96,"5,262,109"
2/14/2025,328.03,328.5,322.62,326.54,"5,879,716"
2/13/2025,326.2,330.35,323.22,329.85,"4,312,066"
2/12/2025,319.55,327,316.97,326.12,"5,643,373"
2/11/2025,324.02,326.44,321.26,324.4,"5,455,939"
2/10/2025,327.92,331.75,326.65,327.2,"5,981,915"
2/7/2025,332,333.82,323.72,325.83,"7,626,090"
2/6/2025,337.48,337.48,329.1,330.81,"13,240,635"
2/5/2025,345.72,348.04,338.87,347.93,"4,521,009"
2/4/2025,345.62,346.93,338.67,344.14,"4,965,602"
2/3/2025,335.97,341.46,331.26,339.24,"4,549,415"
1/31/2025,348,349.5,340.1,341.7,"5,781,541"
1/30/2025,340.9,348,340,343.57,"7,591,129"
1/29/2025,358.76,360.18,351.5,354,"6,266,724"
1/28/2025,354.77,367.09,350.46,359.95,"12,099,293"
1/27/2025,332.36,353.15,330.5,347.1,"15,661,109"
1/24/2025,336.3,338.65,331.79,333.88,"3,299,074"
1/23/2025,332.33,335.46,329.6,334.66,"4,355,877"
1/22/2025,331.25,335.23,327.28,332.62,"7,259,285"
1/21/2025,329.4,329.52,322.45,326.84,"6,397,166"
1/17/2025,328.72,329.57,323.07,324.56,"6,303,558"
1/16/2025,322.94,327.72,319.55,320,"5,051,487"
1/15/2025,329.88,331.53,320.78,321.16,"6,042,674"
1/14/2025,325,329.94,321.5,323.54,"5,935,221"
1/13/2025,314.6,320.55,313.8,319.07,"4,583,023"
1/10/2025,322.77,322.77,316.02,317.85,"6,539,973"
1/8/2025,327.74,328.8,323.11,326.9,"3,788,206"
1/7/2025,330.5,331.5,322.91,324.93,"4,643,133"
1/6/2025,334.02,336.6,327.28,330.53,"5,785,333"
1/3/2025,332.1,333.44,329.27,332.9,"4,102,503"
1/2/2025,336.31,338.92,327.81,330.66,"4,807,138"
12/31/2024,336.27,337.15,332.41,334.33,"3,026,017"
12/30/2024,333.47,338.11,331.61,335.74,"3,411,528"
12/27/2024,340.35,342.27,335.27,338.45,"3,220,402"
12/26/2024,344.88,344.88,341.03,341.72,"3,484,545"
12/24/2024,343,344.95,340.83,344.43,"1,810,961"
12/23/2024,342.25,343.85,336.68,342.9,"5,330,267"
12/20/2024,332.74,346.45,331.14,343.65,"14,932,307"
12/19/2024,341.7,343.53,335.43,336.23,"7,423,351"
12/18/2024,354.5,354.77,335.24,337.23,"8,400,030"
12/17/2024,356.9,357.23,349.11,350.97,"6,910,983"
12/16/2024,350.78,358.07,350.56,357.23,"5,482,323"
12/13/2024,364,364.8,352.5,354.31,"5,538,020"
12/12/2024,355,360,352.92,358.03,"5,422,002"
12/11/2024,353.49,360.2,351.88,354.85,"7,546,604"
12/10/2024,351.35,355.49,347.43,348.82,"6,032,962"
12/9/2024,361.7,361.7,350.79,351.57,"6,475,001"
12/6/2024,364.99,367.15,361.09,361.99,"5,738,864"
12/5/2024,360.78,365.45,356.67,361.38,"10,942,124"
12/4/2024,366.81,369,356.65,367.87,"24,733,140"
12/3/2024,327.4,332.8,323.65,331.43,"12,632,360"
12/2/2024,332,334.5,330.11,331.01,"6,063,387"
11/29/2024,329.34,331.99,327.25,329.99,"3,517,586"
11/27/2024,336.46,337.38,328.88,330.01,"7,471,475"
11/26/2024,341.98,343.81,339.14,343.18,"4,492,772"
11/25/2024,345,347.85,338.29,339.11,"7,117,192"
11/22/2024,338.95,342.81,335.78,342.02,"5,649,365"
11/21/2024,331.35,342.94,328.6,335.78,"8,364,165"
11/20/2024,325.29,327.26,322.01,325.7,"3,763,500"
11/19/2024,319,324.7,316,323.43,"5,469,892"
11/18/2024,327,327,320.21,322.25,"4,251,074"
11/15/2024,326.93,330.26,324.18,325.26,"7,093,003"
11/14/2024,342.44,346,330.82,331.65,"7,630,619"
11/13/2024,345.5,348.19,338.77,341.72,"6,902,936"
11/12/2024,339.29,348.86,338.51,341.15,"7,659,675"
11/11/2024,325.25,344.88,325.25,341.73,"13,954,199"
11/8/2024,310.03,322.81,309.44,321.95,"8,484,970"
11/7/2024,307.5,312.19,306,310.78,"5,722,636"
11/6/2024,305,308.56,303.07,306.9,"5,874,885"
11/5/2024,297.44,298.81,294.74,297.49,"4,456,064"
11/4/2024,297.99,300.18,292.92,298.01,"5,108,329"
11/1/2024,290.23,296.99,290,294.72,"3,527,502"
10/31/2024,292.6,296.09,289.55,291.37,"4,301,838"
10/30/2024,297.07,299.54,296.35,296.4,"2,826,545"
10/29/2024,294,300.6,292.81,298.89,"4,280,743"
10/28/2024,293.6,296.07,292.49,293.77,"3,867,816"
10/25/2024,290,294.38,288.83,290.46,"3,351,560"
10/24/2024,286.56,288.91,285.18,286.76,"3,210,656"
10/23/2024,287.73,288.3,282.62,284.43,"3,227,071"
10/22/2024,289.75,291.94,287.65,288.33,"3,100,125"
10/21/2024,289,292.92,288.04,291.29,"2,712,571"
10/18/2024,292.04,294.71,290.15,292.94,"3,087,902"
10/17/2024,291.96,293.34,290.1,291.11,"2,830,025"
10/16/2024,287.55,290.92,284.23,290.86,"3,496,969"
10/15/2024,293.46,293.58,288,288.35,"3,850,782"
10/14/2024,289.92,292.45,288.25,291.64,"3,642,540"
10/11/2024,289.21,290.24,286.3,288.1,"3,597,035"
10/10/2024,287.92,290.23,284.62,290.17,"3,965,512"
10/9/2024,290.82,291.57,287.08,287.92,"4,850,952"
10/8/2024,286,292.63,284.1,291.57,"5,211,209"
10/7/2024,286.58,288.17,283.38,284.57,"4,794,652"
10/4/2024,283.86,287.89,281.47,287.75,"6,131,284"
10/3/2024,278.99,281.12,277.73,280.91,"3,868,447"
10/2/2024,273.72,282,270.85,279.48,"8,512,272"
10/1/2024,274.14,274.7,269.69,270.87,"4,369,918"
9/30/2024,273.95,275.74,269.14,273.71,"5,062,226"
9/27/2024,276.26,277.84,275.06,276.64,"5,220,075"
9/26/2024,276.13,278.64,272.71,275.76,"5,253,376"
9/25/2024,270.45,277.05,269.38,274.09,"7,920,044"
9/24/2024,269.83,272.46,266.29,270.44,"7,154,459"
9/23/2024,267.25,268.06,262.24,264.21,"6,033,986"
9/20/2024,266.01,270.32,261.32,266.8,"11,463,169"
9/19/2024,260.72,269.54,258.05,265.99,"11,022,830"
9/18/2024,256,256.12,250.96,252.43,"4,436,734"
9/17/2024,258.72,259.37,254.76,255.19,"5,423,388"
9/16/2024,254.57,257.81,254.57,256.91,"5,367,024"
9/13/2024,252.54,256.83,252.45,254.57,"4,998,901"
9/12/2024,251.39,254.14,249.57,253.37,"5,221,397"
9/11/2024,244.81,250.02,242.01,249.57,"4,822,215"
9/10/2024,247.13,247.34,243.31,246.16,"3,544,808"
9/9/2024,246.5,249.36,244.77,245.76,"4,588,809"
9/6/2024,247.74,250,241.44,243.97,"6,259,431"
9/5/2024,245.98,248.5,245,246.12,"4,083,624"
9/4/2024,246.47,249.48,245.16,247.68,"4,706,546"
9/3/2024,252.62,253.69,246.64,248.06,"6,190,352"
8/30/2024,257.44,259.13,251,252.9,"10,507,704"
8/29/2024,271.01,271.95,256.28,257.01,"14,301,691"
8/28/2024,261.83,265.18,257.36,258.9,"10,981,901"
8/27/2024,259.65,264.46,259.4,264.2,"5,276,384"
8/26/2024,263.94,267.3,263.24,265.28,"3,818,271"
8/23/2024,261.99,265.6,260.7,264,"4,711,326"
8/22/2024,261.5,263.26,257.27,258.59,"5,111,442"
8/21/2024,261.1,262.14,259.18,261.09,"4,648,204"
8/20/2024,264.95,265.5,261.03,261.84,"5,731,309"
8/19/2024,263.1,265.39,261.63,265.38,"4,501,262"
8/16/2024,261.75,263.6,259.68,262.91,"3,494,863"
8/15/2024,257.9,262.89,256.24,262.79,"5,167,930"
8/14/2024,255.39,257.71,253.86,255.32,"4,145,248"
8/13/2024,253,255.78,253,254.6,"4,031,818"
8/12/2024,252.6,254.09,249.02,251.31,"3,679,904"
8/9/2024,248.7,252.95,248.45,252.53,"2,975,285"
8/8/2024,243.24,249.43,243.08,249.12,"4,474,252"
8/7/2024,242.61,246.53,239.66,240.04,"4,035,549"
8/6/2024,241.09,243.85,238.03,238.42,"5,673,889"
8/5/2024,232.32,241.82,232.21,239.01,"6,899,342"
8/2/2024,247.79,248,241.12,243.97,"6,504,544"
8/1/2024,259.9,263.36,249.74,253.06,"5,527,395"
7/31/2024,256.21,261.83,255.35,258.8,"4,647,690"
7/30/2024,259.62,260.75,255.12,257.93,"3,944,295"
7/29/2024,262.71,266.08,258.52,258.59,"5,101,425"
7/26/2024,258.17,264.49,257.07,262.71,"6,127,323"
7/25/2024,254.74,264.08,251.72,256.52,"7,155,846"
7/24/2024,253.63,255.91,248.9,249.78,"5,204,088"
7/23/2024,256.59,257.33,253.75,256.06,"3,905,543"
7/22/2024,248.75,255.58,248,254.08,"5,647,588"
7/19/2024,248.65,248.99,245.17,247.63,"4,468,875"
7/18/2024,252.14,252.45,245.72,247.35,"6,351,643"
7/17/2024,254,255.57,249.61,251.22,"5,625,254"
7/16/2024,253.78,256.78,252.67,256.03,"4,780,386"
7/15/2024,256.02,256.39,252.12,252.86,"4,404,270"
7/12/2024,251.62,255.29,249.69,253.97,"4,705,492"
7/11/2024,252.6,255.42,250.92,251.12,"5,343,727"
7/10/2024,251.2,254.8,246.11,252.59,"8,947,679"
7/9/2024,256.09,257,251.09,252.43,"7,017,109"
7/8/2024,261.38,262.84,257.19,257.37,"6,539,287"
7/5/2024,262.72,265.81,261.32,263.19,"6,562,111"
7/3/2024,256.98,261.22,256.94,260.95,"4,755,729"
7/2/2024,255.05,257.73,254.06,256.19,"5,130,593"
7/1/2024,258.15,259.48,254.53,256.21,"5,871,685"
6/28/2024,253.5,260.18,253.18,257.1,"12,619,303"
6/27/2024,245,258.6,244.45,252.85,"12,869,018"
6/26/2024,241.47,243.61,239.9,243.15,"4,524,735"
6/25/2024,241.78,243.1,239.87,241.76,"6,216,627"
6/24/2024,243.19,244.41,239.81,239.94,"7,545,685"
6/21/2024,240.57,245.37,240.19,245.06,"15,928,785"
6/20/2024,232.85,243.77,232.85,241.8,"14,809,627"
6/18/2024,230.48,232.29,229.23,231.81,"7,119,770"
6/17/2024,230.28,231.84,227.77,230.48,"10,571,863"
6/14/2024,229.35,235.25,229.2,231.94,"8,833,734"
6/13/2024,235.52,235.65,228.66,229.03,"13,566,707"
6/12/2024,240.56,242.2,234.89,235.8,"10,260,116"
6/11/2024,241.16,243.75,236.26,240.99,"7,264,354"
6/10/2024,241.79,243.64,240.43,241.84,"7,660,118"
6/7/2024,242.33,243.93,240.29,241.85,"6,883,831"
6/6/2024,239.88,246.75,239.45,242.76,"11,693,763"
6/5/2024,235.64,236.92,231.55,236.53,"10,772,093"
6/4/2024,235.72,240.59,232.2,234.86,"11,197,479"
6/3/2024,234.62,240.99,230.21,236.62,"19,962,737"
5/31/2024,219.11,234.62,216.06,234.44,"36,807,425"
5/30/2024,223.4,225.09,212,218.01,"66,860,913"
5/29/2024,268,272.87,267.77,271.62,"13,397,852"
5/28/2024,273.1,273.23,267.16,269.83,"9,294,119"
5/24/2024,270.93,274.96,268.53,272.29,"8,325,132"
5/23/2024,286.68,287,277.46,278.57,"5,456,632"
5/22/2024,283.41,287.09,282.84,283.82,"3,309,164"
5/21/2024,286.79,287.22,283.29,283.76,"3,492,113"
5/20/2024,286,287.72,285.11,287.07,"2,799,272"
5/17/2024,287.04,287.34,284.26,285.61,"3,478,869"
5/16/2024,289.42,290.02,284.58,284.68,"3,559,188"
5/15/2024,279.74,287.8,279.73,287.54,"5,828,547"
5/14/2024,276.96,278.86,275.04,276.8,"3,056,843"
5/13/2024,277.14,277.8,275.19,277.52,"2,998,662"
5/10/2024,276.1,279.64,274.97,276.67,"2,912,308"
5/9/2024,272.17,275.35,271.07,275.17,"4,709,740"
5/8/2024,275.73,279.94,275.73,278.97,"3,283,270"
5/7/2024,275.59,278.88,274.07,277.18,"3,507,733"
5/6/2024,276.17,277.13,274.06,275.63,"3,744,763"
5/3/2024,276.82,277.67,273.35,273.66,"4,041,636"
5/2/2024,270.43,273.08,267.94,272.13,"3,859,883"
5/1/2024,269.02,274,266.55,268.69,"3,761,619"
4/30/2024,274.51,274.61,268.36,268.94,"5,217,985"
4/29/2024,274.89,277.29,273.22,275.74,"3,608,840"
4/26/2024,275,276.9,273.46,274.29,"3,754,585"
4/25/2024,271.6,273.58,269.28,273.14,"4,811,919"
4/24/2024,278,278.94,274.11,276.19,"3,938,845"
4/23/2024,274.95,276.7,270.41,276.68,"6,285,237"
4/22/2024,279.39,279.7,269.56,273.81,"6,747,204"
4/19/2024,272.49,273.15,268.73,270.37,"4,913,553"
4/18/2024,276.32,276.33,269.75,271.92,"5,918,155"
4/17/2024,277.74,278.97,274.84,276.32,"4,199,384"
4/16/2024,274.78,280.56,272.44,277.41,"7,624,347"
4/15/2024,282.94,286.48,271.66,272.9,"18,365,087"
4/12/2024,296.87,297.85,293.5,294.32,"3,819,966"
4/11/2024,299.47,301.09,296.41,299.15,"3,468,596"
4/10/2024,298.45,300.92,298.15,299.62,"3,036,384"
4/9/2024,303.32,305.6,299.25,302.37,"2,998,100"
4/8/2024,301.1,303.5,299.52,301.73,"3,142,901"
4/5/2024,293.54,303.42,293.3,301.91,"4,918,179"
4/4/2024,308.26,311.3,292.1,294.14,"8,351,020"
4/3/2024,303.99,307.16,303.1,304.74,"3,047,382"
4/2/2024,297.5,304.46,294.89,304,"4,746,113"
4/1/2024,301.69,303.51,299.99,302.26,"2,918,140"
3/28/2024,300,302.8,299.63,301.18,"4,892,275"
3/27/2024,307.44,309.3,298.63,301.38,"3,859,858"
3/26/2024,307.48,307.98,304.89,305.83,"3,893,853"
3/25/2024,303.7,307.71,302.54,306.06,"4,141,223"
3/22/2024,309.32,310.23,306.65,307.77,"3,779,208"
3/21/2024,307.94,311.8,306.35,308.39,"6,083,853"
3/20/2024,301.97,307.02,300.69,306.08,"4,946,571"
3/19/2024,298.18,301.77,296.62,301.45,"3,329,873"
3/18/2024,299.62,300.97,296.02,300.51,"5,240,467"
3/15/2024,298.96,300.05,293.77,294.33,"11,885,105"
3/14/2024,305,309.49,302,303.32,"4,828,755"
3/13/2024,305,307.73,303.11,304.68,"5,548,843"
3/12/2024,306.71,309.04,303.87,306.62,"4,831,976"
3/11/2024,302.64,307.61,300.25,306,"4,895,493"
3/8/2024,302.2,308.87,302.2,305.28,"4,851,635"
3/7/2024,306,306.77,301.75,302.42,"6,788,862"
3/6/2024,304.65,305.89,302.74,303.77,"8,270,036"
3/5/2024,311.31,312.55,296.14,298.75,"9,015,308"
3/4/2024,314.57,317.66,313.54,314.64,"9,349,980"
3/1/2024,307,318.72,306.62,316.88,"9,366,647"
2/29/2024,300,310.54,294.79,308.82,"21,737,805"
2/28/2024,299.58,300.88,296.61,299.77,"12,490,784"
2/27/2024,301.58,301.75,296.6,299.5,"6,178,811"
2/26/2024,295.59,303.83,295,300.39,"8,719,272"
2/23/2024,298,298,291.08,292.8,"4,416,764"
2/22/2024,292,294.63,291.4,293.65,"5,264,297"
2/21/2024,280.07,283.57,278.36,283.55,"3,799,041"
2/20/2024,289.5,290.85,284.16,286.39,"4,285,328"
2/16/2024,292,292.07,287.88,289.72,"4,159,391"
2/15/2024,291.34,292,288.01,291.94,"3,986,522"
2/14/2024,285,289.46,284.64,289.15,"3,850,721"
2/13/2024,280.41,283.43,276.42,281.15,"4,956,553"
2/12/2024,290.82,291,287,287.32,"3,750,035"
2/9/2024,293.25,295.24,291.05,291.3,"4,376,347"
2/8/2024,289.3,293.11,288.98,291.95,"4,488,432"
2/7/2024,287.35,289.8,285.2,288.84,"3,621,376"
2/6/2024,287.94,288.64,281.91,285.83,"4,207,846"
2/5/2024,286.25,289.05,281.36,288.11,"5,274,790"
2/2/2024,285.2,288.16,283.16,285.66,"3,629,843"
2/1/2024,282.01,285.05,281.36,283.8,"3,218,346"
1/31/2024,284.05,285.63,280.82,281.09,"4,557,283"
1/30/2024,287.63,289.29,286.52,287.73,"4,810,928"
1/29/2024,281.4,288.15,281,287.86,"5,762,263"
1/26/2024,279.28,283.34,278.69,279.94,"4,877,365"
1/25/2024,278.61,279.85,276.86,279.03,"4,178,020"
1/24/2024,279.98,280.96,276.69,276.88,"7,037,765"
1/23/2024,280.83,281.71,275.71,276.77,"6,573,810"
1/22/2024,283.79,285.72,280.17,280.3,"6,735,912"
1/19/2024,276.51,282,275.53,280.88,"7,413,577"
1/18/2024,273,275.69,272.14,274.46,"4,752,437"
1/17/2024,268.29,271.9,264.13,271.44,"4,706,498"
1/16/2024,269.7,271.57,267.72,269.19,"5,858,670"
1/12/2024,271.23,275.24,271.06,271.93,"4,847,604"
1/11/2024,268,272.96,265.1,271.38,"9,012,600"
1/10/2024,263.27,266.46,262.75,264.13,"5,128,300"
1/9/2024,259.5,263.93,258.78,261.34,"4,571,839"
1/8/2024,252.21,261.56,251.39,260.87,"6,626,012"
1/5/2024,251.21,253.91,250.17,251.12,"3,675,979"
1/4/2024,251.83,252.64,249.84,251.24,"4,489,773"
1/3/2024,253.5,254.16,251.77,251.84,"5,097,120"
1/2/2024,260.54,260.56,253.77,256.13,"4,741,418"
12/29/2023,265.01,265.65,262.66,263.14,"3,706,552"
12/28/2023,266.5,266.92,265.3,265.58,"2,958,714"
12/27/2023,265.94,267.01,265.4,266.72,"3,386,951"
12/26/2023,265.53,266.53,264.62,266.22,"3,219,024"
12/22/2023,267.26,268.15,265.3,266.34,"3,110,591"
12/21/2023,264.75,268.36,264.24,267.25,"5,160,697"
12/20/2023,261.66,264.92,260.08,260.25,"4,510,533"
12/19/2023,265.47,266.58,263.74,264.34,"4,665,500"
12/18/2023,259.82,265.59,259.68,263.59,"7,498,521"
12/15/2023,255.01,262.31,254.51,261.6,"13,739,532"
12/14/2023,256.5,258.77,253.22,257.21,"6,613,211"
12/13/2023,257.51,259.12,255.16,257.32,"6,567,630"
12/12/2023,251.8,256.58,251.02,256.45,"5,827,551"
12/11/2023,250,253.52,249.71,252.1,"4,765,980"
12/8/2023,248.55,252.09,248,250.81,"4,605,805"
12/7/2023,248.75,250.73,246.89,248.85,"6,568,249"
12/6/2023,251.52,253.98,248.85,249.13,"5,374,769"
12/5/2023,249.99,251.67,248.64,251.02,"5,771,514"
12/4/2023,252.8,255.12,249.85,250.66,"11,429,249"
12/1/2023,250,263.43,249.7,260,"14,538,232"
11/30/2023,249.05,252.5,243.65,251.9,"24,425,715"
11/29/2023,228.61,231.5,227.26,230.35,"12,327,442"
11/28/2023,223.61,225.53,222.23,224.92,"5,535,336"
11/27/2023,225.5,226.22,224.25,224.79,"4,885,506"
11/24/2023,224.36,224.49,222.12,224.38,"1,869,111"
11/22/2023,224.3,225.69,223.21,223.84,"3,894,413"
11/21/2023,224,225.97,223.54,224.32,"3,852,324"
11/20/2023,221.43,226.1,220.62,225.13,"4,600,980"
11/17/2023,221.17,222.79,220.38,221.22,"3,636,397"
11/16/2023,220,222.77,218.94,221.45,"3,712,533"
11/15/2023,220.75,221.37,217.66,219.42,"4,800,679"
11/14/2023,219,221.25,217.95,221.18,"4,743,828"
11/13/2023,212.57,216.14,211.76,215.28,"3,306,626"
11/10/2023,209.4,214.27,208.84,213.63,"4,113,413"
11/9/2023,213.57,213.58,209.07,210.01,"4,731,434"
11/8/2023,212.42,212.52,209.65,211.47,"3,433,465"
11/7/2023,209.5,213.34,208.96,211.84,"5,467,113"
11/6/2023,208.21,208.48,204.69,207.42,"3,729,658"
11/3/2023,209.39,210.18,207.2,207.47,"3,861,880"
11/2/2023,206.31,208.26,205.95,208.11,"4,963,628"
11/1/2023,200.92,204.49,200.49,203.91,"3,593,561"
10/31/2023,200.42,201.91,198.66,200.83,"3,425,426"
10/30/2023,199,200.58,197.08,199.27,"3,438,456"
10/27/2023,197.3,198.31,195.41,196.57,"3,168,554"
10/26/2023,197.42,199.66,193.68,196.25,"5,149,060"
10/25/2023,203.2,203.74,195.43,197.06,"4,489,976"
10/24/2023,203.73,204.64,200.93,204.22,"3,959,708"
10/23/2023,199.9,203.57,197.85,202,"4,564,116"
10/20/2023,207.36,208.11,202.12,203.73,"5,539,077"
10/19/2023,206.45,210.95,205.53,208.32,"4,995,930"
10/18/2023,208.88,209.63,204.19,204.83,"3,380,758"
10/17/2023,206.49,211.94,206,209.84,"4,006,090"
10/16/2023,205.84,209.49,205.04,208.53,"3,623,223"
10/13/2023,205.11,207.14,203.21,204.59,"3,678,409"
10/12/2023,207.83,208.58,203.27,205.68,"3,548,635"
10/11/2023,207.23,209.2,204.41,206.85,"3,971,001"
10/10/2023,207.64,209.22,206.26,206.88,"4,503,470"
10/9/2023,204.89,208.28,204.69,207.22,"2,781,322"
10/6/2023,200.48,208.27,199.89,207.36,"4,989,189"
10/5/2023,202,202.15,198.49,202.01,"3,592,613"
10/4/2023,200.88,202.74,199.51,201.87,"3,656,350"
10/3/2023,202.75,203.57,197.42,199.83,"4,622,359"
10/2/2023,200.8,205.11,200.52,203.71,"3,745,684"
9/29/2023,205.08,207.79,202.1,202.78,"4,405,143"
9/28/2023,200.76,205.15,199.55,203.2,"4,344,035"
9/27/2023,202.99,203.93,200.94,202.73,"4,123,766"
9/26/2023,205.47,206.44,201.28,202.49,"5,404,503"
9/25/2023,205,206.53,203.87,206.34,"4,067,309"
9/22/2023,209.31,209.72,205.88,206.43,"3,848,593"
9/21/2023,209.8,211.89,208.07,208.61,"4,957,895"
9/20/2023,215.2,217.18,212.92,213.03,"2,991,594"
9/19/2023,214.39,216.06,212.26,215.7,"4,002,204"
9/18/2023,214.56,216.38,214.18,215,"4,279,576"
9/15/2023,218.87,219.19,213.46,214.61,"9,939,044"
9/14/2023,219.42,220.57,218.34,218.78,"4,297,203"
9/13/2023,221.18,221.86,218.3,218.8,"4,173,592"
9/12/2023,223.45,224.79,221.26,221.66,"4,002,279"
9/11/2023,226.01,226.83,222.79,225.31,"4,417,969"
9/8/2023,223.32,225.47,222.86,224.76,"4,580,356"
9/7/2023,219.77,222.73,219.31,222.53,"4,201,915"
9/6/2023,219.47,222.21,219.02,221.62,"5,066,665"
9/5/2023,219.33,220.32,217.61,218.69,"5,807,335"
9/1/2023,223.5,223.97,220.52,221.53,"5,600,939"
8/31/2023,228,228.79,221.2,221.46,"19,268,398"
8/30/2023,211.77,215.59,209.43,215.04,"9,946,011"
8/29/2023,206.75,212.46,206.52,211.96,"5,850,364"
8/28/2023,210.45,213.48,209.64,211.72,"4,086,852"
8/25/2023,205.51,210.79,205.48,209.47,"3,068,820"
8/24/2023,211.01,211.99,205.44,205.51,"3,960,326"
8/23/2023,208,210.99,207.14,209.13,"3,833,154"
8/22/2023,209.85,210.11,206,206.76,"3,153,623"
8/21/2023,206,209.42,204.22,209.03,"4,023,325"
8/18/2023,200.97,205.5,200.2,204.83,"4,267,165"
8/17/2023,206.57,206.93,203.39,203.84,"4,062,741"
8/16/2023,208,209.69,206.95,206.99,"2,759,603"
8/15/2023,210.33,212.37,207.84,208.78,"4,076,371"
8/14/2023,207.9,212.1,207.12,212.06,"3,304,673"
8/11/2023,206.13,209.5,205.5,208.7,"2,930,776"
8/10/2023,208.18,210.34,206.44,208.25,"4,004,728"
8/9/2023,211.65,211.66,204.91,205.86,"7,847,512"
8/8/2023,213.55,214.19,211.14,211.58,"4,843,817"
8/7/2023,215.31,216.89,214.37,216.06,"3,615,192"
8/4/2023,216.41,217.25,213.07,214.59,"4,800,357"
8/3/2023,216.2,218.21,214.6,215.56,"5,517,079"
8/2/2023,221.98,222.85,218.8,220.5,"5,129,661"
8/1/2023,223.89,224.81,221.63,224.27,"4,214,465"
7/31/2023,222.35,225.38,221.75,225.01,"5,573,114"
7/28/2023,226,227.31,223.98,225.6,"4,239,278"
7/27/2023,228.04,230.14,224.01,225.15,"4,299,574"
7/26/2023,224.46,227.51,223.12,225.58,"4,856,673"
7/25/2023,225.88,227.52,225.19,226.03,"3,203,658"
7/24/2023,227.26,227.59,223.54,225.66,"5,363,244"
7/21/2023,230,230.81,227.29,228.06,"3,529,741"
7/20/2023,231.1,233.5,227.32,228.16,"5,302,994"
7/19/2023,233.98,238.22,231.23,234.37,"8,516,287"
7/18/2023,227.05,229.62,225.47,227.63,"5,094,240"
7/17/2023,229.24,230.28,227.81,228,"3,558,250"
7/14/2023,229.7,232.2,228.15,229.33,"4,278,735"
7/13/2023,228.26,230.96,227.6,230.37,"5,800,286"
7/12/2023,221.9,228.09,221.61,227.28,"8,923,503"
7/11/2023,222.06,222.35,217.24,221.17,"10,030,524"
7/10/2023,209,212.87,208.32,212.81,"3,820,076"
7/7/2023,209.77,212.11,209.28,209.59,"3,022,151"
7/6/2023,211.2,212.5,207.83,210.14,"4,254,061"
7/5/2023,210.49,214.62,210.09,213.82,"5,071,608"
7/3/2023,210.57,211.96,209.92,211.65,"2,399,966"
6/30/2023,211.86,213.85,210.96,211.26,"5,984,203"
6/29/2023,211.9,212.65,209.72,210.43,"3,838,304"
6/28/2023,208.41,212.2,207.6,212.17,"4,775,913"
6/27/2023,208.14,210.48,207.52,208.82,"4,014,756"
6/26/2023,209.02,211.75,207.35,207.36,"4,771,543"
6/23/2023,210.5,211,208.07,210.09,"14,037,587"
6/22/2023,209.63,213.96,209.09,213.29,"5,694,224"
6/21/2023,216.52,217.8,208.07,209.59,"7,971,632"
6/20/2023,208.65,217.05,208.61,216.97,"9,527,235"
6/16/2023,213.54,213.65,210.6,211.76,"13,672,662"
6/15/2023,207.95,213.33,207.37,211.92,"7,905,381"
6/14/2023,207.7,211.71,205.02,209.4,"8,963,393"
6/13/2023,215.5,216.23,207.92,208.98,"11,698,916"
6/12/2023,216.15,220.39,212.14,213.69,"11,585,179"
6/9/2023,210.69,218.66,210.69,215.31,"7,679,636"
6/8/2023,205.38,210.38,204.85,209.53,"5,551,699"
6/7/2023,214.88,216.66,204.78,205.73,"9,323,896"
6/6/2023,208.55,213.4,208.37,212.85,"6,795,996"
6/5/2023,210.47,212.32,207.06,209.86,"8,834,760"
6/2/2023,212.9,216.14,210.43,213.03,"11,026,890"
6/1/2023,208.22,215.36,206.06,212.9,"20,907,358"
5/31/2023,219.55,225,217.06,223.38,"19,624,026"
5/30/2023,219.27,222.14,215.73,218.87,"10,421,048"
5/26/2023,212.8,216.15,212.55,215.44,"6,933,320"
5/25/2023,212.02,212.33,208.44,209.91,"6,496,676"
5/24/2023,206.04,210.21,205.42,209.06,"4,894,012"
5/23/2023,207.74,209.64,206.47,206.64,"4,256,810"
5/22/2023,209.17,212.82,209.04,210.26,"3,890,834"
5/19/2023,212.96,213.24,209.93,210.36,"6,091,604"
5/18/2023,209.5,213.88,209.33,213.32,"5,165,465"
5/17/2023,206.5,209.49,204.8,209.38,"5,772,221"
5/16/2023,201.93,205.67,201.75,204.56,"4,424,764"
5/15/2023,203.75,205.4,202.48,203.33,"4,518,205"
5/12/2023,203.43,203.96,200.13,201.81,"4,733,643"
5/11/2023,202.91,203.8,198.55,203.47,"5,366,315"
5/10/2023,204.94,206.28,203.04,204.85,"6,535,555"
5/9/2023,196.78,203.8,196.78,201.18,"6,996,781"
5/8/2023,198.72,200.5,196.08,197.9,"4,169,404"
5/5/2023,193.95,198.11,193.25,197.59,"4,284,371"
5/4/2023,191.9,194.56,190.76,192.38,"4,386,506"
5/3/2023,194.21,195.79,192.56,192.61,"3,779,878"
5/2/2023,198.02,198.41,192.93,193.84,"6,051,017"
5/1/2023,197.76,199.05,197.12,197.79,"2,882,931"
4/28/2023,196.15,198.65,195.27,198.37,"4,094,567"
4/27/2023,194.17,197.51,193.27,195.94,"4,794,364"
4/26/2023,192.62,194.37,190.57,191.52,"4,007,551"
4/25/2023,193.97,194.12,190.63,190.67,"5,009,990"
4/24/2023,198.45,198.77,194.06,194.92,"4,449,683"
4/21/2023,197.03,199.12,196.47,199.03,"4,860,102"
4/20/2023,197.18,200.08,196.82,197.51,"3,619,971"
4/19/2023,196.3,199.07,195.73,198.92,"3,665,103"
4/18/2023,199.08,200.12,197.06,198.5,"4,679,040"
4/17/2023,195.16,197.52,195.03,197.08,"5,413,475"
4/14/2023,191.85,195.17,191.19,194.65,"5,073,782"
4/13/2023,190.45,194.38,190.45,194.02,"4,716,442"
4/12/2023,190.3,191.89,189.53,190.32,"5,033,376"
4/11/2023,189.06,190.46,187.31,188.89,"4,907,689"
4/10/2023,190.59,192.55,189.28,191.49,"5,263,845"
4/6/2023,194,194.07,189.6,192.55,"6,304,734"
4/5/2023,198,198.29,193.73,195.31,"3,953,707"
4/4/2023,198.15,198.7,196.62,197.2,"4,659,099"
4/3/2023,198.22,198.93,195.53,196.49,"5,340,770"
3/31/2023,197.49,200,196.99,199.78,"6,634,260"
3/30/2023,197.77,198.17,195.49,196.6,"6,932,465"
3/29/2023,193.14,197.43,192.88,196.64,"8,085,228"
3/28/2023,191.18,192.83,191.18,192.3,"4,899,041"
3/27/2023,188.92,192.11,188.91,191.26,"7,776,500"
3/24/2023,186.5,190.32,186.09,190.06,"6,104,529"
3/23/2023,187.4,190.56,185.58,187.44,"8,685,007"
3/22/2023,190,191.44,186.41,186.51,"6,575,612"
3/21/2023,185.87,189.28,184.89,188.68,"6,982,001"
3/20/2023,184.21,185.52,182.65,185.25,"5,513,205"
3/17/2023,186.04,187.66,184.18,184.85,"10,493,583"
3/16/2023,183.3,187.65,182.98,187.3,"8,371,056"
3/15/2023,179.16,183.86,178.21,182.91,"7,716,870"
3/14/2023,180,185.31,179.11,182.89,"10,138,054"
3/13/2023,171,177.1,170,175.51,"9,154,758"
3/10/2023,178.5,179.36,171.71,173.18,"14,108,961"
3/9/2023,183.1,183.84,178.54,178.72,"7,102,401"
3/8/2023,183.3,184.9,181.8,182.95,"6,749,072"
3/7/2023,184.46,186.16,183.03,183.32,"9,024,333"
3/6/2023,185.07,189,183.63,183.8,"10,770,253"
3/3/2023,188.07,189.77,184.29,186.43,"12,087,193"
3/2/2023,193.12,193.91,185.2,186.59,"37,719,871"
3/1/2023,162.99,167.98,162.98,167.35,"15,841,217"
2/28/2023,162.53,164.45,161.53,163.61,"6,912,624"
2/27/2023,163.84,164.77,162.22,163.14,"6,891,182"
2/24/2023,160.59,162.39,159.66,162.2,"6,569,915"
2/23/2023,165.29,165.47,161.57,164.12,"4,679,419"
2/22/2023,163.11,165,162.11,163.36,"4,343,685"
2/21/2023,163.74,164.51,161.45,161.62,"5,210,800"
2/17/2023,165.03,167.11,162.74,165.17,"8,084,490"
2/16/2023,168.99,170.37,167.96,168.11,"7,483,541"
2/15/2023,168.85,171.61,168.24,171.1,"4,998,274"
2/14/2023,168.22,172.79,167.85,169.96,"8,393,074"
2/13/2023,168.28,171.16,166.95,171.08,"8,820,334"
2/10/2023,167.66,169.74,165.33,167.03,"11,273,735"
2/9/2023,173.33,175.38,172.01,173.66,"11,512,319"
2/8/2023,170,172.45,169.23,169.63,"7,694,533"
2/7/2023,167.57,171.73,166.61,171.28,"6,179,220"
2/6/2023,168,171.17,167.35,169.05,"4,310,553"
2/3/2023,170.02,175.08,169.86,171.04,"6,481,708"
2/2/2023,175.71,178.84,172.9,174.64,"10,667,075"
2/1/2023,167.73,173.08,167,171.82,"8,853,905"
1/31/2023,164.28,168.01,164.28,167.97,"6,421,297"
1/30/2023,164.07,166.44,163.4,164.75,"8,169,797"
1/27/2023,165.05,167.24,163.6,164.52,"9,872,265"
1/26/2023,158.19,165.17,158.1,165.09,"13,354,588"
1/25/2023,151.21,156.4,149.82,156.17,"9,390,506"
1/24/2023,155.9,160.21,154.5,154.86,"6,390,216"
1/23/2023,157.35,157.87,153.23,155.87,"19,922,870"
1/20/2023,144.3,151.53,144.3,151.25,"10,127,053"
1/19/2023,143.52,146.68,143.16,146.41,"7,070,135"
1/18/2023,148.86,149.54,145.29,145.45,"7,812,580"
1/17/2023,149.6,150.49,146.1,148.47,"9,407,610"
1/13/2023,146.2,149.96,146.09,149.51,"8,378,111"
1/12/2023,147.84,149.82,143.94,149.6,"11,678,023"
1/11/2023,145.28,147.04,143.56,144.9,"13,595,042"
1/10/2023,145.81,149.28,145.6,147.44,"6,527,711"
1/9/2023,142.59,149.2,142.59,147.1,"13,679,737"
1/6/2023,137.58,141.65,135.55,140.51,"9,145,711"
1/5/2023,137.64,138.59,134.24,136.34,"8,493,489"
1/4/2023,141.22,141.85,137.62,139.59,"14,322,576"
1/3/2023,135.19,136.95,133.03,134.78,"8,196,354"
12/30/2022,130.61,132.64,130.36,132.59,"5,630,216"
12/29/2022,129.7,132.95,129.5,132.54,"7,628,826"
12/28/2022,129.71,131.14,128.17,128.47,"6,249,841"
12/27/2022,128.56,131.75,127.65,130.66,"8,300,844"
12/23/2022,128.73,129.86,127.59,129.44,"5,821,329"
12/22/2022,128.67,129.54,126.34,129.19,"9,972,880"
12/21/2022,127.96,132.16,126.6,130.3,"9,313,242"
12/20/2022,127.5,129.99,127.19,128.45,"8,455,518"
12/19/2022,127.77,129.58,127.2,129.01,"9,441,407"
12/16/2022,128.92,129.88,126.89,128.27,"15,464,710"
12/15/2022,131.67,134.12,129.68,130.44,"10,810,351"
12/14/2022,135.01,137.27,133.23,134.75,"9,611,766"
12/13/2022,137.39,139.88,134.04,135.62,"12,579,843"
12/12/2022,131.1,134.09,130.95,133.11,"11,852,355"
12/9/2022,129.74,133.37,128.36,131.11,"10,287,478"
12/8/2022,128.43,131.46,127.02,130.13,"15,156,912"
12/7/2022,132.5,133.75,130.02,130.48,"12,915,933"
12/6/2022,132.71,134.55,130.91,133.27,"16,981,804"
12/5/2022,142.8,144.39,132.88,133.93,"20,294,602"
12/2/2022,144.29,145.21,142.78,144.56,"15,086,663"
12/1/2022,147.55,147.59,142.08,147,"33,721,470"
11/30/2022,150.75,160.25,150.13,160.25,"14,591,528"
11/29/2022,152.72,154.02,151.26,151.68,"6,398,123"
11/28/2022,152,155.32,152,153.69,"7,935,615"
11/25/2022,152.07,154.04,151.38,153.35,"3,023,746"
11/23/2022,147.62,152.91,147.55,152.24,"5,558,886"
11/22/2022,145.2,149.38,142.92,149.25,"7,017,708"
11/21/2022,146.02,147.34,143.4,144.85,"8,015,886"
11/18/2022,151.84,152.32,145.65,148.04,"7,556,035"
11/17/2022,150.19,151.76,148.34,149.69,"7,357,904"
11/16/2022,160,160.82,153.83,155.12,"6,454,684"
11/15/2022,162.68,165.25,160.75,162.07,"8,116,050"
11/14/2022,155.82,160.16,154.65,158.66,"6,580,055"
11/11/2022,156.49,159.92,155.58,157.73,"7,382,476"
11/10/2022,151,156.37,149.73,156.3,"8,777,927"
11/9/2022,145.85,146.33,141.94,142.06,"5,588,538"
11/8/2022,145.09,151.56,145.08,147.1,"9,101,759"
11/7/2022,140.62,144.93,138.77,144.59,"7,379,946"
11/4/2022,146.5,146.95,136.04,139.77,"14,265,341"
11/3/2022,149,150.42,146.13,146.33,"5,999,352"
11/2/2022,159.51,159.77,149.96,150.01,"7,242,215"
11/1/2022,165,165.7,159.64,159.82,"4,545,909"
10/31/2022,162.12,164,161,162.59,"4,878,097"
10/28/2022,159.51,163.09,158.17,163.02,"5,055,359"
10/27/2022,161.8,164.66,159.32,159.75,"4,987,716"
10/26/2022,159.8,164.12,158.7,159.91,"6,623,009"
10/25/2022,161.7,166.03,161.69,165.27,"5,804,513"
10/24/2022,161.18,161.57,158.4,160.65,"6,259,152"
10/21/2022,157.5,160.43,154.82,160.17,"8,335,482"
10/20/2022,155,161.3,153.6,157.5,"9,203,368"
10/19/2022,151.86,155.95,150.64,153.67,"6,220,490"
10/18/2022,156.45,158.97,151.9,153.53,"16,354,759"
10/17/2022,146.07,149,145.94,147.18,"6,288,211"
10/14/2022,147.33,147.7,142,142.22,"5,738,358"
10/13/2022,138.96,146.34,137.59,145.44,"6,548,552"
10/12/2022,142.31,143.44,139.58,142.29,"5,707,135"
10/11/2022,144.51,144.97,139.52,142.57,"7,414,980"
10/10/2022,150.62,150.96,144.58,145.64,"5,497,767"
10/7/2022,151.8,153.17,149.27,150.29,"5,956,733"
10/6/2022,155.72,158.25,154.44,155.46,"3,853,938"
10/5/2022,152.2,156.96,151.94,156.23,"4,256,243"
10/4/2022,151.7,157.42,151.22,155.73,"8,017,945"
10/3/2022,144.98,148.96,143.9,147.9,"6,819,910"
9/30/2022,146.01,148.63,143.75,143.84,"7,575,618"
9/29/2022,148.45,148.98,145.01,146.81,"8,602,480"
9/28/2022,146,150.88,145.67,150.17,"7,908,447"
9/27/2022,148.37,150.61,146.26,148.89,"7,046,635"
9/26/2022,147,151.19,145.35,146.32,"7,862,409"
9/23/2022,148.07,149.84,144.79,147.01,"9,175,754"
9/22/2022,149.51,152.86,149.15,150.15,"12,405,065"
9/21/2022,151.22,153.3,147.51,147.63,"6,164,388"
9/20/2022,151,151.58,148.85,149.8,"5,505,747"
9/19/2022,150.71,153.54,150.4,152.83,"4,874,836"
9/16/2022,151.92,152.21,149.56,151.51,"9,882,285"
9/15/2022,156.8,159.84,154.31,154.78,"7,012,150"
9/14/2022,158.59,161.65,158.01,160.28,"6,037,309"
9/13/2022,158.25,161.26,157.81,158.1,"5,463,179"
9/12/2022,163.69,165.66,162.74,165.63,"6,353,354"
9/9/2022,158.6,163.3,158.47,162.59,"5,645,429"
9/8/2022,152.32,157.03,151.78,156.9,"6,659,237"
9/7/2022,151.29,154.06,150.48,153.28,"6,211,356"
9/6/2022,152.88,154.43,150.82,151.72,"6,373,733"
9/2/2022,156.46,158.67,152.96,153.69,"7,315,696"
9/1/2022,154.87,155.33,150.87,153.53,"9,924,037"
8/31/2022,159.79,161.21,155.97,156.12,"9,166,083"
8/30/2022,162.14,163.85,158.38,159.67,"8,079,359"
8/29/2022,164.28,165.82,160.05,160.21,"9,329,900"
8/26/2022,173.96,176.3,164.63,165.23,"11,074,721"
8/25/2022,168.58,174.14,165.56,173.91,"24,025,585"
8/24/2022,176.67,181.23,176.06,180.01,"11,438,813"
8/23/2022,175.88,178.11,174.91,176,"5,076,836"
8/22/2022,180,180.59,176.06,176.98,"5,182,913"
8/19/2022,185.22,185.44,181.58,183.77,"4,346,139"
8/18/2022,188.42,188.57,186.61,187.93,"2,791,624"
8/17/2022,187.72,189.43,186.47,187.96,"3,181,278"
8/16/2022,189.55,190.85,186.36,189.59,"3,835,945"
8/15/2022,189.05,192.11,188.9,191.06,"2,768,479"
8/12/2022,186.63,190.02,185.51,189.89,"3,846,152"
8/11/2022,192.13,192.5,186.32,186.73,"4,175,064"
8/10/2022,188.16,189.57,186.21,188.61,"4,179,165"
8/9/2022,186.3,187.13,179.82,182.24,"5,851,671"
8/8/2022,191.09,194.37,189.08,189.75,"3,398,638"
8/5/2022,187,191.8,186.28,190.17,"4,090,307"
8/4/2022,188.56,191.58,187.25,191.27,"3,759,666"
8/3/2022,185.53,190.68,185.37,189.65,"5,786,256"
8/2/2022,180.81,185.14,179.43,183.79,"4,317,852"
8/1/2022,181.3,185.18,179.76,182.98,"3,997,132"
7/29/2022,181.82,184.42,180.22,184.02,"4,751,359"
7/28/2022,178.41,181.88,175.93,181.29,"4,562,052"
7/27/2022,174.86,182.23,174.35,180.3,"4,960,877"
7/26/2022,177.11,177.13,169.76,170.46,"3,886,477"
7/25/2022,181.83,181.99,175.08,177.29,"4,407,891"
7/22/2022,185.07,187.56,180.93,182.47,"3,804,734"
7/21/2022,180.66,185.53,179.91,185.35,"3,885,958"
7/20/2022,176.1,183.5,175.61,182.45,"5,654,028"
7/19/2022,170.92,174.1,167.81,173.81,"4,373,417"
7/18/2022,168.95,172.64,167.11,167.89,"3,818,189"
7/15/2022,163.71,167.61,162.22,167.38,"6,037,651"
7/14/2022,161.03,161.71,157.65,161.04,"6,096,089"
7/13/2022,162.41,165.84,161.17,163.49,"6,225,916"
7/12/2022,172.21,173.38,164.35,166.33,"7,072,980"
7/11/2022,174,176.32,171.26,174.36,"3,697,537"
7/8/2022,174.05,176.61,172.84,175.5,"2,869,242"
7/7/2022,174.17,176.94,173.17,176.64,"4,000,121"
7/6/2022,173.52,175.06,170.83,172.73,"4,085,109"
7/5/2022,166.1,172.35,164.61,172.2,"4,618,069"
7/1/2022,164.76,169.15,164.05,168.2,"4,561,576"
6/30/2022,165.05,167.5,161.11,165.04,"9,539,418"
6/29/2022,172.5,173.78,168.06,170.61,"5,430,441"
6/28/2022,180.29,182.33,171.44,171.46,"6,682,362"
6/27/2022,186.11,186.58,180.47,181.31,"6,170,845"
6/24/2022,177.72,186.41,176.55,185.92,"12,107,108"
6/23/2022,169.09,173.39,167.12,173.05,"7,257,956"
6/22/2022,164.7,170.45,164.21,167.45,"5,865,254"
6/21/2022,165.05,169.35,164.9,166.83,"6,736,788"
6/17/2022,158.56,166.23,158.17,163.26,"13,074,626"
6/16/2022,163.73,166.9,158.62,159.85,"8,090,882"
6/15/2022,166.73,171.5,164.68,168.55,"7,740,676"
6/14/2022,168.73,169.63,162.15,164.45,"8,576,172"
6/13/2022,170.55,172.68,165.06,166.03,"10,726,191"
6/10/2022,183.63,183.95,177.2,178.45,"7,857,553"
6/9/2022,188.53,192.68,186.61,187.11,"8,486,282"
6/8/2022,187,190.56,185.39,189.19,"6,226,152"
6/7/2022,181.71,188.6,181.71,187.15,"6,331,089"
6/6/2022,188.93,190.42,181.7,182.87,"5,811,718"
6/3/2022,185,189.64,183.8,184.91,"9,223,960"
6/2/2022,175,190.13,174.7,188.4,"19,231,217"
6/1/2022,178.01,184.42,174.37,176.07,"37,037,406"
5/31/2022,166.96,167.28,159.35,160.24,"18,114,610"
5/27/2022,160.67,165.23,160.25,165.1,"7,883,615"
5/26/2022,159.69,163.69,157.57,162.46,"6,697,678"
5/25/2022,155.32,161.89,155.32,159.65,"7,436,776"
5/24/2022,157.77,158.39,154.55,156.93,"6,928,394"
5/23/2022,159.84,160.73,155.91,160.32,"6,148,844"
5/20/2022,158.74,160.73,154.55,159.65,"9,068,740"
5/19/2022,155.23,159.25,154.73,155.6,"8,382,193"
5/18/2022,162.82,164.52,156.19,157.33,"7,454,376"
5/17/2022,167.33,169.1,158.27,163.73,"7,317,728"
5/16/2022,164.74,166.11,161.88,164.12,"5,065,837"
5/13/2022,163.55,168.68,162.01,166.91,"6,499,749"
5/12/2022,156.93,166.85,154.64,160.42,"10,187,549"
5/11/2022,165.5,169.98,160.83,161.27,"7,220,076"
5/10/2022,167.42,171.26,163.28,167.15,"8,598,717"
5/9/2022,166.72,170.29,162.13,163.6,"9,997,769"
5/6/2022,169.49,172.43,165.58,169.7,"7,232,666"
5/5/2022,180.49,182.24,169.82,172.3,"8,379,395"
5/4/2022,179.71,185.98,174.74,185.48,"7,563,074"
5/3/2022,176.95,180.39,176.13,178.36,"5,047,686"
5/2/2022,175.09,177.78,173.12,177.57,"6,278,442"
4/29/2022,182.57,185.36,175.3,175.94,"7,110,752"
4/28/2022,181.41,186.93,178.98,185.74,"10,617,861"
4/27/2022,171,177.23,170.63,174.68,"9,644,616"
4/26/2022,172.62,173.72,167.55,170.08,"8,073,280"
4/25/2022,169.69,174.76,169.23,174.57,"7,988,936"
4/22/2022,177.7,179.05,171.1,171.43,"8,843,906"
4/21/2022,188.78,190.17,176.74,177.23,"9,119,512"
4/20/2022,192.89,193.3,186.08,186.23,"6,015,364"
4/19/2022,187.24,192.2,185.52,191.39,"6,120,405"
4/18/2022,188.3,189.35,185.53,187.01,"4,899,472"
4/14/2022,196.32,196.45,189.22,189.41,"5,126,676"
4/13/2022,191.99,197.1,189.32,195.72,"8,733,017"
4/12/2022,199.75,201.12,194.58,194.81,"4,832,184"
4/11/2022,194.21,197.1,192.16,195.45,"5,173,760"
4/8/2022,198.64,200.14,196.62,197.17,"3,897,664"
4/7/2022,199.12,202.72,198.19,200.16,"5,245,971"
4/6/2022,205.21,205.47,198.08,200.82,"7,171,285"
4/5/2022,218,218.27,208.67,210.14,"7,304,637"
4/4/2022,214.63,221,214.1,218.85,"7,845,801"
4/1/2022,212.48,214.03,210.04,212.25,"6,007,859"
3/31/2022,214.5,216.79,211.79,212.32,"7,141,260"
3/30/2022,219.71,219.85,213.4,214.94,"4,951,199"
3/29/2022,218.62,222.16,216.77,221.29,"5,370,373"
3/28/2022,210.38,215.38,209.3,215.28,"4,290,886"
3/25/2022,214.27,215.86,208.48,211.03,"3,657,994"
3/24/2022,212.35,214.11,209.87,213.98,"4,150,252"
3/23/2022,213.87,213.93,208.31,211.11,"8,404,667"
3/22/2022,213.72,221.85,212.62,218.21,"7,018,788"
3/21/2022,218.19,219.1,210.61,213.72,"6,448,739"
3/18/2022,209.23,219.58,208.31,218.8,"12,220,551"
3/17/2022,204.62,210.68,202.56,210.41,"5,842,555"
3/16/2022,198.66,205.9,197.33,205.57,"6,043,359"
3/15/2022,198.53,199.96,192.74,196.14,"5,276,325"
3/14/2022,198.24,200.16,191.82,193.12,"5,665,470"
3/11/2022,204.77,204.77,197.63,197.9,"5,196,914"
3/10/2022,199.1,201.2,197.53,200.15,"5,604,161"
3/9/2022,198.35,205.23,197.22,203.16,"6,881,263"
3/8/2022,194.28,197.2,189.2,192.08,"8,229,049"
3/7/2022,203.45,204.93,196.04,196.23,"7,043,501"
3/4/2022,204.7,206.38,199.26,203.01,"6,816,423"
3/3/2022,210.39,211.63,204.22,204.75,"6,559,852"
3/2/2022,216.1,217.31,201.15,210.39,"16,670,096"
3/1/2022,213.4,214.39,208.46,208.89,"12,587,317"
2/28/2022,207.79,211.67,206.95,210.53,"7,904,654"
2/25/2022,204.72,208.47,201.61,208.09,"5,853,614"
2/24/2022,184.74,204.9,184.44,204.29,"11,792,612"
2/23/2022,196.35,199,190.13,190.54,"7,784,294"
2/22/2022,195.53,201.46,193.53,195.13,"8,434,762"
2/18/2022,200.4,202.6,195.79,196.84,"6,691,812"
2/17/2022,208.33,209.75,199.5,200.03,"8,820,050"
2/16/2022,211,212.42,208.21,211.74,"7,072,715"
2/15/2022,209.75,214.57,208.52,214.25,"6,355,740"
2/14/2022,205.8,209.9,204.63,206.4,"7,005,942"
2/11/2022,217.62,219.93,206.11,207.9,"8,165,623"
2/10/2022,217.7,221.99,215.81,217.67,"5,312,607"
2/9/2022,221.14,222.19,215.57,222.04,"6,107,708"
2/8/2022,215.6,217.94,212.15,217.43,"5,628,683"
2/7/2022,219,221.44,216.66,216.97,"3,922,259"
2/4/2022,214.99,221.67,213.19,219.23,"6,176,474"
2/3/2022,218.07,220.79,210.4,212.77,"12,826,597"
2/2/2022,233.74,234.49,223.02,225.01,"9,378,866"
2/1/2022,232.37,232.78,226.32,232.12,"6,387,115"
1/31/2022,222.95,232.91,222.26,232.63,"7,084,216"
1/28/2022,214.3,222.29,210.88,222.13,"8,254,892"
1/27/2022,214.08,223.15,212.06,212.74,"9,468,583"
1/26/2022,219.61,221.46,209.07,211,"10,029,562"
1/25/2022,221,223.9,214.67,215.39,"9,092,713"
1/24/2022,212.39,223.38,207.51,223.03,"11,674,760"
1/21/2022,223.06,224.77,218.25,218.63,"9,128,418"
1/20/2022,229.07,231.4,222.49,222.94,"5,663,652"
1/19/2022,227.47,232.21,226.17,226.27,"5,332,617"
1/18/2022,228.45,230.73,225.3,226.06,"6,034,024"
1/14/2022,228.03,233.29,227.61,231.23,"5,805,137"
1/13/2022,237.5,238.79,227.92,228.63,"6,680,317"
1/12/2022,237,239.28,235.76,237.83,"6,718,884"
1/11/2022,228.8,236.35,226.56,234.84,"7,635,332"
1/10/2022,225.5,229.83,218.89,229.63,"7,803,784"
1/7/2022,228.5,232.28,226.05,228.31,"6,286,718"
1/6/2022,228.04,234.48,226.05,229.15,"9,376,094"
1/5/2022,236.17,238.2,227.31,227.67,"18,882,465"
1/4/2022,256.85,256.87,243.4,248.23,"7,240,729"
1/3/2022,255.01,256.7,248.65,255.46,"4,318,489"
12/31/2021,254.47,256.49,253.63,254.13,"3,169,312"
12/30/2021,255.3,257.9,254.46,255.33,"2,950,573"
12/29/2021,256,256.43,253.12,254.54,"2,592,745"
12/28/2021,259.73,260.78,254.94,255.45,"3,296,365"
12/27/2021,253.39,258.43,253.24,258.3,"3,532,542"
12/23/2021,251.23,254.31,249.34,253.14,"3,769,478"
12/22/2021,253.42,254.26,249.51,252.8,"4,982,392"
12/21/2021,248,253.01,245.25,252.55,"5,428,209"
12/20/2021,249.89,251.54,246.5,247.21,"5,580,059"
12/17/2021,251.24,253.9,246.79,252.93,"12,170,272"
12/16/2021,260,261.35,252.22,253.12,"6,556,672"
12/15/2021,254.85,260.19,251.9,260.04,"6,484,942"
12/14/2021,262,262.15,253.3,255.59,"7,227,339"
12/13/2021,265.8,270.56,264.61,265.76,"3,625,721"
12/10/2021,266.1,270.57,264.44,266.03,"3,480,091"
12/9/2021,266.04,266.68,262.64,264.32,"3,966,956"
12/8/2021,268.31,268.5,264.57,266.31,"4,586,480"
12/7/2021,265.47,270.23,263.6,266.99,"7,401,230"
12/6/2021,256.1,259.23,250.71,258.75,"7,122,951"
12/3/2021,261.55,261.75,251.7,258.32,"8,944,026"
12/2/2021,252.82,262.58,252.14,261.2,"12,200,786"
12/1/2021,271.26,276.94,251.46,251.5,"30,744,431"
11/30/2021,296.19,299.27,283.4,284.96,"13,597,638"
11/29/2021,289.52,298.39,284.7,296.74,"8,215,565"
11/26/2021,284.5,287.57,283.04,284.21,"4,195,279"
11/24/2021,286.04,289.45,283.2,289.17,"5,091,437"
11/23/2021,293.65,296.47,288.31,291.42,"6,432,469"
11/22/2021,301.84,305.49,296.72,296.84,"4,476,157"
11/19/2021,305.71,306,301.1,301.17,"4,758,869"
11/18/2021,306.16,306.99,299.58,302.99,"4,444,339"
11/17/2021,307.78,309.9,307.25,308.02,"3,864,656"
11/16/2021,304.08,307.58,302.72,307.09,"2,989,383"
11/15/2021,306.9,307.76,303.23,305.49,"3,595,625"
11/12/2021,304.5,307.22,301.63,306.65,"3,803,734"
11/11/2021,301.5,305.75,301.5,302.98,"2,681,892"
11/10/2021,306.57,308.59,297.89,299.67,"4,350,924"
11/9/2021,310,311.75,307.22,309.71,"3,126,523"
11/8/2021,307.2,311.39,305.9,309.96,"3,893,014"
11/5/2021,308.5,311.4,303.34,307.25,"4,681,990"
11/4/2021,303.5,308.41,302.4,308.04,"3,833,787"
11/3/2021,303.95,303.95,298.19,302.89,"3,260,169"
11/2/2021,301.72,303.44,299.41,302.95,"4,177,512"
11/1/2021,301.5,304.86,299.72,302.76,"3,825,097"
10/29/2021,298,300.78,296.27,299.69,"4,251,850"
10/28/2021,295.07,298.81,293.53,298.38,"3,450,407"
10/27/2021,296.53,299.19,295.09,295.15,"3,742,741"
10/26/2021,295.78,298.36,293.62,295.11,"3,601,447"
10/25/2021,293.3,295.13,291.72,293.92,"2,993,500"
10/22/2021,289,293,288.18,292.56,"2,927,049"
10/21/2021,289.47,291.57,288.27,289.81,"2,828,499"
10/20/2021,293.11,295.41,287.95,290.09,"4,487,918"
10/19/2021,292.1,295.53,291.36,292.34,"3,631,164"
10/18/2021,290.78,293.25,288.71,291.7,"5,163,348"
10/15/2021,292.49,292.87,289.32,291.66,"5,119,331"
10/14/2021,286,290.64,284.66,290.02,"5,435,676"
10/13/2021,280,285.1,278.6,284.41,"6,575,213"
10/12/2021,276.42,280.75,276.02,279,"5,970,095"
10/11/2021,271.78,276.27,271.51,273.75,"2,693,021"
10/8/2021,275.54,276.92,272.27,272.48,"2,683,286"
10/7/2021,276.9,279.5,274.09,274.58,"5,374,204"
10/6/2021,269.67,275.49,267.5,275.27,"4,745,485"
10/5/2021,272.11,273.55,271.03,271.77,"4,050,404"
10/4/2021,275.22,275.3,266.14,270.86,"6,393,840"
10/1/2021,271.5,276.34,268.77,275.26,"4,756,004"
9/30/2021,270.65,274.26,270.44,271.22,"5,226,998"
9/29/2021,273.49,274.68,269.24,270.5,"4,361,850"
9/28/2021,275.11,276.7,270.04,272.28,"7,127,081"
9/27/2021,282.44,283.76,279.04,279.68,"5,941,145"
9/24/2021,278.5,286.36,278.21,285.63,"13,368,305"
9/23/2021,270,279.39,266.4,277.86,"15,617,209"
9/22/2021,258.9,260.36,256.21,259.17,"4,355,561"
9/21/2021,259.47,262.55,257.77,257.97,"6,040,565"
9/20/2021,256.59,259.22,254.94,258.22,"5,985,544"
9/17/2021,259.27,261.7,258.68,260.53,"7,053,537"
9/16/2021,255.53,261.22,255,260.36,"5,122,575"
9/15/2021,254.54,256.75,252.95,256.16,"4,764,574"
9/14/2021,254.11,255.11,253,254.37,"4,097,542"
9/13/2021,257,257.69,252.19,254.11,"5,258,184"
9/10/2021,261,261.59,256.5,257.2,"5,280,883"
9/9/2021,261.82,263.71,260.45,260.74,"4,126,467"
9/8/2021,263.62,264.34,261.58,262.62,"3,851,513"
9/7/2021,266.54,267.9,264.07,265.21,"4,673,779"
9/3/2021,263.6,267.41,261.8,267.08,"7,357,515"
9/2/2021,269,269.26,263.92,264.15,"4,499,608"
9/1/2021,266.27,273.26,265.59,268.32,"7,189,035"
8/31/2021,264.77,266.77,262.7,265.27,"5,901,518"
8/30/2021,265.81,267.58,264.75,264.97,"5,729,953"
8/27/2021,267.86,270.91,265.43,266.53,"7,992,509"
8/26/2021,269.8,275.22,267.36,267.79,"18,986,966"
8/25/2021,260.86,261.9,258.75,260.85,"9,700,952"
8/24/2021,261.92,262.5,259.06,259.66,"6,685,164"
8/23/2021,257,261.86,256.57,260.52,"7,603,867"
8/20/2021,253,257.87,252.61,256.13,"5,510,730"
8/19/2021,249.17,255.44,248.38,253.07,"6,600,793"
8/18/2021,248,256.8,247.72,251.22,"8,306,650"
8/17/2021,248.26,249.2,245.94,246.99,"3,472,597"
8/16/2021,250.17,251,244.47,249.2,"4,048,733"
8/13/2021,251.71,253.77,248.87,251.56,"5,986,436"
8/12/2021,242.5,248.43,241.93,248.39,"4,468,390"
8/11/2021,244.67,246.15,240.1,242.28,"3,999,205"
8/10/2021,250.87,251.25,243.04,243.39,"4,430,617"
8/9/2021,251.42,252.42,247.85,249.32,"3,312,170"
8/6/2021,249.23,252.08,249.22,250.59,"4,045,384"
8/5/2021,244.68,250.9,243.54,250.56,"5,235,193"
8/4/2021,241.62,244.65,239.67,244.17,"4,121,614"
8/3/2021,241.38,243.05,239.04,241.13,"3,077,919"
8/2/2021,242.31,242.47,238.88,240.86,"3,525,726"
7/30/2021,243,244.24,241.63,241.93,"3,748,445"
7/29/2021,243.49,246.16,243.49,244.04,"3,271,103"
7/28/2021,243.82,246.08,243,243.96,"4,100,237"
7/27/2021,247.21,248.13,241.19,243.51,"6,352,540"
7/26/2021,248.2,248.48,245.82,247.6,"3,960,897"
7/23/2021,250,250.56,246.68,248.25,"5,877,259"
7/22/2021,243.5,248.7,243.34,248.28,"7,868,703"
7/21/2021,241.44,242.98,238.27,242.11,"15,323,125"
7/20/2021,238.7,243.18,236.27,240.11,"8,486,974"
7/19/2021,236.51,238.5,234.31,237.55,"8,842,963"
7/16/2021,238.3,240.88,237.77,238.43,"7,288,104"
7/15/2021,241.22,242.03,235.82,237.58,"7,912,574"
7/14/2021,244.5,246.15,239.87,242.43,"6,375,745"
7/13/2021,242.29,247.16,241.68,244.02,"6,699,829"
7/12/2021,247.22,247.26,241.85,242.91,"5,604,490"
7/9/2021,245.59,248,244.09,245.06,"4,213,545"
7/8/2021,244.84,246.58,241.74,245.8,"5,159,623"
7/7/2021,253,253.5,247.86,248.44,"5,101,415"
7/6/2021,249,252.92,248.38,250.25,"5,590,223"
7/2/2021,246.92,248.96,245.84,248.2,"4,056,827"
7/1/2021,244.5,246.59,242.62,244.98,"3,899,605"
6/30/2021,245.48,246.63,243.5,244.27,"4,168,762"
6/29/2021,244.44,246.78,242.43,245.81,"3,871,917"
6/28/2021,244.21,247.59,243.6,244.57,"4,274,889"
6/25/2021,244.19,244.2,240.99,241.87,"15,409,267"
6/24/2021,243.35,247.69,242.7,243.77,"4,987,330"
6/23/2021,243.75,244.5,240.85,241.84,"4,482,408"
6/22/2021,243.8,244.72,240.89,243.11,"4,457,165"
6/21/2021,243.45,244.72,238.89,244.48,"5,895,120"
6/18/2021,241.85,246.01,241.06,242.78,"7,822,172"
6/17/2021,242,247.18,241.2,244.43,"5,170,176"
6/16/2021,242,245.01,239.48,242.39,"5,099,349"
6/15/2021,245.21,245.36,242.01,242.58,"5,135,289"
6/14/2021,240.7,246.64,240.48,246.26,"6,764,691"
6/11/2021,239.03,240.37,238.41,240.31,"4,624,184"
6/10/2021,236,240.29,235.15,240.19,"4,659,511"
6/9/2021,238.87,238.87,235.51,236.09,"3,350,916"
6/8/2021,238.8,241.79,235.67,236.42,"5,827,260"
6/7/2021,236.6,239.47,235.84,238.14,"3,510,776"
6/4/2021,231.63,237.89,231.52,237.48,"6,177,588"
6/3/2021,232.89,233.18,229.43,230.84,"5,109,029"
6/2/2021,234.4,238.29,233.9,234.62,"5,543,876"
6/1/2021,238,238.4,232.46,236.2,"8,103,888"
5/28/2021,239.22,243.5,237.83,238.1,"17,814,520"
5/27/2021,229.52,229.52,225.39,225.83,"15,344,063"
5/26/2021,228.48,230.24,228.29,229.68,"5,807,104"
5/25/2021,228,229.72,226.28,227.71,"6,256,329"
5/24/2021,225,227.6,224.21,226.99,"5,288,324"
5/21/2021,225.21,225.78,222.44,222.58,"4,913,623"
5/20/2021,222.98,226.83,222.36,223.78,"6,705,464"
5/19/2021,215.85,221.6,214.51,221.34,"8,092,067"
5/18/2021,215.44,217.35,213.79,214.33,"3,540,556"
5/17/2021,216.59,217.72,212.82,215.06,"3,816,066"
5/14/2021,214.19,218.27,214.15,217.66,"4,429,018"
5/13/2021,212.97,215.64,210.47,211.86,"5,337,992"
5/12/2021,213.34,213.37,209,210.54,"5,482,463"
5/11/2021,209,216.57,208.91,215.56,"6,097,853"
5/10/2021,215.5,215.96,213.23,213.89,"5,263,698"
5/7/2021,220.51,221.25,215.09,216.5,"5,774,748"
5/6/2021,215.81,218.28,213.5,218.05,"5,200,021"
5/5/2021,218.82,219.57,214.84,215.4,"4,205,781"
5/4/2021,221.67,222,214.36,217.18,"6,727,513"
5/3/2021,230.77,231.46,223.07,223.76,"5,835,707"
4/30/2021,232.8,234.5,229.52,230.32,"5,024,797"
4/29/2021,237.32,237.67,232.17,234.36,"4,140,803"
4/28/2021,235,238.33,233.53,236.88,"4,274,512"
4/27/2021,235.46,235.9,231.91,234.21,"3,445,222"
4/26/2021,234.04,235.8,232.42,235.46,"3,459,634"
4/23/2021,232.94,235.49,231.75,233.51,"5,448,503"
4/22/2021,230,233.89,229.01,231.35,"4,975,361"
4/21/2021,227.11,230.79,226.67,230.56,"4,024,031"
4/20/2021,230,231.45,226.89,227.96,"4,081,214"
4/19/2021,230.83,232.2,228.87,230.5,"4,257,749"
4/16/2021,234,234,229.89,231.91,"5,088,749"
4/15/2021,229.87,233.08,229.5,233,"5,073,856"
4/14/2021,232.85,233.14,227.66,228.02,"4,617,597"
4/13/2021,229,233.49,228.5,232,"5,397,052"
4/12/2021,229.52,229.85,227.15,228.76,"6,205,676"
4/9/2021,224.33,231.31,223.63,231.28,"7,319,270"
4/8/2021,223,225.71,222.45,224.45,"6,169,133"
4/7/2021,221.96,222.68,219.39,220.79,"4,403,436"
4/6/2021,219.82,221.55,218.25,221.09,"5,448,464"
4/5/2021,219.61,221.84,218.93,220.29,"5,553,185"
4/1/2021,213.6,218.93,213.37,218.72,"7,763,501"
3/31/2021,210.44,213.67,210.11,211.87,"6,837,964"
3/30/2021,208.64,211.29,207.36,210,"4,717,943"
3/29/2021,209.01,211.65,205.99,210.77,"5,686,945"
3/26/2021,205.64,209.41,204.77,209.09,"7,333,155"
3/25/2021,206.17,208.17,204.37,205.44,"7,977,209"
3/24/2021,215.13,215.28,209.41,209.53,"4,617,736"
3/23/2021,214.76,217.43,214.33,215,"4,578,046"
3/22/2021,211.48,216.98,211.37,215.17,"5,002,486"
3/19/2021,209.81,212.75,209.07,212.2,"7,088,442"
3/18/2021,210.7,211.38,208.4,209.48,"5,583,153"
3/17/2021,213.52,214.81,210.86,213.12,"5,805,143"
3/16/2021,214.84,216.69,213.48,214.48,"5,311,048"
3/15/2021,211.85,212.94,209.5,212.8,"5,741,240"
3/12/2021,213.45,213.85,209.3,212.21,"6,114,641"
3/11/2021,215,218.17,214.35,215.95,"6,430,984"
3/10/2021,214.72,216.15,211.77,211.96,"7,186,394"
3/9/2021,212.18,215.79,211.17,211.53,"9,732,242"
3/8/2021,213.62,214.9,207.57,207.72,"9,576,414"
3/5/2021,210.01,212.35,203.22,210.76,"11,405,951"
3/4/2021,206.84,209.09,201.51,205.33,"12,800,545"
3/3/2021,212.83,213.32,205.4,206,"11,459,016"
3/2/2021,218.4,218.6,213.34,213.47,"10,211,493"
3/1/2021,219.9,220.2,215.03,217.54,"14,027,677"
2/26/2021,229.39,230.5,216.34,216.5,"20,372,918"
2/25/2021,238.53,240.35,229.77,231.08,"8,828,937"
2/24/2021,235.53,241.5,231.51,240.47,"6,128,260"
2/23/2021,235.26,238.96,229.01,235.64,"8,641,607"
2/22/2021,244.26,244.52,240.38,240.95,"5,055,001"
2/19/2021,248,249.39,245.98,246.56,"4,647,670"
2/18/2021,245.97,248.01,242.57,247.01,"4,159,075"
2/17/2021,248.59,249.5,245.5,247.66,"5,907,885"
2/16/2021,245,251.23,243.8,248.59,"10,837,611"
2/12/2021,240.95,241.56,238.91,240.37,"4,314,439"
2/11/2021,238.93,242.89,238.58,241.24,"6,091,619"
2/10/2021,237.45,238.22,233.96,236.72,"5,535,571"
2/9/2021,239.56,240.08,236.24,236.7,"5,157,234"
2/8/2021,239.51,241.11,237.13,238.93,"4,336,360"
2/5/2021,239.15,239.36,236.41,238.89,"5,019,976"
2/4/2021,235.52,238.23,235.47,237.98,"4,770,722"
2/3/2021,235,236,232.26,234.82,"5,357,550"
2/2/2021,231.47,235.95,231.38,234.2,"7,134,891"
2/1/2021,227.21,229.9,224.75,228.46,"5,696,684"
1/29/2021,224.66,228.79,223.02,225.56,"6,472,983"
1/28/2021,225,229.6,225,226.5,"7,246,045"
1/27/2021,223.7,227.81,221.58,224.78,"7,641,060"
1/26/2021,227.8,227.91,224.54,226.26,"5,021,036"
1/25/2021,229.69,230.3,221.32,225.92,"8,213,455"
1/22/2021,224.9,227.79,223.75,225.77,"10,186,076"
1/21/2021,223.69,224.74,220.82,222.17,"6,800,810"
1/20/2021,221.99,224.64,219.97,223.44,"9,857,747"
1/19/2021,215.35,217.28,213.7,216.76,"7,753,752"
1/15/2021,216.17,217.87,212.99,213.14,"8,525,598"
1/14/2021,218.23,219.5,215.55,215.6,"6,548,025"
1/13/2021,217,218.9,215.53,218.18,"6,839,171"
1/12/2021,218,218.3,214.09,215.52,"10,735,962"
1/11/2021,219.63,220.58,216.23,218.25,"7,206,463"
1/8/2021,220,222.32,219.22,222.04,"7,301,710"
1/7/2021,217.03,220.66,216.5,217.98,"8,443,142"
1/6/2021,218,220.46,215.78,216.15,"9,789,849"
1/5/2021,219.49,223,217.99,221.52,"8,657,235"
1/4/2021,222.64,223.75,215.72,220.31,"10,319,917"
12/31/2020,222.27,222.79,220.17,222.53,"6,011,121"
12/30/2020,223.13,223.64,221.58,222.4,"4,724,009"
12/29/2020,224.97,225.3,220.86,222.46,"6,122,445"
12/28/2020,227.22,227.84,222.05,224.64,"6,422,513"
