,CRWD (NASD),,,,
Date,Open,High,Low,Close,Volume
12/24/2025,476.83,478,470.67,477.11,"745,101"
12/23/2025,482.49,483.59,473.5,478.84,"2,053,013"
12/22/2025,479.78,485.87,474.85,483.14,"2,303,290"
12/19/2025,480,489.21,478.63,481.28,"4,662,671"
12/18/2025,479.7,482.04,473.91,477.26,"1,835,071"
12/17/2025,489.41,490.44,469.84,470.02,"2,317,302"
12/16/2025,486.48,491.44,482,488.53,"1,758,737"
12/15/2025,509.01,509.01,487.43,487.47,"2,184,930"
12/12/2025,516.41,517.44,498.76,504.78,"2,677,671"
12/11/2025,516.67,528.19,512.51,517.65,"2,001,456"
12/10/2025,516,521.61,504.54,519.54,"2,359,253"
12/9/2025,512.23,529.9,511.73,517.98,"2,035,836"
12/8/2025,513,520.3,508.9,515.19,"1,660,540"
12/5/2025,516.14,526.89,508.32,512.03,"2,629,448"
12/4/2025,523.91,525.27,510.26,513.12,"2,477,255"
12/3/2025,497.99,525,486.3,524.17,"5,578,755"
12/2/2025,513.47,521,507,516.55,"5,055,263"
12/1/2025,503.22,506.74,495.01,504.13,"2,058,590"
11/28/2025,505.37,510.69,501.94,509.16,"1,018,908"
11/26/2025,513,515,497,501.54,"2,213,823"
11/25/2025,503.7,513.71,493.01,512.34,"1,652,226"
11/24/2025,498.16,509.19,494.03,506.82,"2,649,180"
11/21/2025,497.91,501,477.55,490.67,"3,063,709"
11/20/2025,532.56,539.32,500.13,501.31,"2,483,052"
11/19/2025,513.37,525.98,509.29,520.59,"1,521,925"
11/18/2025,524.82,531.33,513,513.67,"2,572,967"
11/17/2025,537,540.67,526.58,529.78,"1,395,272"
11/14/2025,522.47,544.04,509.05,537.55,"1,942,297"
11/13/2025,540.99,543.85,526.14,529.78,"2,406,019"
11/12/2025,561.1,566.9,545,545.86,"1,991,475"
11/11/2025,555.22,558.5,551.21,556.73,"1,355,764"
11/10/2025,547.82,558.98,544.25,557.53,"2,164,548"
11/7/2025,526.66,542.26,519.1,539.81,"2,427,139"
11/6/2025,526.68,540,517.1,532.52,"3,099,904"
11/5/2025,531.88,535.19,526,534.14,"1,646,162"
11/4/2025,539.79,549.48,531.1,533.92,"2,505,060"
11/3/2025,549.32,555.81,545.1,551.92,"1,910,493"
10/31/2025,542.41,549.5,537.3,543.01,"1,873,481"
10/30/2025,543.11,549.98,534.11,538.68,"1,954,873"
10/29/2025,541,549,533.3,545.5,"1,780,648"
10/28/2025,536.81,553.64,535.98,546.94,"3,367,427"
10/27/2025,532.54,534.34,525.24,529.7,"1,932,155"
10/24/2025,528.8,535.52,521.87,527.32,"2,550,453"
10/23/2025,499.98,522.43,499.98,521.98,"3,147,287"
10/22/2025,502.68,505.36,491.67,500.11,"1,682,027"
10/21/2025,501.24,507.6,498.35,503.95,"1,440,884"
10/20/2025,486.53,504.45,486.45,503.61,"2,820,084"
10/17/2025,478.02,486,475.42,484.65,"1,926,820"
10/16/2025,489.73,498.31,475.39,482.23,"2,174,003"
10/15/2025,494,495.5,484.78,489.02,"1,730,819"
10/14/2025,500.1,500.54,487.59,488.94,"2,768,511"
10/13/2025,501.15,511.18,497.5,508.61,"2,340,568"
10/10/2025,509,517.41,493.29,493.66,"3,142,612"
10/9/2025,509.95,511.46,501.9,509.13,"2,203,791"
10/8/2025,491.77,510,490.33,509.95,"3,617,547"
10/7/2025,497,497.86,476.52,484.62,"2,857,539"
10/6/2025,495.51,503.5,494.38,495.95,"1,949,372"
10/3/2025,499.84,501.87,486.3,489.88,"1,983,465"
10/2/2025,501.23,502.27,492.35,496.8,"2,588,818"
10/1/2025,487.75,500.84,485.36,499.96,"2,512,377"
9/30/2025,486.42,490.88,479.25,490.38,"2,288,164"
9/29/2025,486.42,490.5,482.65,488.45,"2,197,885"
9/26/2025,472.1,483.7,470.29,481.42,"2,359,725"
9/25/2025,476.9,481.55,469,473.09,"2,714,770"
9/24/2025,482.39,486.96,474.48,476.33,"2,218,240"
9/23/2025,493.14,495.06,481.1,484.1,"2,734,547"
9/22/2025,496,500.3,486.33,493.14,"3,875,367"
9/19/2025,499,507.2,495.81,502.55,"7,092,821"
9/18/2025,468.93,504.22,462.12,502.63,"10,120,450"
9/17/2025,445,454,434.34,445.5,"3,872,820"
9/16/2025,444.8,448.32,434.8,444.98,"2,908,043"
9/15/2025,441.58,448.87,436.75,444.77,"2,879,358"
9/12/2025,435.39,443,435,436.1,"2,764,705"
9/11/2025,428.25,438.26,427.1,433.38,"2,411,944"
9/10/2025,427.57,433.81,422.17,424.87,"2,278,833"
9/9/2025,428.17,431.01,420.63,423.51,"2,126,813"
9/8/2025,419,428.85,416.42,428.06,"2,545,825"
9/5/2025,414.07,418.11,407.06,417.63,"2,169,328"
9/4/2025,413.2,415.49,402.66,412.46,"2,763,401"
9/3/2025,412.99,414.48,404.28,413.2,"3,036,499"
9/2/2025,417.11,418.02,407.7,413.5,"3,762,756"
8/29/2025,444.87,448,420.39,423.7,"5,485,070"
8/28/2025,410,442.17,409.25,442,"9,981,803"
8/27/2025,421.6,427.42,419.98,422.61,"8,119,591"
8/26/2025,419.32,425,416.7,417.6,"3,146,731"
8/25/2025,422.61,426,418.53,418.83,"2,413,277"
8/22/2025,415,423.99,412.55,420.55,"2,202,292"
8/21/2025,417.79,417.93,413.66,414.06,"1,800,410"
8/20/2025,417.43,420.94,409.31,419.17,"2,212,608"
8/19/2025,431,436,415.9,418.6,"2,786,833"
8/18/2025,426,428.97,421.7,426.34,"2,252,677"
8/15/2025,425.28,428.93,423,427.9,"2,264,392"
8/14/2025,432.34,435,419.81,424.86,"2,911,580"
8/13/2025,440,442.43,427.86,432.12,"2,461,103"
8/12/2025,428.01,438.3,427.49,435.8,"2,314,312"
8/11/2025,423.82,434,419.74,426.43,"2,525,352"
8/8/2025,431,434.5,420.42,424.49,"3,632,121"
8/7/2025,451.69,451.99,422,425,"5,710,129"
8/6/2025,445,451.9,442.01,451.69,"2,035,670"
8/5/2025,454.63,457.8,438.5,441.75,"3,104,579"
8/4/2025,452.9,457.49,448,454.86,"1,882,796"
8/1/2025,448.95,454,438.09,446.66,"3,014,399"
7/31/2025,465.76,467.9,453.76,454.57,"2,832,848"
7/30/2025,463.52,466.68,453.42,463.15,"2,117,492"
7/29/2025,473.87,480.72,458,465.51,"2,749,934"
7/28/2025,471,476.57,468,472.18,"1,825,776"
7/25/2025,462,470.81,460.3,467.92,"1,794,737"
7/24/2025,463.98,468.5,460.12,462.03,"2,486,054"
7/23/2025,471.23,472,454.04,461.52,"3,024,019"
7/22/2025,481.5,485.46,470,471.23,"1,975,565"
7/21/2025,478.72,490.04,474.11,481.58,"3,416,152"
7/18/2025,472.31,477.26,465.76,475.96,"2,903,393"
7/17/2025,470.35,474.31,466.94,469.83,"2,256,634"
7/16/2025,475.82,476.65,464.84,470.45,"1,982,938"
7/15/2025,479.09,480.72,470.52,473.28,"2,529,124"
7/14/2025,466.82,480.72,463.5,476.18,"3,340,484"
7/11/2025,488,489.33,477.47,478.45,"3,384,366"
7/10/2025,512.99,514.5,486.57,487.11,"4,188,515"
7/9/2025,512,513.92,507.04,513.51,"1,869,298"
7/8/2025,507.64,509.38,497.74,507.71,"2,143,326"
7/7/2025,507.7,508.16,498.91,505.46,"3,269,395"
7/3/2025,499.99,517.98,499.99,514.1,"2,654,026"
7/2/2025,491,496.5,489.14,496.1,"2,113,237"
7/1/2025,509.37,516.62,481.5,492.07,"4,089,054"
6/30/2025,502.63,510.02,499.72,509.31,"2,702,837"
6/27/2025,504.59,505.37,495.57,499.33,"3,466,288"
6/26/2025,497.08,506.35,494.09,505.22,"3,017,035"
6/25/2025,488.08,500.41,487.55,494.09,"2,957,627"
6/24/2025,490.9,493.5,481.12,485.38,"3,633,478"
6/23/2025,470.76,494.3,461.51,491.81,"4,431,729"
6/20/2025,484.54,490,474.29,476.3,"5,183,068"
6/18/2025,490.71,490.71,478.82,485.16,"2,830,285"
6/17/2025,479.45,493.2,474,492.03,"3,398,657"
6/16/2025,481.84,487.46,477.28,479.39,"2,710,305"
6/13/2025,475,485.49,473.06,480.62,"2,610,680"
6/12/2025,474.02,488.74,473,481.73,"3,520,157"
6/11/2025,466.02,479.94,465.55,476.98,"2,756,541"
6/10/2025,465.49,470.01,457.23,467.65,"2,472,452"
6/9/2025,470.31,471.77,458.13,464.39,"2,724,637"
6/6/2025,463.12,478.47,463.12,468.41,"4,342,957"
6/5/2025,462.33,468.6,452.71,462.94,"6,188,822"
6/4/2025,454.75,470.95,445.26,460.56,"15,453,584"
6/3/2025,480.77,491.2,477.45,488.76,"7,632,152"
6/2/2025,471,479.97,465.53,479.17,"3,483,436"
5/30/2025,462.03,473.12,456.77,471.37,"4,488,688"
5/29/2025,472,472.49,453.43,458.81,"3,328,479"
5/28/2025,472.99,473.41,465.98,468.83,"2,893,441"
5/27/2025,464,474.23,459.6,472.22,"3,997,165"
5/23/2025,438.5,459.93,437.4,455.59,"4,487,764"
5/22/2025,430.72,448.88,430,444.07,"2,590,894"
5/21/2025,436.8,450.67,432.06,434.74,"4,321,056"
5/20/2025,441.89,443.01,436.7,442.25,"2,132,634"
5/19/2025,432.43,445.5,431.69,444.35,"2,015,557"
5/16/2025,435.87,440.89,431.82,439.26,"2,133,434"
5/15/2025,423.59,433.86,422.09,431.84,"2,531,937"
5/14/2025,442.5,445.47,431.26,435.94,"2,847,277"
5/13/2025,428.21,448,427,440.2,"3,734,581"
5/12/2025,419.69,429.47,415.1,429.44,"3,278,518"
5/9/2025,418.95,420,404.63,410.57,"4,693,342"
5/8/2025,427.49,432.91,424.72,428.63,"3,618,987"
5/7/2025,425.42,429.84,417.06,422.52,"6,679,452"
5/6/2025,432.2,447.5,430.57,443.21,"3,431,154"
5/5/2025,436,451.15,435.4,443.47,"3,281,015"
5/2/2025,438.18,443.7,434.4,440.58,"2,708,706"
5/1/2025,431.51,439.63,427.75,431.88,"3,080,096"
4/30/2025,419.01,429.55,414.41,428.87,"3,187,202"
4/29/2025,424.49,432.37,423.08,430.99,"2,407,095"
4/28/2025,424.84,428,415.33,423.08,"2,798,708"
4/25/2025,414.69,425.74,412.6,424.88,"3,335,543"
4/24/2025,386,414.85,386,414.05,"4,624,922"
4/23/2025,382.5,396.31,382.5,385.75,"3,580,631"
4/22/2025,368.84,374.71,362.9,368.45,"2,577,135"
4/21/2025,363.8,372.09,355.66,362.69,"2,904,870"
4/17/2025,383.8,384.94,373.1,375.62,"2,098,275"
4/16/2025,386.11,395.35,373.48,379.84,"4,186,650"
4/15/2025,383.4,400.02,379.67,392.8,"5,204,767"
4/14/2025,386.96,389.25,372.82,378.66,"3,047,990"
4/11/2025,366.98,378.79,360.65,377.9,"3,383,304"
4/10/2025,369,375.99,354.2,368.61,"4,552,610"
4/9/2025,324.6,382.65,324.49,378.01,"7,656,977"
4/8/2025,342.71,351.06,318.38,325.04,"5,300,631"
4/7/2025,300.06,341.77,298,324.36,"6,299,607"
4/4/2025,328.02,334.05,310.31,321.63,"7,032,804"
4/3/2025,350.94,360.91,341.81,347.39,"4,304,369"
4/2/2025,353.16,376.27,353.03,371.49,"2,472,030"
4/1/2025,358.94,363.17,351.25,362.38,"2,682,055"
3/31/2025,345.79,353.64,337.89,352.58,"3,296,995"
3/28/2025,365.82,367.64,353.48,357.11,"3,457,456"
3/27/2025,368.72,371.46,360.28,366.56,"2,666,122"
3/26/2025,383.9,384.77,370.36,371.41,"3,289,508"
3/25/2025,378.08,392.69,377,384.95,"4,258,391"
3/24/2025,370,373.63,361.66,372.64,"4,146,929"
3/21/2025,358.91,372.19,353.03,362.24,"8,119,531"
3/20/2025,371.28,377.49,364.46,369.03,"2,883,038"
3/19/2025,366.22,381.26,362.26,375.05,"4,056,608"
3/18/2025,362.1,368.47,356.71,363.15,"3,185,578"
3/17/2025,353,370.86,352.57,364.83,"4,255,117"
3/14/2025,338.51,354.5,337.14,353.74,"4,365,504"
3/13/2025,346.57,347.84,330.62,332.53,"4,349,585"
3/12/2025,343.59,347.73,336.76,346.76,"5,123,896"
3/11/2025,310.41,339,308,329.75,"8,352,494"
3/10/2025,322.65,323.95,303.79,308.86,"6,996,968"
3/7/2025,344.56,347.73,318.04,333.5,"6,869,351"
3/6/2025,356.58,371.72,345.82,347.73,"5,613,653"
3/5/2025,361.68,367.32,343,365.44,"15,958,069"
3/4/2025,376.98,396.16,370.58,390.16,"8,045,095"
3/3/2025,399,404.6,378.34,382.73,"5,065,041"
2/28/2025,379,390.52,377.38,389.66,"3,773,054"
2/27/2025,401.64,406.53,380,380.24,"3,223,079"
2/26/2025,384.69,401.7,381.75,394.56,"3,431,516"
2/25/2025,387.27,389,369.31,379.75,"4,503,796"
2/24/2025,405.49,405.9,382.34,391.72,"5,384,438"
2/21/2025,428.86,433.23,404.54,406.68,"5,598,247"
2/20/2025,441.92,442.73,418.31,436.14,"4,768,919"
2/19/2025,455.36,455.59,444.58,450.14,"2,415,246"
2/18/2025,451.67,455.44,445.27,455.36,"2,753,358"
2/14/2025,449.47,453.46,442.87,451.74,"2,845,458"
2/13/2025,435,454.13,432.2,453.77,"3,681,273"
2/12/2025,425.2,437.6,424.21,434.63,"2,010,961"
2/11/2025,426.65,434.78,424.08,431.64,"2,323,787"
2/10/2025,424.78,431.9,424.49,428.92,"2,258,831"
2/7/2025,424,431.33,419.32,421.59,"3,501,532"
2/6/2025,415.5,421.63,413.72,420.51,"2,413,319"
2/5/2025,408,419.39,405.02,417.22,"3,111,415"
2/4/2025,396.52,408.44,396,407.52,"2,865,656"
2/3/2025,386.95,399.94,384.24,397.57,"3,555,177"
1/31/2025,398.4,408.1,397.35,398.07,"3,126,181"
1/30/2025,399.73,403.08,390.85,396.87,"2,785,193"
1/29/2025,404.35,404.35,390.22,397.07,"4,279,542"
1/28/2025,372.67,411.3,372.57,408.68,"8,247,214"
1/27/2025,366.5,382.45,359.66,373.75,"3,783,451"
1/24/2025,378.3,384.3,373.67,374.92,"2,281,670"
1/23/2025,376.81,377.95,371.84,377.7,"2,378,997"
1/22/2025,368.76,381.49,363,377.98,"3,608,945"
1/21/2025,360.87,370,358.3,366.41,"2,686,011"
1/17/2025,370.14,370.95,349.55,357,"4,869,940"
1/16/2025,366.26,369.02,360.66,363.38,"2,444,894"
1/15/2025,355,365.27,352.96,362.02,"2,882,115"
1/14/2025,345,351.97,343.25,348.04,"2,535,250"
1/13/2025,342.87,345.17,335.55,341.46,"3,337,895"
1/10/2025,354.91,354.91,343.99,348.84,"2,831,718"
1/8/2025,356.19,365.07,351.31,358.72,"2,549,795"
1/7/2025,366.06,370.37,354.13,359.93,"2,646,820"
1/6/2025,362.5,368.39,356.03,366.36,"2,899,168"
1/3/2025,349.23,359.69,348,359.02,"2,663,914"
1/2/2025,346.52,350.5,341.04,347.34,"2,716,738"
12/31/2024,351.86,351.86,339.72,342.16,"2,237,245"
12/30/2024,347.61,352.88,344.34,349.31,"2,465,392"
12/27/2024,361.15,361.92,349.85,354.99,"3,345,360"
12/26/2024,365.75,366.64,361.94,365.08,"1,232,424"
12/24/2024,361.07,366,359.26,365.79,"1,289,659"
12/23/2024,358.49,365.73,354.23,361.5,"2,752,298"
12/20/2024,347,365.44,345.05,362.29,"5,221,067"
12/19/2024,364.93,365,349.75,351.03,"4,375,857"
12/18/2024,376.42,379.18,345.47,349.18,"4,824,419"
12/17/2024,386.75,388,373.24,376.42,"3,889,972"
12/16/2024,368.76,389,364.89,388.2,"5,181,794"
12/13/2024,366,370.29,361.52,368.02,"3,119,049"
12/12/2024,360.47,365.84,357.55,365.5,"2,189,780"
12/11/2024,348.19,364.9,348.19,362.97,"3,528,865"
12/10/2024,353.6,357.26,344.6,346.78,"2,419,344"
12/9/2024,365.65,366.59,351.77,353.6,"2,852,556"
12/6/2024,364,371.27,360.99,365.65,"3,238,116"
12/5/2024,361.2,366.25,358.6,364.84,"3,191,231"
12/4/2024,353.1,366.44,348.5,364.16,"5,063,900"
12/3/2024,345,351.95,343.4,349.95,"3,581,893"
12/2/2024,344.9,354.34,336.56,346.8,"5,465,262"
11/29/2024,349.5,350.16,344.72,345.97,"2,425,516"
11/27/2024,359.22,359.22,340.52,347.59,"10,807,689"
11/26/2024,363,367.35,359.25,364.3,"6,951,313"
11/25/2024,375,377.42,360.78,363.68,"5,022,833"
11/22/2024,359.68,372.56,357.95,372.26,"3,442,549"
11/21/2024,354.5,362.4,351.5,357.55,"4,553,885"
11/20/2024,357.31,357.31,344.47,350.15,"2,499,882"
11/19/2024,341.54,354.34,338.53,353.29,"3,169,518"
11/18/2024,339.97,347.3,336.75,342.97,"2,386,916"
11/15/2024,340.4,343.01,332.75,336.75,"3,460,547"
11/14/2024,347.89,351.09,343.53,344.36,"2,582,053"
11/13/2024,345.6,359.45,344.09,347.88,"4,745,735"
11/12/2024,339.81,343.89,336.53,343.5,"3,183,733"
11/11/2024,334,342.79,331.88,342.42,"3,345,408"
11/8/2024,330.55,333.15,323.24,330.03,"2,845,710"
11/7/2024,322.5,333.22,320.45,330.78,"3,575,191"
11/6/2024,317.17,324.66,316.75,320,"4,227,701"
11/5/2024,300,308.89,298.62,307.58,"2,259,972"
11/4/2024,300.52,302.93,295.08,298.88,"2,321,877"
11/1/2024,296.79,304.38,295.71,303.13,"2,975,940"
10/31/2024,306.12,307.41,294.68,296.87,"3,475,702"
10/30/2024,311.5,315.48,307.14,307.45,"2,083,756"
10/29/2024,303.24,313.15,300.4,310.94,"3,454,798"
10/28/2024,301.15,305,295.31,301.32,"3,464,812"
10/25/2024,305.22,311.35,295.13,300.62,"6,045,774"
10/24/2024,302.11,305.91,301,304.47,"1,980,863"
10/23/2024,307.14,308.07,298.32,299.3,"3,102,929"
10/22/2024,309,311.56,304.26,308.51,"2,259,224"
10/21/2024,309.66,317,308.11,309.55,"3,293,498"
10/18/2024,310.34,313.88,306.81,310.15,"2,897,118"
10/17/2024,310,313.74,306.24,310.34,"3,078,372"
10/16/2024,303.85,307.21,299.27,306.24,"2,889,214"
10/15/2024,309.55,310.52,300.69,302.31,"3,765,376"
10/14/2024,321.57,323.94,309.6,310.52,"4,474,222"
10/11/2024,314.92,322.59,313,320.21,"4,606,840"
10/10/2024,297.72,315.53,297,314.92,"7,859,939"
10/9/2024,293.74,298.77,292.5,298.34,"2,534,356"
10/8/2024,287.88,295.25,286.78,293.01,"2,886,340"
10/7/2024,291,293,285.79,286.97,"2,314,277"
10/4/2024,288.16,292.56,283.8,292.24,"3,121,193"
10/3/2024,279,286.9,278.56,283.75,"3,336,433"
10/2/2024,274.89,282.15,274.86,280.24,"2,592,597"
10/1/2024,282.26,282.97,272.67,275.15,"3,122,617"
9/30/2024,284,285.41,278.2,280.47,"2,857,467"
9/27/2024,283.8,286.45,281.15,285.86,"2,896,384"
9/26/2024,291.25,292.38,277.88,281.48,"4,532,124"
9/25/2024,290,291.73,285.54,286.47,"2,953,459"
9/24/2024,294.89,295.4,285.28,288.54,"4,110,711"
9/23/2024,297.78,302.16,292.57,293.14,"5,519,314"
9/20/2024,284.13,300.45,283.88,299.85,"17,875,087"
9/19/2024,276,283.99,273.75,277.38,"6,219,013"
9/18/2024,269.49,272.02,263.45,267.12,"3,178,616"
9/17/2024,270.2,272.4,267.32,268.72,"2,775,360"
9/16/2024,260.77,270.05,259.35,267.81,"3,698,598"
9/13/2024,257,261.58,256,259.13,"2,133,928"
9/12/2024,255.68,258.38,252.48,257.1,"2,650,377"
9/11/2024,247.73,254.58,242.25,253.53,"2,666,064"
9/10/2024,248.75,250.33,243.55,247.74,"2,199,249"
9/9/2024,249.12,249.5,244.17,246.58,"3,198,183"
9/6/2024,255.8,257.4,244.49,246.39,"4,320,084"
9/5/2024,255.4,259,252.67,256.43,"3,928,010"
9/4/2024,260.44,267.2,258.41,259.32,"4,372,151"
9/3/2024,275.78,277.51,265.29,266.6,"5,503,169"
8/30/2024,277.78,284.11,273.35,277.28,"6,616,984"
8/29/2024,262.01,285.73,261.33,271.67,"13,100,246"
8/28/2024,269.8,270.72,261.48,264.2,"7,072,615"
8/27/2024,261.81,270.43,260.75,269.83,"3,686,884"
8/26/2024,271.06,271.74,265.27,265.87,"3,558,430"
8/23/2024,270.1,273.6,266.81,271.54,"3,248,578"
8/22/2024,275.24,278.5,267.23,267.64,"4,420,682"
8/21/2024,267.01,274.42,265.64,273.21,"5,258,378"
8/20/2024,269.36,270.12,264.4,266.53,"3,876,506"
8/19/2024,264,270.98,262.6,266.78,"5,466,582"
8/16/2024,260.44,262.64,257.85,262.54,"3,495,619"
8/15/2024,260.25,263.65,257.52,260.49,"5,898,052"
8/14/2024,250,258.96,249.26,256.22,"5,713,851"
8/13/2024,242,248.97,240.01,248.11,"5,126,822"
8/12/2024,242,242.87,235.6,239.34,"3,729,356"
8/9/2024,242.18,246.01,238.8,240.9,"5,938,890"
8/8/2024,233.88,242.04,229.72,240.52,"6,675,030"
8/7/2024,238.37,243.5,230.1,230.67,"9,349,020"
8/6/2024,230.19,235.24,221.56,231.69,"10,613,352"
8/5/2024,201.54,224.12,200.81,222.05,"10,942,170"
8/2/2024,217.15,221.48,211.14,217.89,"8,978,108"
8/1/2024,232,232.2,221.66,224.22,"9,914,249"
7/31/2024,234.67,236.91,228.21,231.96,"11,980,416"
7/30/2024,247.55,248.33,226.22,233.65,"25,824,890"
7/29/2024,259.51,265.5,257.45,258.81,"11,792,161"
7/26/2024,259.95,260.54,251.26,256.16,"9,584,374"
7/25/2024,258.39,262.79,250.22,254.15,"10,511,407"
7/24/2024,270,275.44,257.36,258.14,"14,736,257"
7/23/2024,269.02,277,258.77,268.88,"33,583,140"
7/22/2024,285.01,285.01,261.59,263.91,"49,567,460"
7/19/2024,294.51,316.75,290.1,304.96,"42,145,705"
7/18/2024,351.74,352.2,336.34,343.05,"4,552,844"
7/17/2024,360,363.6,350.72,354.94,"3,498,744"
7/16/2024,378.24,379.34,368.5,369.05,"2,606,326"
7/15/2024,371.67,383.57,364.21,377.37,"3,522,353"
7/12/2024,368.2,374.49,367.76,371.32,"2,609,680"
7/11/2024,375.69,379.78,367.5,370.43,"3,125,545"
7/10/2024,385,385.02,365.59,374.45,"5,826,675"
7/9/2024,392.51,398.33,383.2,385.88,"2,973,776"
7/8/2024,390.37,397.12,379.79,390.71,"2,976,524"
7/5/2024,387.87,391.47,385.31,389.68,"1,908,993"
7/3/2024,384.25,390.08,382.38,387.18,"1,456,774"
7/2/2024,382.27,387.17,381.47,385.05,"3,242,721"
7/1/2024,385.28,392.74,377.92,392.15,"2,880,233"
6/28/2024,389.33,393.29,381.78,383.19,"8,480,459"
6/27/2024,381,391.54,379.94,387.29,"3,666,301"
6/26/2024,385.59,387.51,379.75,380.37,"2,952,106"
6/25/2024,379.75,387.81,379.55,386.76,"3,203,103"
6/24/2024,375.1,381.76,374,377.93,"5,400,883"
6/21/2024,380.63,381,370.7,380.63,"54,077,448"
6/20/2024,390.26,393.25,379.2,382.14,"5,848,018"
6/18/2024,390,393.29,386.66,389.51,"4,092,806"
6/17/2024,382.75,394.64,376.55,390.43,"4,853,082"
6/14/2024,382,388.35,381.15,385.44,"3,415,030"
6/13/2024,387.85,389.89,380.94,382.81,"3,969,535"
6/12/2024,390.25,390.71,378.87,387.37,"5,827,847"
6/11/2024,372.86,385,370.14,384.63,"7,011,687"
6/10/2024,367.1,384.98,367.1,374.57,"15,610,506"
6/7/2024,343,349.92,337.13,349.12,"5,096,773"
6/6/2024,342.93,349.34,336.19,340.49,"4,683,531"
6/5/2024,334.61,342.59,316.39,342.18,"16,035,592"
6/4/2024,310,312.38,303.51,305.58,"8,475,423"
6/3/2024,319.37,319.48,305.11,308.69,"4,364,745"
5/31/2024,329.76,329.77,306.5,313.67,"5,401,839"
5/30/2024,346.15,346.63,314.13,315.92,"6,159,415"
5/29/2024,342.01,353.54,341.96,349.52,"2,638,946"
5/28/2024,358.64,358.84,343.11,346.82,"3,235,348"
5/24/2024,342.67,355.75,340.81,351.47,"2,669,970"
5/23/2024,350,350.41,341.28,342.35,"1,835,951"
5/22/2024,350,352.94,342.86,345.42,"1,907,478"
5/21/2024,343.06,351.65,340.52,349.32,"2,099,274"
5/20/2024,346,349.59,344.65,348.75,"2,174,968"
5/17/2024,340,346.28,338.71,345.93,"2,044,947"
5/16/2024,343,344.08,338.83,339.06,"2,074,703"
5/15/2024,333.21,344.37,330.93,343.12,"3,143,212"
5/14/2024,319.19,330.79,319.18,329.55,"2,948,664"
5/13/2024,325,325,316.63,319.18,"1,894,395"
5/10/2024,320,327.5,318.39,320.76,"2,657,401"
5/9/2024,313.03,318.25,309.38,317.94,"2,158,362"
5/8/2024,311.88,319.23,308.57,313.76,"2,073,120"
5/7/2024,315.71,321.52,311.65,312.55,"3,199,029"
5/6/2024,307.38,317.9,304.3,317.81,"2,903,513"
5/3/2024,304.76,311.55,300,310.21,"4,080,846"
5/2/2024,303.76,307.94,298.04,303.54,"3,920,475"
5/1/2024,290.44,302.5,288.55,295.44,"2,090,781"
4/30/2024,302,303.07,292.33,292.54,"1,930,198"
4/29/2024,312.57,313.86,302.05,304.04,"1,899,630"
4/26/2024,300.34,305.78,298.27,304.07,"2,007,839"
4/25/2024,289.56,299.85,287.91,298.02,"2,022,144"
4/24/2024,303.6,304.82,294.74,297.62,"1,656,152"
4/23/2024,292.21,302.81,292.17,299.65,"2,593,003"
4/22/2024,285.74,291.29,281.4,289.15,"2,483,448"
4/19/2024,291.95,292.73,280.88,282.64,"3,116,556"
4/18/2024,293,297.5,290.18,294.1,"2,099,979"
4/17/2024,304,304.8,291.71,293.69,"2,290,287"
4/16/2024,297.55,301.65,296.8,299.15,"1,828,324"
4/15/2024,310.03,312,298.39,299.5,"2,571,642"
4/12/2024,313.89,314.87,307,309.05,"2,176,260"
4/11/2024,313.54,317.91,310.14,317.8,"1,868,982"
4/10/2024,305.99,315.08,305.34,312.53,"1,938,959"
4/9/2024,314.99,316,308.63,310.77,"1,864,730"
4/8/2024,316.18,316.64,309.5,313.73,"1,457,306"
4/5/2024,309.72,317.5,309.33,315.5,"1,769,268"
4/4/2024,324.3,325.99,308.88,309.19,"2,667,043"
4/3/2024,316.57,323.55,314.48,320.04,"2,013,428"
4/2/2024,312.92,319.71,310.96,319.55,"2,125,298"
4/1/2024,321,321.99,313.72,319.59,"1,830,941"
3/28/2024,322.42,327.65,319.94,320.59,"2,253,051"
3/27/2024,333.34,333.84,317.56,322.25,"3,175,619"
3/26/2024,326,332.5,323.86,330.01,"2,417,720"
3/25/2024,326,329.25,321,324.76,"1,695,203"
3/22/2024,327.73,328.39,319.55,327.58,"2,601,709"
3/21/2024,325.89,333.23,322.05,329.46,"3,253,370"
3/20/2024,321,328.47,318.06,326.87,"2,528,767"
3/19/2024,318.15,321.48,310.22,320.86,"2,933,639"
3/18/2024,319.03,322.37,315.9,321.06,"2,736,585"
3/15/2024,325.58,327.39,315.6,315.65,"4,483,098"
3/14/2024,333,337.78,325.48,328.59,"2,776,837"
3/13/2024,329.73,334.83,325.5,332.17,"2,730,946"
3/12/2024,318.61,333.81,317.37,329.27,"4,156,542"
3/11/2024,319.15,323.5,316,317.37,"3,292,004"
3/8/2024,331,341.74,322.41,322.85,"6,021,347"
3/7/2024,329.75,331.85,315.21,329.68,"9,729,496"
3/6/2024,360.05,365,324.01,329.57,"23,050,855"
3/5/2024,307.53,308.5,289.8,297.56,"13,249,337"
3/4/2024,317.33,317.99,311.29,313.81,"4,796,556"
3/1/2024,319.25,319.72,309.12,314.6,"5,837,437"
2/29/2024,324.91,328.98,321.07,324.15,"3,812,125"
2/28/2024,318.86,321.69,314.55,320.94,"2,072,571"
2/27/2024,323.4,329.09,320.71,321.21,"2,790,368"
2/26/2024,313.16,323.31,309.49,321.03,"3,884,946"
2/23/2024,313.78,317,308.58,311.49,"2,965,240"
2/22/2024,304.93,313.66,297,310.91,"4,797,892"
2/21/2024,283.03,294.6,273.16,292.36,"9,067,401"
2/20/2024,327,327,315.07,323.71,"4,136,727"
2/16/2024,331.79,332.37,325.13,329.24,"2,123,905"
2/15/2024,337.5,338.45,327.11,331.38,"2,919,881"
2/14/2024,327.76,334.9,326.56,334.55,"2,394,933"
2/13/2024,307.54,326.34,302,322.44,"4,531,372"
2/12/2024,329.7,330.67,320.63,321.29,"3,414,141"
2/9/2024,330,336.99,326.43,329.34,"3,870,002"
2/8/2024,316.71,323.93,314.03,323.04,"2,531,147"
2/7/2024,307.73,321.07,306.71,317.78,"4,017,353"
2/6/2024,305.37,307.77,295.31,302.11,"2,087,639"
2/5/2024,305,307.77,295.57,302.49,"2,481,279"
2/2/2024,299.75,305.21,296.71,303.57,"2,374,546"
2/1/2024,296.14,299.9,294.17,299.37,"1,853,575"
1/31/2024,298,300.12,290.89,292.5,"2,494,130"
1/30/2024,301,302.62,298.4,301.35,"2,147,356"
1/29/2024,294,300.7,293.75,300.67,"3,131,456"
1/26/2024,290.49,293.75,286.75,290.31,"2,811,484"
1/25/2024,305.61,306.3,290.79,293.46,"4,332,878"
1/24/2024,300.58,307.55,298.54,300.28,"4,454,182"
1/23/2024,298.17,299.7,291.71,297.27,"2,989,274"
1/22/2024,300.48,302,295.37,298.66,"4,229,365"
1/19/2024,285,290.85,283.8,290.54,"3,011,195"
1/18/2024,281.67,284.46,279.17,283.11,"2,705,868"
1/17/2024,279.54,283.23,272.8,276.27,"4,419,699"
1/16/2024,279.39,287.2,279.06,286.29,"2,690,815"
1/12/2024,287,290.33,282.51,283.35,"2,534,430"
1/11/2024,284,287.76,280.35,284.52,"3,460,716"
1/10/2024,274.87,282.32,274.87,282.04,"4,673,987"
1/9/2024,265.7,276.56,264.99,273.77,"6,066,917"
1/8/2024,251.9,261.64,251.56,261.28,"4,009,166"
1/5/2024,245,249.48,244.65,247.46,"2,407,480"
1/4/2024,246,247.61,243.64,245.65,"2,102,955"
1/3/2024,240.32,248.83,238.61,244.36,"3,157,582"
1/2/2024,251.47,252.29,243.03,246.89,"3,756,799"
12/29/2023,255.83,257.18,251.88,255.32,"1,858,884"
12/28/2023,257.41,257.42,255.11,256.13,"1,025,554"
12/27/2023,258.27,259.54,255.73,257.32,"1,553,039"
12/26/2023,254.83,258.24,253.58,257.87,"1,814,413"
12/22/2023,256.97,256.97,253.76,255.63,"1,801,749"
12/21/2023,254.25,257.71,250.61,257.32,"3,178,049"
12/20/2023,255.9,259.57,253.63,253.95,"2,247,840"
12/19/2023,260.12,260.77,256.24,258.33,"2,783,007"
12/18/2023,260.17,261.81,257.34,259.8,"2,846,824"
12/15/2023,256.6,260.77,254.02,260.08,"6,019,699"
12/14/2023,253.83,257.37,247.87,252.68,"3,820,103"
12/13/2023,249.75,253.3,247.18,252.04,"2,648,336"
12/12/2023,244.64,250.29,243.27,248.55,"2,977,207"
12/11/2023,242.63,249.28,241.39,246.97,"2,774,097"
12/8/2023,238.34,243.49,237.63,242.55,"1,886,724"
12/7/2023,239.63,240.71,234.24,240.17,"2,477,477"
12/6/2023,240,244.64,237.79,239.42,"3,759,732"
12/5/2023,233.96,239.07,233.33,238.97,"2,576,448"
12/4/2023,234.08,237.85,230.91,237.39,"3,448,465"
12/1/2023,235.72,236.65,229.8,235.03,"3,868,949"
11/30/2023,231.19,238.48,229.19,236.99,"7,425,790"
11/29/2023,220,235.63,218.83,234.44,"12,996,503"
11/28/2023,208.93,214.71,207.22,212.35,"7,147,641"
11/27/2023,209.62,213.14,207.57,210.07,"4,012,493"
11/24/2023,208.86,212.86,207.68,210.66,"1,657,994"
11/22/2023,209.9,210.65,206.55,209.61,"2,200,687"
11/21/2023,207.74,209.32,205.85,208.98,"2,277,088"
11/20/2023,208,209.03,206.07,207.73,"2,231,145"
11/17/2023,204.27,207.91,203.04,207.09,"1,858,885"
11/16/2023,200.33,207.11,198.86,204.27,"3,013,460"
11/15/2023,208.71,210.09,202.67,204.29,"3,693,483"
11/14/2023,205,209.07,203.5,207.97,"3,736,547"
11/13/2023,198,201.55,197.17,200.96,"3,085,865"
11/10/2023,192.37,196.95,190.2,196.31,"2,043,173"
11/9/2023,193.44,194.18,189.12,190.76,"2,459,143"
11/8/2023,192.52,194.78,191.21,193.83,"1,717,626"
11/7/2023,191.15,194.83,189.45,192.36,"3,065,838"
11/6/2023,188.98,189.5,183.6,186.78,"1,936,626"
11/3/2023,182.67,188.74,178.35,188.24,"3,262,990"
11/2/2023,180.89,184.67,179.71,182.8,"3,352,155"
11/1/2023,178.12,179.63,174.81,178.35,"2,074,748"
10/31/2023,175.17,177.59,172.58,176.77,"1,650,975"
10/30/2023,174.6,175.73,171.68,174.61,"1,669,434"
10/27/2023,174.22,175.7,171.22,172.82,"1,795,144"
10/26/2023,176.12,178.45,170.17,171.64,"2,515,041"
10/25/2023,181.19,181.98,175.12,175.38,"2,050,171"
10/24/2023,181,184.16,179.05,182.82,"1,825,915"
10/23/2023,176,181.17,173.29,179.08,"2,534,185"
10/20/2023,183,183.6,176.3,178.76,"3,839,752"
10/19/2023,191.75,191.99,183.96,184.52,"3,518,067"
10/18/2023,186.22,189.38,185.97,187.79,"2,173,355"
10/17/2023,185.99,190.28,185.2,187.14,"3,176,246"
10/16/2023,185.53,189.58,183.35,187.67,"2,540,369"
10/13/2023,187.56,189.33,185.39,185.72,"2,691,530"
10/12/2023,188.22,190.36,184.88,187.56,"3,084,521"
10/11/2023,183.85,188.66,183.3,188.22,"3,552,598"
10/10/2023,181.52,185.2,180.76,183.85,"3,556,163"
10/9/2023,176.5,185.25,176.1,181.82,"6,683,515"
10/6/2023,163.51,176.94,163,176.69,"6,897,002"
10/5/2023,164.07,166.11,160.92,165.29,"2,409,827"
10/4/2023,163.62,165.05,162.19,164.05,"1,985,702"
10/3/2023,167.31,169,160.86,162.03,"3,254,068"
10/2/2023,168,172.01,167.07,169.54,"2,763,023"
9/29/2023,167.53,169.52,166.97,167.38,"2,599,706"
9/28/2023,162.29,166.14,161.43,165.25,"1,815,873"
9/27/2023,161.03,164.69,160.67,163.04,"2,631,115"
9/26/2023,158.11,161,157.59,160.48,"2,414,117"
9/25/2023,161.9,162,159.25,159.92,"2,176,714"
9/22/2023,162.64,166.59,162.01,162.57,"3,134,734"
9/21/2023,168.19,171,159.36,162.53,"6,792,058"
9/20/2023,165.5,168.57,163.88,163.89,"2,780,058"
9/19/2023,166.95,167.62,162.89,165.5,"2,350,385"
9/18/2023,164.98,168.6,164,166.97,"2,445,347"
9/15/2023,166.12,168.21,163.44,165.45,"4,727,597"
9/14/2023,169.35,171.8,168.57,170.73,"2,083,417"
9/13/2023,169.52,170.78,168.33,168.47,"1,705,476"
9/12/2023,170.44,172.35,168.28,169.68,"2,110,036"
9/11/2023,169.5,172.64,168.67,172.29,"2,967,682"
9/8/2023,166.48,169.23,166,168.09,"2,692,752"
9/7/2023,164.4,167.95,163.2,166.64,"3,000,899"
9/6/2023,164.99,168.23,164.05,166.23,"4,268,642"
9/5/2023,161.03,165.59,160.1,165.43,"3,288,211"
9/1/2023,163.12,166.25,160.31,161.23,"4,232,540"
8/31/2023,154.11,164.41,153.58,163.03,"13,727,057"
8/30/2023,147,150.17,145.38,149.18,"6,193,878"
8/29/2023,142.93,148.41,141.97,146.7,"3,620,242"
8/28/2023,146.02,147.99,142.36,144.03,"5,794,021"
8/25/2023,146,150.44,144.7,149.58,"2,839,146"
8/24/2023,155.55,155.55,145.29,145.45,"3,354,335"
8/23/2023,153.48,155.44,151.57,153.81,"1,918,461"
8/22/2023,154.34,155,151.61,152.33,"1,708,017"
8/21/2023,150.76,155.12,150.51,153.9,"4,245,795"
8/18/2023,141.66,147.3,140.52,146.8,"3,196,665"
8/17/2023,149,149,143.91,144.38,"3,359,037"
8/16/2023,149,151.34,147.76,149,"1,876,190"
8/15/2023,150.52,151.68,149.06,149.63,"1,964,771"
8/14/2023,147.35,152.55,146.58,152.37,"2,230,204"
8/11/2023,147.22,150.08,146.86,148.22,"2,046,137"
8/10/2023,147.35,150.99,146.63,147.86,"2,349,775"
8/9/2023,145.11,147.11,144.25,145.46,"2,495,232"
8/8/2023,147.17,147.71,142.89,145.88,"4,283,560"
8/7/2023,151.26,152.05,147.8,150.97,"2,329,844"
8/4/2023,155.23,155.99,148.63,150.49,"4,469,069"
8/3/2023,154,158.5,153.23,157.55,"2,468,049"
8/2/2023,161.51,161.6,152.56,154.73,"4,611,939"
8/1/2023,161,166.99,159.02,165.96,"4,028,081"
7/31/2023,157.89,163.41,157.66,161.66,"3,918,481"
7/28/2023,155.5,157.04,153.5,155.6,"2,004,120"
7/27/2023,156.95,158.08,152.2,152.85,"2,671,013"
7/26/2023,150.28,154.95,148.45,154.63,"2,798,647"
7/25/2023,150.62,153.41,150.54,150.94,"2,246,209"
7/24/2023,150.97,151.79,147.15,149.74,"2,748,113"
7/21/2023,149.93,152.38,148.88,150.9,"5,951,270"
7/20/2023,154.93,156.14,147.5,148.07,"4,791,865"
7/19/2023,155,161.5,154.9,157.61,"4,787,512"
7/18/2023,153,154.23,150.74,152.95,"2,411,880"
7/17/2023,149.07,155.56,148.43,152.73,"3,687,602"
7/14/2023,150.45,152.24,148.93,149.4,"2,659,854"
7/13/2023,147.98,153.54,147.53,150.75,"4,044,674"
7/12/2023,153.19,153.93,144.34,146.13,"4,597,254"
7/11/2023,150.75,152.74,149.27,150.79,"3,520,695"
7/10/2023,143.8,149.98,143.5,149.95,"3,451,914"
7/7/2023,143.51,146.8,143.48,144.05,"2,285,033"
7/6/2023,142.75,143.72,139.37,143.61,"3,792,197"
7/5/2023,145.56,147.27,144.88,145.08,"3,179,087"
7/3/2023,147.18,147.55,145.01,145.96,"1,386,363"
6/30/2023,145.09,149.32,144.87,146.87,"3,092,674"
6/29/2023,145.77,146.49,143.17,143.99,"2,450,137"
6/28/2023,143.89,146.02,142.44,145.09,"2,374,791"
6/27/2023,142.49,145.07,142.07,144.28,"2,563,136"
6/26/2023,143.04,145.18,141.35,141.81,"2,186,097"
6/23/2023,143.43,144.95,142.21,143.65,"2,920,373"
6/22/2023,142.56,146.94,141.5,145.8,"3,309,409"
6/21/2023,150.58,151.38,143.27,143.85,"6,245,191"
6/20/2023,152.6,155.72,150.26,152.08,"3,596,370"
6/16/2023,162.1,162.25,154.81,155.14,"6,351,885"
6/15/2023,153.23,161.19,152.22,159.81,"7,568,016"
6/14/2023,153.15,154,150.68,153.96,"2,673,665"
6/13/2023,153.06,154.27,150.57,153.11,"3,145,762"
6/12/2023,150.24,151.86,148.91,151.11,"2,448,284"
6/9/2023,153.53,153.83,146.84,149.53,"3,550,834"
6/8/2023,149.12,151.69,148.51,151.3,"2,277,444"
6/7/2023,154.75,155.9,148.4,149.23,"3,492,053"
6/6/2023,153.78,155.77,152.4,153.04,"2,894,412"
6/5/2023,151.05,154.76,148.24,154.08,"4,680,735"
6/2/2023,158.66,159.4,150.53,151.32,"7,988,758"
6/1/2023,146.72,159.79,142.5,157.55,"15,842,126"
5/31/2023,158.83,161.8,157.01,160.13,"10,277,616"
5/30/2023,159.54,160.78,154.91,158.59,"6,715,672"
5/26/2023,150.29,158.18,150,154.12,"5,657,651"
5/25/2023,150.65,151.13,147.19,149.61,"3,556,411"
5/24/2023,144.05,149.48,143.15,149.2,"4,865,750"
5/23/2023,146.11,148.63,143.79,143.9,"3,223,133"
5/22/2023,144.26,148.56,143.82,147.41,"3,433,385"
5/19/2023,142.74,148.34,142.39,144.72,"6,041,022"
5/18/2023,137.44,141.96,137.23,141.85,"3,952,057"
5/17/2023,134.84,139.09,133.61,137.23,"3,147,565"
5/16/2023,134,135.61,133.3,134.01,"1,964,607"
5/15/2023,130.89,135.92,130.41,135.55,"3,140,564"
5/12/2023,132.76,132.94,129.25,130.23,"2,026,403"
5/11/2023,134.4,134.81,131.27,132.15,"2,557,825"
5/10/2023,132.35,135.96,131.03,133.8,"3,995,550"
5/9/2023,132.41,134.17,129.16,129.94,"3,390,239"
5/8/2023,126,132.88,125.4,132.41,"6,057,706"
5/5/2023,119.23,123.23,119.02,122.45,"2,997,657"
5/4/2023,118.39,120.16,117.45,117.88,"2,130,162"
5/3/2023,116.46,119.03,115.67,117.67,"1,908,617"
5/2/2023,118.9,119.15,116.04,116.74,"3,077,364"
5/1/2023,118.56,119.94,116.89,118.79,"3,724,399"
4/28/2023,123.2,123.97,119.42,120.05,"5,187,403"
4/27/2023,125.19,127.5,123.56,126.05,"3,097,343"
4/26/2023,123.82,125.92,122.87,124.12,"2,706,698"
4/25/2023,128.19,128.47,121.81,122.15,"6,106,610"
4/24/2023,132.5,133.73,129.02,130.4,"2,056,521"
4/21/2023,130.58,132.74,130.15,132.25,"1,937,571"
4/20/2023,131.03,131.92,129.07,129.89,"2,445,795"
4/19/2023,135,135.69,132.01,132.83,"2,859,164"
4/18/2023,139.05,139.89,136.12,136.38,"1,926,935"
4/17/2023,136.66,137.95,134.64,137.37,"2,346,490"
4/14/2023,134.45,136.7,133.86,135.77,"2,912,461"
4/13/2023,136.61,140.21,135.72,136.1,"4,748,385"
4/12/2023,132.5,137.16,131.16,135,"5,517,812"
4/11/2023,127.54,131.72,127.27,129.86,"4,014,664"
4/10/2023,126.72,128.18,124.55,128.1,"2,673,562"
4/6/2023,126,128.14,123.7,127.82,"3,989,171"
4/5/2023,135.37,135.61,125.7,127.8,"7,795,773"
4/4/2023,137.5,138.67,135.73,136.86,"3,045,815"
4/3/2023,135.5,137.59,134.17,136.55,"2,787,999"
3/31/2023,132.52,138.24,132.11,137.26,"4,528,396"
3/30/2023,131.13,133.5,129.95,131.72,"3,425,837"
3/29/2023,131.08,131.4,128.68,129.6,"2,695,834"
3/28/2023,131,131.64,127.56,128.64,"2,694,513"
3/27/2023,131.92,133.24,130.29,131.39,"2,562,912"
3/24/2023,134.4,135,130.79,131.54,"2,702,211"
3/23/2023,135.96,138.33,133.13,134.54,"3,210,798"
3/22/2023,135.7,137.88,133.25,133.26,"3,739,131"
3/21/2023,131.75,136.9,131.27,136.02,"4,738,048"
3/20/2023,132.31,133.29,130.22,132.74,"4,245,748"
3/17/2023,133.75,136.47,131.86,133.12,"5,728,869"
3/16/2023,130.3,134.09,129.55,133.52,"6,949,971"
3/15/2023,126.56,130.19,126.53,129.32,"6,123,670"
3/14/2023,124.88,128.16,122.87,128.01,"6,557,273"
3/13/2023,119.11,123.6,118.23,121.41,"6,261,745"
3/10/2023,119.88,124.51,118.15,119.72,"8,049,462"
3/9/2023,128.11,130.09,121.52,121.68,"8,030,639"
3/8/2023,132.88,134.96,125,128.92,"24,696,867"
3/7/2023,127,128.6,124.51,124.93,"9,777,387"
3/6/2023,130,130.19,127.32,127.59,"7,582,899"
3/3/2023,123.3,127.12,121.7,126.04,"4,878,274"
3/2/2023,119,123.93,118.71,123.64,"3,856,317"
3/1/2023,120.23,121.05,118.61,120.21,"2,768,325"
2/28/2023,120.2,122.68,120.09,120.69,"3,503,758"
2/27/2023,118.64,123.24,118.3,120.65,"5,501,851"
2/24/2023,115.78,118.8,115.3,117.28,"4,800,550"
2/23/2023,119.69,120.55,114.84,117.44,"5,061,098"
2/22/2023,114.42,118.31,113.12,117.63,"5,260,071"
2/21/2023,112.02,114.75,111.51,112.43,"3,620,780"
2/17/2023,113.93,114.29,110.46,114.25,"3,713,336"
2/16/2023,117.86,118.73,115.06,115.12,"4,219,132"
2/15/2023,116.71,120.56,115.25,120.52,"4,204,239"
2/14/2023,111.94,116.66,110.41,116.31,"3,931,013"
2/13/2023,110.23,113.29,108.65,112.17,"2,670,699"
2/10/2023,111.9,112.62,107.6,108.96,"3,461,473"
2/9/2023,117.04,117.79,113.12,113.42,"3,640,862"
2/8/2023,118.33,119.19,114.39,114.48,"5,212,138"
2/7/2023,109.74,115.08,107.76,114.59,"4,115,321"
2/6/2023,111.39,115.12,108.83,109.42,"3,864,683"
2/3/2023,112.46,117.41,112.22,113.56,"4,019,142"
2/2/2023,117.59,117.59,113.91,115.93,"7,125,794"
2/1/2023,105.9,111.64,105.1,110.5,"5,393,738"
1/31/2023,101,105.92,100.74,105.9,"4,648,306"
1/30/2023,102.98,103.58,100.88,101.37,"5,268,055"
1/27/2023,103.61,105.84,102.52,104.35,"6,095,694"
1/26/2023,102.63,104.55,100.88,104.47,"6,069,525"
1/25/2023,101.72,101.94,97.26,100.82,"7,646,209"
1/24/2023,107.16,109.01,104.14,104.6,"5,082,244"
1/23/2023,102.07,106.35,102,106.3,"3,653,794"
1/20/2023,100.32,103.76,99.57,103.41,"4,134,712"
1/19/2023,99.31,101.79,98.2,99.85,"4,737,507"
1/18/2023,106.67,107.4,100.9,101,"5,224,142"
1/17/2023,100.4,105.76,98.13,104.43,"6,653,512"
1/13/2023,96.43,99.93,96.13,99.53,"4,210,330"
1/12/2023,97.06,98.05,92.71,97.98,"4,804,784"
1/11/2023,96.92,98.5,94.88,97,"5,250,130"
1/10/2023,94.72,96.03,92.25,95.67,"7,705,015"
1/9/2023,97.04,99.8,95.8,96.57,"6,431,684"
1/6/2023,94.39,95.96,92.26,94.72,"6,772,282"
1/5/2023,98,98.01,94.52,94.89,"10,001,697"
1/4/2023,104.77,106.89,102.54,104.37,"3,038,204"
1/3/2023,107.5,108.46,101.72,103.28,"3,447,539"
12/30/2022,103.5,106.19,102.99,105.29,"3,148,924"
12/29/2022,101.43,105.51,100.47,104.57,"3,142,797"
12/28/2022,99.6,101.68,98.7,99.96,"3,532,035"
12/27/2022,101.07,102.32,99.31,100.66,"3,101,923"
12/23/2022,103,103.28,100.95,101.99,"3,325,218"
12/22/2022,104.75,105.67,101.87,103.97,"4,380,729"
12/21/2022,108.84,109.12,104.35,107.35,"6,792,674"
12/20/2022,107.05,110.48,106.03,109.83,"3,453,829"
12/19/2022,110.82,111.29,107.58,108.09,"4,213,994"
12/16/2022,114,114.92,110.76,111.5,"5,041,863"
12/15/2022,118.9,121.09,114.67,114.99,"3,244,304"
12/14/2022,121,123.8,118.8,120.57,"3,936,009"
12/13/2022,124.23,125.52,118.43,120.99,"4,455,119"
12/12/2022,114.76,118.58,114.4,118.54,"3,034,616"
12/9/2022,113.76,117,112.95,115.08,"3,014,617"
12/8/2022,113.53,116.37,111.75,114.24,"4,292,646"
12/7/2022,114.33,114.99,110.33,113.2,"4,655,205"
12/6/2022,118.34,118.8,112.99,113.83,"4,740,900"
12/5/2022,122.46,124.41,116.69,118.33,"5,780,718"
12/2/2022,121.75,125.55,120.73,124,"8,850,999"
12/1/2022,118.64,124.92,118.57,124.07,"14,442,813"
11/30/2022,112.29,117.81,108.89,117.65,"38,647,959"
11/29/2022,140,140.32,136.25,138,"10,554,596"
11/28/2022,139.68,141,136.66,139.45,"3,387,430"
11/25/2022,139.85,141.37,138.52,140.05,"1,022,545"
11/23/2022,135.58,141.62,133.84,140.89,"2,578,140"
11/22/2022,135.82,136.31,132.48,135.8,"3,851,240"
11/21/2022,137.11,137.51,134.38,135.56,"2,887,237"
11/18/2022,146.51,146.72,137.2,138.99,"5,404,889"
11/17/2022,139.62,141.37,137.87,139.23,"3,927,440"
11/16/2022,146.71,147.63,142.09,143.65,"2,539,460"
11/15/2022,148.99,151.43,146.03,148.3,"3,967,064"
11/14/2022,141.55,144.13,138.29,142.01,"3,043,740"
11/11/2022,136.75,144.83,135.34,143.12,"4,620,244"
11/10/2022,132.49,136.1,130.68,135.76,"5,229,483"
11/9/2022,124.55,124.62,120.5,122.36,"3,718,435"
11/8/2022,126,129.83,120.5,127,"4,574,814"
11/7/2022,129.83,129.9,122.9,124.68,"5,413,935"
11/4/2022,140.96,141.17,126.42,127.56,"8,248,491"
11/3/2022,146.14,146.14,139.67,141.53,"4,000,289"
11/2/2022,161,161.17,147.94,147.99,"4,432,832"
11/1/2022,165,168.48,159.54,160.53,"2,580,991"
10/31/2022,161.62,164.81,159.6,161.2,"2,190,245"
10/28/2022,162.55,164.98,158.86,163.65,"1,872,721"
10/27/2022,164.75,168.13,162.05,164.73,"2,285,783"
10/26/2022,158.05,167.36,156.79,161.77,"2,362,715"
10/25/2022,159.22,164.67,159.21,162.11,"2,125,106"
10/24/2022,158.11,158.7,154.22,157.97,"2,054,947"
10/21/2022,152.49,157.05,148.59,156.32,"2,693,576"
10/20/2022,152.1,158.45,152.1,153.88,"2,092,842"
10/19/2022,155.41,157.01,151.41,152.54,"2,032,815"
10/18/2022,157.26,161.5,154.8,156.88,"3,710,752"
10/17/2022,149.35,154.04,148,151.61,"3,247,838"
10/14/2022,155.75,156.54,145.83,145.98,"4,006,590"
10/13/2022,145.45,155.43,142.36,152.6,"3,578,316"
10/12/2022,154.32,155.78,149.5,152.99,"3,070,549"
10/11/2022,158.72,160.5,151.75,155.79,"3,426,211"
10/10/2022,171.74,172.46,160.29,161.08,"3,502,746"
10/7/2022,174.44,175.22,170.33,171.88,"2,591,845"
10/6/2022,178.42,181.84,176.63,178.39,"2,656,911"
10/5/2022,171.01,178.34,170.35,176.7,"2,126,114"
10/4/2022,174.58,178.69,173,175.07,"2,806,293"
10/3/2022,166.63,170.69,163.89,169.31,"2,562,171"
9/30/2022,166.15,171.61,164.6,164.81,"2,598,015"
9/29/2022,163.48,166.24,160.89,165.7,"2,097,621"
9/28/2022,164.11,167.9,162.57,167.25,"2,458,513"
9/27/2022,163.95,165.12,160.16,162.58,"2,162,944"
9/26/2022,159.99,165.8,159.14,159.35,"2,749,921"
9/23/2022,159.08,161.65,157.06,160.39,"2,980,498"
9/22/2022,167.04,169.13,159.67,161.28,"3,575,818"
9/21/2022,173.67,176.85,169.24,169.25,"3,380,116"
9/20/2022,173.8,175.95,172.62,173.87,"2,156,635"
9/19/2022,170.22,175.85,170,175.39,"2,240,489"
9/16/2022,174.15,175.2,169.39,171.01,"4,952,115"
9/15/2022,181.82,185.14,177.88,178.86,"2,760,101"
9/14/2022,184.7,185.49,181.5,184.11,"2,701,683"
9/13/2022,186.63,189.8,183,184.7,"3,903,454"
9/12/2022,191.28,195.29,191.25,195.1,"3,042,912"
9/9/2022,183.74,191.52,183.71,190.86,"4,179,072"
9/8/2022,170.17,179.88,169.16,179.88,"3,184,275"
9/7/2022,170.69,173.09,166.8,171.96,"3,204,737"
9/6/2022,172.45,172.69,168.62,171.15,"2,964,771"
9/2/2022,174.28,177.13,170.91,172.45,"4,350,031"
9/1/2022,178.45,180,169.08,172.97,"6,886,347"
8/31/2022,197.21,197.94,178.39,182.61,"15,736,322"
8/30/2022,196.32,198.14,189.12,193.3,"7,286,682"
8/29/2022,191.01,197.19,190.69,192.05,"2,707,018"
8/26/2022,202.64,202.7,194.52,194.56,"3,583,644"
8/25/2022,199.3,203.67,197.54,202.94,"3,042,317"
8/24/2022,196.2,199.41,194.59,194.62,"3,223,078"
8/23/2022,191.46,193.89,190.09,192.36,"3,410,158"
8/22/2022,186.36,188.65,184,185.88,"2,470,509"
8/19/2022,192.74,193.5,188.55,190.52,"2,235,601"
8/18/2022,195.33,197.25,193.81,195.76,"1,642,559"
8/17/2022,196.4,198.51,194.27,196.89,"2,237,630"
8/16/2022,200,201.07,195.78,200.41,"2,926,175"
8/15/2022,199.26,202.9,196.21,201.82,"2,438,022"
8/12/2022,203,203,199.03,200.87,"1,767,231"
8/11/2022,204,205.73,196.07,198.06,"2,913,326"
8/10/2022,193.34,201.74,193.33,200.8,"3,901,272"
8/9/2022,188.16,190,184.82,186.78,"1,821,496"
8/8/2022,193.69,197.48,188.91,189.52,"3,188,842"
8/5/2022,186,192.61,184.82,191.17,"2,750,975"
8/4/2022,191.31,192,182.45,189.24,"5,036,334"
8/3/2022,191.07,197.14,190.8,195.32,"3,123,904"
8/2/2022,180.52,189.64,179.52,188.14,"2,771,333"
8/1/2022,180.78,187.65,178.99,183.3,"2,422,433"
7/29/2022,182.91,184,178.06,183.6,"2,635,130"
7/28/2022,176.78,182.55,174.75,182.09,"2,748,074"
7/27/2022,175.3,178.71,171.5,176.96,"2,794,428"
7/26/2022,182.17,182.61,168.1,169.17,"3,533,736"
7/25/2022,182.8,184.08,178.43,182.62,"1,698,834"
7/22/2022,190,193.92,181,183.53,"2,801,625"
7/21/2022,183.55,189.24,181.61,189,"2,506,924"
7/20/2022,182.98,187.54,181.03,184.3,"3,081,697"
7/19/2022,180.35,180.71,174.5,180.55,"2,560,022"
7/18/2022,183.52,183.52,176.71,177.25,"2,690,451"
7/15/2022,174.07,179.22,171.13,177.9,"2,928,316"
7/14/2022,172.34,174.67,167.65,172.75,"2,970,522"
7/13/2022,169.98,178.74,168.34,174.97,"2,949,191"
7/12/2022,186.9,190.21,172.9,174.39,"4,124,465"
7/11/2022,188,188.38,181.05,185.37,"2,422,288"
7/8/2022,185,194.85,184.1,190.38,"3,143,184"
7/7/2022,185.32,192.82,185.32,190.2,"3,485,305"
7/6/2022,188.29,190.7,183.07,185.92,"3,207,243"
7/5/2022,179.2,188.97,175.72,187.02,"6,392,256"
7/1/2022,168.24,179.63,167.47,179.25,"3,710,357"
6/30/2022,173.62,174.8,163.55,168.56,"4,214,631"
6/29/2022,174.38,177.86,171.72,175.94,"2,238,135"
6/28/2022,181.44,183.93,171.71,174.19,"3,114,642"
6/27/2022,185.02,185.64,177.33,181.93,"2,862,997"
6/24/2022,177.99,188.68,177.29,184.99,"6,131,930"
6/23/2022,168.59,176.6,166.65,174.9,"4,344,314"
6/22/2022,162.61,171.67,161.9,165.71,"2,986,531"
6/21/2022,165,170.85,163.08,164.64,"4,520,282"
6/17/2022,158.5,165.51,157.93,163.9,"4,364,806"
6/16/2022,157.04,161.45,153.76,157.21,"3,776,832"
6/15/2022,161.33,167.5,159.27,164.35,"3,634,976"
6/14/2022,156,162.25,153.54,159.26,"3,283,011"
6/13/2022,158.71,160.88,150.63,154.52,"5,620,312"
6/10/2022,168.13,170.5,165.08,169.32,"4,204,282"
6/9/2022,176.5,179.58,173.41,173.55,"2,914,520"
6/8/2022,176,180.47,175.05,178.84,"2,892,975"
6/7/2022,166.1,181.89,165.84,176.68,"5,790,887"
6/6/2022,167.48,171.35,162.71,168.97,"6,826,036"
6/3/2022,165.86,170.82,160.69,162.1,"9,303,161"
6/2/2022,161,176.56,160.99,174.02,"8,498,735"
6/1/2022,163.01,168,158.35,161.45,"4,977,077"
5/31/2022,167.57,170.56,158.05,159.99,"5,849,626"
5/27/2022,158.89,167.36,158.67,166.82,"4,522,054"
5/26/2022,145.7,160.25,145.26,155.84,"5,502,230"
5/25/2022,138.83,148.82,137.7,146.64,"4,515,817"
5/24/2022,146.69,148.38,137.05,139.87,"4,244,430"
5/23/2022,147.76,153.97,144.87,149.27,"4,388,801"
5/20/2022,151.78,156.71,142.05,148.74,"8,197,524"
5/19/2022,138.6,148.79,136.68,142.64,"4,582,168"
5/18/2022,144.18,148.42,136.36,138.5,"5,895,101"
5/17/2022,151.33,154.87,140.8,147.27,"5,316,042"
5/16/2022,154,157.68,144.82,146.39,"4,115,787"
5/13/2022,143.06,157.76,143.06,156.29,"6,244,140"
5/12/2022,134.2,145,130,139.81,"5,989,014"
5/11/2022,148.32,152.75,136.82,137.4,"6,478,306"
5/10/2022,150.67,154.27,139.71,151.88,"7,393,111"
5/9/2022,159.01,160.6,142.06,143.69,"9,275,447"
5/6/2022,178.67,178.89,160.74,164.81,"8,285,622"
5/5/2022,199.02,199.04,177.17,180.98,"4,986,886"
5/4/2022,200.36,200.7,181.39,200.39,"6,187,314"
5/3/2022,203.65,207.83,195.11,199.4,"3,338,605"
5/2/2022,198.5,204.5,196.57,203.65,"2,278,606"
4/29/2022,206.61,212.19,197.8,198.76,"2,938,698"
4/28/2022,202.81,209.97,198.57,207.06,"2,601,197"
4/27/2022,200.09,206.96,198.14,201.06,"2,605,941"
4/26/2022,211.74,212.85,201.07,201.4,"3,336,967"
4/25/2022,202.84,216.5,202.02,214.58,"3,017,784"
4/22/2022,209,214.17,203.68,205.62,"2,816,824"
4/21/2022,223.81,227.2,207.82,209.85,"3,180,681"
4/20/2022,229.32,232,217.5,222.49,"3,422,397"
4/19/2022,224.99,230.76,222.3,228.66,"2,710,350"
4/18/2022,234,234.5,222.16,224.99,"3,601,286"
4/14/2022,238.02,239.55,235.06,235.22,"4,356,424"
4/13/2022,224.11,242,223.75,239.86,"8,119,749"
4/12/2022,227.35,236.18,222.33,223.51,"8,701,412"
4/11/2022,213.77,219.99,208.44,216.6,"3,158,924"
4/8/2022,221.5,227.7,215.2,218.21,"6,730,437"
4/7/2022,210.78,221.5,210.28,217.03,"3,544,107"
4/6/2022,212.54,215.59,207.2,211.22,"4,390,460"
4/5/2022,229.99,230.37,217.89,219.96,"3,565,323"
4/4/2022,228,230.07,225.6,229.03,"3,009,267"
4/1/2022,225.3,232.86,224.53,227.85,"3,909,203"
3/31/2022,225.05,232.35,223.03,227.08,"4,145,215"
3/30/2022,220.74,231.5,218.38,224.96,"4,551,594"
3/29/2022,224.45,225.44,213.55,223.01,"4,299,902"
3/28/2022,220.15,225.75,216.91,222.12,"2,691,183"
3/25/2022,225,225.75,216.7,221.95,"2,813,760"
3/24/2022,220,223.49,215.2,223.4,"3,055,263"
3/23/2022,213.25,223.98,210.57,219.48,"4,624,850"
3/22/2022,204.2,219.75,204.01,217.06,"6,391,909"
3/21/2022,203,205.49,195.5,204.13,"6,307,070"
3/18/2022,201.6,209.67,200.75,208.06,"6,604,140"
3/17/2022,189.28,205.11,186.52,204.13,"6,523,539"
3/16/2022,191.59,197.82,181.28,189.66,"7,738,948"
3/15/2022,183.5,189.04,178.16,188.64,"5,086,041"
3/14/2022,188.01,191.92,178,183.12,"5,855,474"
3/11/2022,191.12,197,189.5,190.54,"7,983,054"
3/10/2022,187.9,198.67,182.55,191.02,"24,135,352"
3/9/2022,161.31,171.08,157.67,169.79,"9,287,180"
3/8/2022,165,165.01,155.36,156.77,"6,671,756"
3/7/2022,180.99,182.46,165.59,167.4,"5,122,388"
3/4/2022,193.76,193.86,177.28,179.03,"4,726,027"
3/3/2022,200,204.8,189.08,191.02,"5,157,848"
3/2/2022,198.6,203.37,190.27,201.75,"4,295,650"
3/1/2022,201.33,205.68,195.85,197.64,"6,864,839"
2/28/2022,187.35,197.25,186.73,195.21,"8,335,714"
2/25/2022,182.51,183.7,174.26,181.75,"5,477,691"
2/24/2022,153.5,184.33,153.5,182.88,"9,574,749"
2/23/2022,170.62,171.6,161.64,161.83,"3,659,350"
2/22/2022,161.5,170.88,161.48,166.71,"3,281,174"
2/18/2022,169.06,170.98,164.12,164.93,"3,345,149"
2/17/2022,181.86,181.88,168.96,169.85,"3,644,440"
2/16/2022,186.24,186.61,180.34,183.28,"2,754,877"
2/15/2022,185.1,189.5,182.41,189.3,"2,471,040"
2/14/2022,180.06,186.62,179.91,180.6,"2,648,850"
2/11/2022,188.49,191.25,178.61,181.86,"3,268,739"
2/10/2022,182.23,193.48,182.22,187.88,"3,465,316"
2/9/2022,182.1,187,181.01,186.9,"2,571,474"
2/8/2022,175.98,184.12,175.83,178.9,"3,821,585"
2/7/2022,176.8,183.19,176.36,178.84,"1,988,636"
2/4/2022,170.89,178.64,169,177.21,"2,080,619"
2/3/2022,171.97,175.8,169.52,170.63,"3,217,871"
2/2/2022,183,185,174.08,177.04,"3,525,373"
2/1/2022,182.01,182.91,176.24,182.15,"3,006,965"
1/31/2022,170.7,180.88,170.24,180.64,"4,939,763"
1/28/2022,160.6,169.17,156.12,168.9,"4,517,639"
1/27/2022,164.16,167.77,158.36,159.81,"3,893,462"
1/26/2022,162.26,171.24,159.27,160.94,"5,048,969"
1/25/2022,167,168.95,157.5,158.59,"5,277,952"
1/24/2022,157.18,168.22,150.02,167.27,"8,767,713"
1/21/2022,171.88,173.25,163.11,164.73,"6,318,057"
1/20/2022,177.33,182.5,173.34,173.89,"3,172,273"
1/19/2022,171.71,181.89,171.52,175.71,"4,438,483"
1/18/2022,172.73,183.88,170.05,172.85,"4,736,298"
1/14/2022,173.87,181.5,172.17,176.7,"4,674,749"
1/13/2022,188.15,188.49,173.53,174.9,"7,565,371"
1/12/2022,196.61,200.68,185.7,187.97,"6,002,800"
1/11/2022,189.61,198.5,188.74,196.11,"3,663,060"
1/10/2022,182.61,193.18,174.87,192.5,"7,052,045"
1/7/2022,185,193.27,184.81,188.99,"3,531,874"
1/6/2022,180.25,192.17,176.25,187.49,"6,368,561"
1/5/2022,185,191.36,178.99,179.29,"5,003,434"
1/4/2022,195.89,197.45,183.32,189.19,"6,503,366"
1/3/2022,205,205.58,193.51,198.33,"5,319,663"
12/31/2021,208.95,208.98,204.57,204.75,"1,718,128"
12/30/2021,207,213.59,206,208.95,"1,975,285"
12/29/2021,206.69,207.43,201.35,206.87,"1,925,654"
12/28/2021,210,210.87,206.28,207.23,"1,520,261"
12/27/2021,211.48,217.11,209.15,209.64,"2,747,101"
12/23/2021,207.6,213,204.65,211.52,"2,668,181"
12/22/2021,205.48,210.5,204.31,207.6,"2,864,414"
12/21/2021,207.33,210.81,200.03,210.31,"2,874,418"
12/20/2021,200.24,209.79,200,206.29,"3,489,048"
12/17/2021,196.21,206.85,193.2,205.1,"5,463,149"
12/16/2021,211.7,212.29,196.92,200.28,"4,081,652"
12/15/2021,198.55,212.2,194.75,210.71,"4,494,215"
12/14/2021,197.01,200.62,192,198.71,"3,841,725"
12/13/2021,198.59,204.17,194.32,198.68,"4,050,630"
12/10/2021,201.75,205.5,196.5,198.6,"3,326,734"
12/9/2021,209.96,213.4,199.4,201.27,"3,387,837"
12/8/2021,205.61,211,200.05,209.18,"3,981,053"
12/7/2021,200.62,208.11,200.62,204.32,"4,432,396"
12/6/2021,190.05,196,185.71,194.71,"5,275,367"
12/3/2021,212.84,213.26,188.43,197.05,"7,840,127"
12/2/2021,207.98,212.6,201.19,209.35,"9,341,174"
12/1/2021,220.69,225.6,199.18,201.5,"8,103,894"
11/30/2021,226.83,229.04,216.49,217.14,"5,052,869"
11/29/2021,235,235.69,221.03,224.57,"6,396,549"
11/26/2021,235.72,236.3,227.86,232.64,"2,154,810"
11/24/2021,229.64,232.06,222.62,230.77,"3,130,329"
11/23/2021,231,236.77,224.05,230.58,"7,277,746"
11/22/2021,252.76,253.33,235.1,239.64,"6,079,761"
11/19/2021,269.4,269.66,256.91,257.63,"2,587,219"
11/18/2021,270.42,274.98,264.56,264.72,"2,552,500"
11/17/2021,265.39,270.58,262.39,269.78,"3,368,795"
11/16/2021,255.31,262.88,253.99,262.51,"4,216,675"
11/15/2021,270.86,272.37,247.75,254.15,"12,636,895"
11/12/2021,283.96,289.53,281.51,284.3,"1,733,343"
11/11/2021,285.44,288.6,280.72,280.92,"1,254,802"
11/10/2021,290.99,298.48,278.79,281.56,"4,038,950"
11/9/2021,285.68,295.77,281.63,293.18,"3,175,528"
11/8/2021,274.29,284.42,272.17,282.93,"2,254,886"
11/5/2021,281,283.69,270.24,273.43,"2,282,490"
11/4/2021,272.71,280.18,270.92,279.62,"2,197,438"
11/3/2021,269.9,271.5,265.81,270.65,"2,022,125"
11/2/2021,266.58,270.87,264.31,268.12,"2,488,581"
11/1/2021,275.54,275.54,263.23,269.17,"4,901,956"
10/29/2021,281,284.5,279.54,281.8,"1,238,991"
10/28/2021,278,283.73,273.04,281.17,"1,538,608"
10/27/2021,287.86,291.5,278.22,279,"2,319,209"
10/26/2021,284,297.4,283.02,287.08,"4,393,258"
10/25/2021,284,285.32,278.06,280.1,"2,084,477"
10/22/2021,284.23,290.73,280.32,283.39,"2,545,994"
10/21/2021,283,287.5,282.01,284.1,"1,951,103"
10/20/2021,282.71,288.41,279.57,283.33,"1,775,382"
10/19/2021,283.23,285.3,278.89,282.35,"2,298,499"
10/18/2021,273,285.71,270.1,285.35,"3,289,997"
10/15/2021,276,276,270.29,273.11,"2,552,725"
10/14/2021,270.06,276.89,268.28,276.01,"4,921,023"
10/13/2021,253.81,271.8,253.81,270.44,"5,486,999"
10/12/2021,246.19,254.3,243.27,252.74,"2,314,980"
10/11/2021,243.21,248.71,241.65,244.36,"1,113,236"
10/8/2021,250.15,250.97,243.5,245,"1,760,653"
10/7/2021,251.33,253.78,249.67,249.88,"1,781,983"
10/6/2021,243.34,251.61,242.77,248.2,"2,139,167"
10/5/2021,240.09,246.1,239.28,244.92,"2,174,878"
10/4/2021,245.57,247.26,235.63,238.88,"3,179,799"
10/1/2021,246.65,252.62,243.23,249.27,"2,576,131"
9/30/2021,240.88,247.71,240.27,245.78,"2,514,867"
9/29/2021,243.7,248.32,238.57,239.57,"2,836,472"
9/28/2021,249.05,249.83,240.31,241.86,"3,817,716"
9/27/2021,259.3,260.89,250.3,253.34,"3,583,377"
9/24/2021,262.05,262.05,254.17,261.75,"2,039,405"
9/23/2021,262.49,264.29,259.93,262.29,"1,910,648"
9/22/2021,252.89,261.07,250.55,259.86,"2,386,306"
9/21/2021,254.65,259.59,252.51,254.11,"4,293,096"
9/20/2021,254.35,261.62,253.13,257.56,"2,866,953"
9/17/2021,266.33,266.72,259.57,263.09,"4,606,585"
9/16/2021,260.23,265.06,257.05,264.74,"2,282,767"
9/15/2021,257.89,259.98,254.36,259.57,"2,339,487"
9/14/2021,256.04,259.05,253.83,257.3,"2,462,289"
9/13/2021,258.72,259.69,248.38,254.03,"4,953,411"
9/10/2021,268.07,269.7,260.57,262,"3,040,704"
9/9/2021,265.01,269.85,264.53,265.16,"2,972,181"
9/8/2021,270.23,270.58,263.66,265.23,"3,044,745"
9/7/2021,279.37,279.8,268.31,269.68,"4,476,131"
9/3/2021,272.59,278.84,271.2,278.23,"3,472,820"
9/2/2021,272.25,275.18,269.38,272.67,"4,187,975"
9/1/2021,273.22,285.45,269.28,269.97,"11,742,306"
8/31/2021,281.99,286.4,278.38,281,"8,621,669"
8/30/2021,285.31,289.24,280.5,286.37,"4,772,935"
8/27/2021,279.55,285.76,277.75,282.31,"4,041,365"
8/26/2021,269.58,281.81,268.39,278.77,"6,780,124"
8/25/2021,267.03,275.75,265.19,270,"14,749,051"
8/24/2021,260.57,269.68,258.42,265.63,"11,061,200"
8/23/2021,242.1,246.81,239.31,245.8,"2,670,947"
8/20/2021,236.54,238.64,233.32,237.88,"1,740,925"
8/19/2021,231.98,237.2,231.02,234.96,"2,077,134"
8/18/2021,233.48,237.5,230.23,233.78,"2,028,006"
8/17/2021,234,234.27,227.25,232.8,"3,091,366"
8/16/2021,243.33,243.46,229.07,234.71,"3,758,519"
8/13/2021,245.82,248.96,242.28,243.82,"1,767,371"
8/12/2021,240,247.46,239.88,245.82,"2,480,860"
8/11/2021,254.2,254.98,233.86,239.88,"5,487,831"
8/10/2021,266.25,266.69,252.1,252.67,"3,214,411"
8/9/2021,258.95,265.5,258.2,263.56,"1,614,178"
8/6/2021,264.3,267.74,256.13,260.74,"1,839,962"
8/5/2021,265.31,268.33,261.44,265.62,"1,871,988"
8/4/2021,255.38,265.19,254.13,264.21,"2,079,838"
8/3/2021,255.31,262.58,250.58,254.34,"2,570,702"
8/2/2021,254.26,257.17,246.2,253.91,"2,286,464"
7/30/2021,256.07,259.57,252.57,253.61,"2,265,878"
7/29/2021,263.51,266.76,259.56,260.03,"2,142,739"
7/28/2021,260.18,264.88,258,263.58,"1,863,104"
7/27/2021,266,266.96,254.03,257.84,"2,357,737"
7/26/2021,267.56,268.31,261.43,264.83,"1,718,234"
7/23/2021,261.32,272.63,260.52,268.96,"3,749,114"
7/22/2021,254.72,265,254.64,263.04,"3,284,275"
7/21/2021,252.45,254.84,249.51,253.55,"1,841,526"
7/20/2021,254.9,255,245.87,252.24,"2,417,450"
7/19/2021,245.05,252.15,239.71,250.4,"3,196,104"
7/16/2021,252.01,253.63,248.42,249.96,"2,113,810"
7/15/2021,255.74,255.85,247.05,249.3,"2,532,927"
7/14/2021,263.16,264.06,252.65,254.23,"2,705,171"
7/13/2021,261.14,267.49,259.11,261.16,"2,246,313"
7/12/2021,267.7,269.89,260.3,261.79,"2,146,209"
7/9/2021,262.96,265,259.6,264.44,"2,587,009"
7/8/2021,259.65,265.17,254.28,263.39,"3,414,235"
7/7/2021,268.73,269.68,260.63,267.52,"3,485,368"
7/6/2021,257.84,267.17,257.7,264.98,"5,669,463"
7/2/2021,254.27,256.35,250.72,252.59,"1,916,376"
7/1/2021,251,254,245.54,251.16,"2,511,532"
6/30/2021,257.14,260.02,251.3,251.31,"2,820,584"
6/29/2021,255.09,259.75,251.31,257.12,"2,298,550"
6/28/2021,255,260.82,253.8,255.09,"3,167,904"
6/25/2021,255,256.79,249.55,253.24,"3,799,215"
6/24/2021,255.77,258.39,251.08,253.7,"3,231,137"
6/23/2021,255.31,257.16,249.35,252.9,"3,504,853"
6/22/2021,243.83,257.55,242.8,256.61,"9,390,447"
6/21/2021,238.04,238.84,231,237.68,"5,998,217"
6/18/2021,241.2,247.94,239.66,244.91,"5,987,322"
6/17/2021,233,241.45,232,241.31,"4,985,713"
6/16/2021,229,235.8,227.65,234.17,"5,452,575"
6/15/2021,233.75,234,227.29,228.34,"2,319,285"
6/14/2021,231.5,234.74,228.6,233.53,"2,725,469"
6/11/2021,226.61,232,224.61,231.27,"4,010,214"
6/10/2021,214.89,229.41,214.76,228.6,"7,787,236"
6/9/2021,215.69,216.69,211.23,213.95,"3,353,014"
6/8/2021,217.74,221.6,212.63,215.14,"2,891,916"
6/7/2021,206.44,217.81,204.53,215.41,"5,854,901"
6/4/2021,216.99,217.41,205.33,206.94,"7,318,288"
6/3/2021,220.05,220.54,213.93,216,"4,565,772"
6/2/2021,221.35,223.25,218.57,220.58,"2,193,340"
6/1/2021,223.23,226.95,218.85,222.07,"2,882,966"
5/28/2021,222.85,225.93,221,222.15,"2,580,320"
5/27/2021,218,222.98,211.35,222.81,"4,073,508"
5/26/2021,217.96,225.38,216.38,219.96,"3,702,203"
5/25/2021,214.58,216.59,211.84,212.86,"1,827,870"
5/24/2021,212.44,215.32,209.36,214.35,"2,877,928"
5/21/2021,207.84,210.99,205.62,210.6,"3,554,421"
5/20/2021,201.55,205.38,199.01,204.03,"2,564,334"
5/19/2021,189.63,199.75,189.27,198.71,"4,273,495"
5/18/2021,191.33,199.31,187.51,196.78,"4,125,258"
5/17/2021,189.76,192.51,185,188.53,"2,023,550"
5/14/2021,187.51,191.35,183.76,190.64,"2,377,390"
5/13/2021,190.97,192.85,179.41,183.76,"3,301,530"
5/12/2021,192,195.5,185.66,189.27,"3,769,386"
5/11/2021,178.92,195.35,177.29,195.1,"4,910,455"
5/10/2021,189.18,190.7,183.8,187.58,"4,166,120"
5/7/2021,194.28,197.79,187.91,189.18,"3,182,322"
5/6/2021,191.52,191.52,180.67,187.07,"4,903,490"
5/5/2021,202.26,202.74,192,193.24,"2,307,485"
5/4/2021,201.95,202.99,191.36,197.79,"4,274,710"
5/3/2021,209,209.59,204.02,205.12,"2,304,113"
4/30/2021,207.33,214.35,207,208.51,"2,028,927"
4/29/2021,221,221,208.42,211.53,"3,322,318"
4/28/2021,217.87,223.26,215.02,220.24,"2,486,635"
4/27/2021,225.48,227.2,219.89,221.25,"2,326,723"
4/26/2021,220.05,225.1,215.93,224.47,"3,614,626"
4/23/2021,219.51,224.99,217.73,219.3,"2,500,362"
4/22/2021,212,223.93,212,216.73,"5,216,851"
4/21/2021,205.48,212.22,201.53,210.37,"1,975,392"
4/20/2021,216.09,217.74,205.58,206.6,"2,743,349"
4/19/2021,211.05,223.23,210.29,213.37,"3,872,852"
4/16/2021,213.51,216.54,208.49,215.2,"3,579,673"
4/15/2021,215.5,215.5,207.81,213.1,"4,337,515"
4/14/2021,216.39,217.4,207.5,208.2,"3,263,769"
4/13/2021,206.52,219,206.14,216.35,"5,361,839"
4/12/2021,201.53,206.15,197.51,203.99,"3,306,838"
4/9/2021,201.44,204.24,194.31,202.68,"4,503,978"
4/8/2021,197.55,204.31,195.67,203.45,"4,613,302"
4/7/2021,195.07,196.89,190.64,193.93,"2,332,473"
4/6/2021,186.62,198.27,185.86,194.38,"3,672,348"
4/5/2021,191.43,191.67,184.72,186.62,"3,767,691"
4/1/2021,188.77,194.5,185.43,187.03,"3,344,385"
3/31/2021,179.24,184.99,178.71,182.51,"4,268,053"
3/30/2021,171.08,176.24,168.76,175.28,"4,277,951"
3/29/2021,177.69,182.73,171.2,173.85,"3,050,521"
3/26/2021,179.03,181.5,170.1,177.69,"3,732,751"
3/25/2021,175.67,181.88,174.58,179.16,"3,755,740"
3/24/2021,191,193.5,180.11,181.6,"3,994,319"
3/23/2021,195.74,197.85,189.69,190.6,"4,210,512"
3/22/2021,191.91,198,190.23,195.73,"5,560,978"
3/19/2021,192.88,197.79,190.02,194.63,"7,375,768"
3/18/2021,203.59,203.75,189.61,190.21,"8,827,098"
3/17/2021,199,210.88,191.28,208.03,"11,955,136"
3/16/2021,203.81,209.1,193.5,196.31,"6,766,359"
3/15/2021,199.5,201.47,195.02,200.55,"2,528,903"
3/12/2021,200.9,200.98,195.31,199,"3,033,946"
3/11/2021,203.99,206.67,198.42,205.8,"3,597,827"
3/10/2021,204,208.22,192.5,194.86,"3,506,867"
3/9/2021,192.65,201.14,189.5,199.1,"3,865,483"
3/8/2021,184.29,192.44,178.9,179.75,"5,302,577"
3/5/2021,194.64,195.41,168.67,183.12,"9,437,981"
3/4/2021,204.79,208.38,187.19,192.99,"6,635,090"
3/3/2021,220.86,223.47,206.61,210.62,"4,155,221"
3/2/2021,226.5,231.16,221.52,222.1,"2,538,463"
3/1/2021,220.82,223.84,215.86,223.4,"2,355,748"
2/26/2021,209.3,217.19,204.52,216,"4,903,513"
2/25/2021,216.43,221.81,204.9,208.66,"3,604,361"
2/24/2021,219.78,219.88,207.5,216.6,"3,944,337"
2/23/2021,211.2,219.21,198.16,218.39,"5,899,516"
2/22/2021,235.65,237.8,222.42,225.83,"3,268,466"
2/19/2021,241.83,246.21,236.61,239.2,"2,333,434"
2/18/2021,236.78,241.32,231.6,239.25,"2,640,404"
2/17/2021,238.9,242.6,229.15,238.56,"2,983,495"
2/16/2021,248.54,251.28,237.61,242.42,"3,296,598"
2/12/2021,236.55,245.42,233.5,242.1,"3,891,194"
2/11/2021,233.49,239.89,229.13,234.8,"3,980,911"
2/10/2021,225,233.55,220.4,231.35,"3,381,544"
2/9/2021,221.2,225.39,220.4,223.72,"1,869,484"
2/8/2021,225.5,228.65,219.15,222.36,"2,210,580"
2/5/2021,226,227.95,222.4,223.53,"2,134,164"
2/4/2021,219.74,224.29,216.81,224.01,"3,212,615"
2/3/2021,223,223.49,216.27,218.12,"2,903,829"
2/2/2021,218.53,221.47,212.53,219.64,"3,584,306"
2/1/2021,216.56,218.49,210.45,215.01,"2,932,115"
1/29/2021,211.33,217.55,205.36,215.8,"4,000,451"
1/28/2021,202,216.8,201.72,212.49,"3,416,345"
1/27/2021,200,207.76,193.86,200.93,"6,109,072"
1/26/2021,217.13,217.63,206.01,206.8,"5,463,870"
1/25/2021,227.72,230.63,208.69,217.49,"5,213,234"
1/22/2021,220.97,226.15,220.31,223.52,"2,042,153"
1/21/2021,228,228.5,219.81,221,"3,175,741"
1/20/2021,227,228.57,222.2,226.33,"2,128,758"
1/19/2021,224,224.66,217.51,221.92,"3,662,919"
1/15/2021,228.08,230.05,218.75,219.51,"3,654,913"
1/14/2021,228.65,231.9,222.76,225.62,"3,101,836"
1/13/2021,236.5,236.55,225.6,226.42,"3,553,954"
1/12/2021,233.41,238.54,233,233.59,"3,384,442"
1/11/2021,223.65,234.63,218,232.24,"5,128,680"
1/8/2021,225.83,228.82,220.11,223.73,"3,537,355"
1/7/2021,213.03,222.1,213.03,221.47,"4,194,579"
1/6/2021,204,214.7,203,208.85,"4,703,889"
1/5/2021,200.25,211.97,197.75,211.24,"5,072,240"
1/4/2021,209.96,211.44,195.99,200.49,"6,281,340"
12/31/2020,211.47,214.25,208.1,211.82,"2,597,782"
12/30/2020,207.77,210.99,205.24,210.29,"2,550,811"
12/29/2020,210.6,213.5,202.78,205.93,"8,153,413"
12/28/2020,225.09,227.09,212.02,212.55,"4,614,644"
