,GOOGL (NASD),,,,
Date,Open,High,Low,Close,Volume
12/23/2025,309.63,314.94,309.32,314.35,"25,478,670"
12/22/2025,309.88,310.13,305.3,309.78,"26,429,937"
12/19/2025,301.73,307.25,300.97,307.16,"59,943,239"
12/18/2025,301.72,303.96,299.23,302.46,"33,518,048"
12/17/2025,308.01,308.09,296.12,296.72,"43,930,358"
12/16/2025,304.95,310.77,302.59,306.57,"30,585,020"
12/15/2025,311.32,311.42,304.88,308.22,"29,151,889"
12/12/2025,313.7,314.87,305.56,309.29,"35,940,170"
12/11/2025,320.08,321.12,308.6,312.43,"42,353,697"
12/10/2025,315.83,321.31,314.68,320.21,"33,428,923"
12/9/2025,312.37,317.99,311.9,317.08,"30,194,027"
12/8/2025,320.05,320.44,311.22,313.72,"33,909,433"
12/5/2025,319.49,323.16,319.17,321.27,"28,851,705"
12/4/2025,322.23,322.36,314.7,317.62,"31,240,924"
12/3/2025,315.89,321.58,314.1,319.63,"41,838,317"
12/2/2025,316.74,318.38,313.91,315.81,"35,854,744"
12/1/2025,317.7,319.85,313.89,314.89,"41,182,956"
11/28/2025,323.37,326.85,316.79,320.18,"26,018,568"
11/26/2025,320.68,324.5,316.79,319.95,"51,373,361"
11/25/2025,326.21,328.83,317.65,323.44,"88,632,074"
11/24/2025,311.13,319.48,309.6,318.58,"85,165,123"
11/21/2025,296.42,303.92,293.85,299.66,"74,137,697"
11/20/2025,304.54,306.42,288.67,289.45,"62,025,218"
11/19/2025,287.16,303.81,286.63,292.81,"68,198,944"
11/18/2025,287.92,288.8,278.2,284.28,"49,158,743"
11/17/2025,285.78,293.95,283.57,285.02,"52,670,192"
11/14/2025,271.41,278.56,270.7,276.41,"31,647,227"
11/13/2025,282.34,282.84,277.24,278.57,"29,494,040"
11/12/2025,291.68,292.01,283.69,286.71,"24,829,923"
11/11/2025,287.75,291.92,287.32,291.31,"19,842,136"
11/10/2025,284.42,290.8,282.86,290.1,"29,557,309"
11/7/2025,283.21,283.78,275.19,278.83,"34,479,588"
11/6/2025,285.33,288.35,281.14,284.75,"37,173,648"
11/5/2025,278.87,286.42,277.34,284.31,"31,010,302"
11/4/2025,276.75,281.27,276.26,277.54,"30,078,369"
11/3/2025,282.18,285.53,279.8,283.72,"29,785,996"
10/31/2025,283.21,286,277.03,281.19,"39,267,945"
10/30/2025,291.59,291.59,280.06,281.48,"74,875,990"
10/29/2025,267.75,275.34,267.67,274.57,"43,580,277"
10/28/2025,269.69,270.73,266.5,267.47,"29,738,564"
10/27/2025,264.82,270.14,264.28,269.27,"35,235,231"
10/24/2025,256.58,261.68,255.32,259.92,"28,655,126"
10/23/2025,252.98,255.04,251.85,253.08,"19,901,425"
10/22/2025,254.37,256.36,249.29,251.69,"35,029,370"
10/21/2025,254.74,254.88,244.15,250.46,"47,312,098"
10/20/2025,254.69,257.33,254.23,256.55,"22,350,155"
10/17/2025,250.76,254.22,247.81,253.3,"29,671,629"
10/16/2025,251.77,256.96,250.1,251.46,"27,997,159"
10/15/2025,247.25,252.11,245.99,251.03,"27,007,690"
10/14/2025,241.23,247.12,240.51,245.45,"22,111,572"
10/13/2025,240.21,244.5,239.71,244.15,"24,995,028"
10/10/2025,241.43,244.09,235.84,236.57,"33,180,323"
10/9/2025,244.47,244.76,239.15,241.53,"27,892,086"
10/8/2025,244.96,246.01,243.82,244.62,"21,307,104"
10/7/2025,248.27,250.44,245.52,245.76,"23,181,285"
10/6/2025,244.78,251.32,244.58,250.43,"28,894,653"
10/3/2025,244.49,246.3,241.66,245.35,"30,249,559"
10/2/2025,245.15,246.81,242.3,245.69,"25,483,298"
10/1/2025,240.75,246.3,238.61,244.9,"31,658,234"
9/30/2025,242.81,243.29,239.25,243.1,"34,724,346"
9/29/2025,247.85,251.15,242.77,244.05,"32,505,777"
9/26/2025,247.07,249.42,245.97,246.54,"18,503,194"
9/25/2025,244.4,246.49,240.74,245.79,"31,020,383"
9/24/2025,251.66,252.35,246.44,247.14,"28,201,003"
9/23/2025,253.04,254.36,250.48,251.66,"26,628,016"
9/22/2025,254.43,255.78,250.3,252.53,"32,290,538"
9/19/2025,253.25,256,251.81,254.72,"55,571,424"
9/18/2025,251.68,253.99,249.8,252.03,"31,239,474"
9/17/2025,251.22,251.6,246.28,249.53,"34,107,992"
9/16/2025,252.08,253.04,249.47,251.16,"34,109,720"
9/15/2025,244.66,252.41,244.66,251.61,"58,383,796"
9/12/2025,240.37,242.08,238,240.8,"26,771,610"
9/11/2025,239.88,242.25,236.25,240.37,"30,599,328"
9/10/2025,238.9,241.66,237.85,239.17,"35,141,074"
9/9/2025,234.17,240.47,233.23,239.63,"38,060,959"
9/8/2025,235.47,238.13,233.67,234.04,"32,474,743"
9/5/2025,232.2,235.76,231.9,235,"46,588,925"
9/4/2025,229.65,232.37,226.11,232.3,"51,684,167"
9/3/2025,226.21,231.31,224.79,230.66,"103,336,125"
9/2/2025,208.44,211.68,206.2,211.35,"47,523,037"
8/29/2025,210.51,214.65,210.2,212.91,"39,728,364"
8/28/2025,207.25,212.22,206.9,211.64,"32,339,307"
8/27/2025,205.7,208.91,205.65,207.48,"23,022,850"
8/26/2025,207.51,207.85,205.7,207.14,"28,464,130"
8/25/2025,206.43,210.52,205.28,208.49,"29,928,878"
8/22/2025,202.73,208.54,201.3,206.09,"42,827,040"
8/21/2025,199.75,202.48,199.43,199.75,"19,774,633"
8/20/2025,200.73,201.28,196.6,199.32,"28,955,498"
8/19/2025,203.03,203.44,199.96,201.57,"24,240,233"
8/18/2025,204.2,205.27,202.49,203.5,"18,526,594"
8/15/2025,203.85,206.44,201.28,203.9,"34,931,422"
8/14/2025,201.5,204.44,201.23,202.94,"25,230,427"
8/13/2025,204.13,204.53,197.51,201.96,"28,342,922"
8/12/2025,201.37,204.5,200.59,203.34,"30,424,452"
8/11/2025,200.94,201.48,199.07,201,"25,832,435"
8/8/2025,197.22,202.61,197.17,201.42,"39,161,826"
8/7/2025,197.06,197.54,194.33,196.52,"26,321,811"
8/6/2025,194.5,196.63,193.67,196.09,"21,562,908"
8/5/2025,194.71,197.86,193.89,194.67,"31,602,340"
8/4/2025,190.29,195.27,190.12,195.04,"31,547,350"
8/1/2025,189.03,190.83,187.82,189.13,"34,832,181"
7/31/2025,195.71,195.99,191.09,191.9,"51,329,163"
7/30/2025,195.6,197.6,194.69,196.53,"32,445,405"
7/29/2025,192.43,195.92,192.08,195.75,"41,389,153"
7/28/2025,193.65,194.05,190.84,192.58,"38,139,504"
7/25/2025,191.98,194.33,191.26,193.18,"39,785,863"
7/24/2025,197.03,197.95,191,192.17,"74,881,687"
7/23/2025,191.5,192.53,189.18,190.23,"58,681,948"
7/22/2025,191.5,191.65,187.46,191.34,"44,660,215"
7/21/2025,186.25,190.29,186.15,190.1,"45,803,129"
7/18/2025,185.4,186.42,183.71,185.06,"34,014,509"
7/17/2025,182.14,184.06,180.48,183.58,"31,992,565"
7/16/2025,183.24,184.33,182.03,182.97,"33,104,193"
7/15/2025,182.81,184.22,181.6,182,"33,448,251"
7/14/2025,181.01,183.67,179.68,181.56,"32,536,632"
7/11/2025,176.79,181.43,176.48,180.19,"34,282,922"
7/10/2025,175.63,178.43,174.38,177.62,"29,252,386"
7/9/2025,175.25,179.44,172.77,176.62,"43,025,594"
7/8/2025,177.85,177.95,172.81,174.36,"40,442,535"
7/7/2025,179.06,179.3,175.68,176.79,"34,175,648"
7/3/2025,178.5,179.67,177.05,179.53,"21,689,729"
7/2/2025,175.54,178.86,175.07,178.64,"29,128,947"
7/1/2025,175.74,176.09,173.53,175.84,"35,904,526"
6/30/2025,180.78,181.23,174.58,176.23,"63,378,856"
6/27/2025,173.54,178.68,171.73,178.53,"108,140,200"
6/26/2025,172.43,173.69,169.94,173.54,"31,796,690"
6/25/2025,167.63,172.36,167.55,170.68,"35,478,989"
6/24/2025,166.92,168.22,166.13,166.77,"40,524,312"
6/23/2025,166.27,167.34,162,165.19,"57,670,985"
6/20/2025,173.95,174.34,165.46,166.64,"75,659,917"
6/18/2025,176.01,176.56,173.2,173.32,"28,707,524"
6/17/2025,175.7,177.36,174.58,175.95,"24,973,043"
6/16/2025,174.73,176.94,174.65,176.77,"27,389,208"
6/13/2025,172.44,177.13,172.39,174.67,"27,663,107"
6/12/2025,176.18,176.72,174.75,175.7,"20,941,873"
6/11/2025,179.77,180.37,176.75,177.35,"31,646,757"
6/10/2025,176.2,181.11,174.91,178.6,"61,766,121"
6/9/2025,174.54,176.47,174.37,176.09,"28,935,906"
6/6/2025,170.83,174.5,170.83,173.68,"35,731,832"
6/5/2025,170.34,170.93,167.59,168.21,"36,444,564"
6/4/2025,166.74,168.22,166.36,168.05,"26,900,838"
6/3/2025,167.49,168.48,165.28,166.18,"45,084,903"
6/2/2025,167.84,169.87,167.39,169.03,"38,612,272"
5/30/2025,171.35,172.21,167.44,171.74,"52,639,911"
5/29/2025,174,174.42,170.63,171.86,"29,373,803"
5/28/2025,173.16,175.27,171.91,172.36,"34,783,997"
5/27/2025,170.16,173.17,170,172.9,"37,995,670"
5/23/2025,169.06,169.96,167.89,168.47,"35,211,439"
5/22/2025,171.85,176.77,170.71,170.87,"74,864,418"
5/21/2025,163.69,173.14,163.56,168.56,"73,415,956"
5/20/2025,166.43,168.5,162.9,163.98,"46,607,656"
5/19/2025,164.51,166.64,164.22,166.54,"30,426,097"
5/16/2025,167.73,169.35,165.62,166.19,"42,846,925"
5/15/2025,165.84,166.21,162.37,163.96,"33,146,669"
5/14/2025,159.96,167,159.61,165.37,"48,755,869"
5/13/2025,158.79,160.57,156.16,159.53,"42,382,126"
5/12/2025,157.49,159.1,156.25,158.46,"44,138,818"
5/9/2025,154.17,155.05,152.2,152.75,"32,435,281"
5/8/2025,155,155.93,152.9,154.28,"57,498,692"
5/7/2025,164.08,165,147.84,151.38,"127,747,554"
5/6/2025,162.17,164.8,161.19,163.23,"21,277,210"
5/5/2025,163,165.39,162.72,164.21,"21,341,814"
5/2/2025,163.41,164.97,161.87,164.03,"25,715,005"
5/1/2025,160.45,161.95,158.91,161.3,"30,203,248"
4/30/2025,157.98,159.27,155.4,158.8,"34,981,059"
4/29/2025,160.33,160.74,157.52,160.16,"26,808,958"
4/28/2025,162.43,163.15,158.6,160.61,"29,745,782"
4/25/2025,165.07,166.1,161.04,161.96,"56,033,995"
4/24/2025,156.15,159.59,155.79,159.28,"45,893,951"
4/23/2025,155.61,157.53,153.81,155.35,"31,128,833"
4/22/2025,148.89,152.19,148.54,151.47,"26,971,774"
4/21/2025,148.88,148.95,146.1,147.67,"26,049,115"
4/17/2025,154.29,154.68,148.5,151.16,"33,046,576"
4/16/2025,153.1,155.89,151.51,153.33,"28,187,421"
4/15/2025,159.13,159.65,155.21,156.31,"27,551,534"
4/14/2025,160,161.72,157.56,159.07,"30,332,957"
4/11/2025,152.9,157.67,152.82,157.14,"33,636,239"
4/10/2025,156.54,157.72,149.93,152.82,"48,021,972"
4/9/2025,144.42,159.55,143.91,158.71,"70,406,232"
4/8/2025,151.22,152.24,143.03,144.7,"52,200,208"
4/7/2025,141.55,152.85,140.53,146.75,"76,794,136"
4/4/2025,148.01,151.07,145.38,145.6,"62,259,539"
4/3/2025,151.11,152.78,150.39,150.72,"46,883,371"
4/2/2025,155.15,158.41,154.7,157.04,"25,041,730"
4/1/2025,153.62,158.1,153.62,157.07,"30,672,899"
3/31/2025,153.11,155.54,150.66,154.64,"54,603,464"
3/28/2025,160.49,161.82,153.63,154.33,"48,669,335"
3/27/2025,164.63,165.42,162,162.24,"24,508,273"
3/26/2025,169,169.61,164.84,165.06,"28,939,326"
3/25/2025,168.98,170.63,168.32,170.56,"24,174,373"
3/24/2025,167.07,168.32,165.14,167.68,"30,879,129"
3/21/2025,161.21,164.24,160.89,163.99,"36,625,764"
3/20/2025,161.57,164.89,160.96,162.8,"28,138,464"
3/19/2025,161.76,165.87,161,163.89,"34,275,582"
3/18/2025,163.68,164.25,156.72,160.67,"42,074,751"
3/17/2025,165.03,166.3,163.67,164.29,"31,184,335"
3/14/2025,163.27,166.49,162.45,165.49,"31,995,894"
3/13/2025,166.04,166.13,162.11,162.76,"31,756,214"
3/12/2025,166.58,167.64,163.53,167.11,"28,372,396"
3/11/2025,164.91,166.75,161.37,164.04,"39,587,414"
3/10/2025,168.26,168.46,163.69,165.87,"43,604,027"
3/7/2025,171.26,174.97,170.27,173.86,"27,385,813"
3/6/2025,170.53,174.81,170.5,172.35,"28,301,953"
3/5/2025,170.52,173.78,169.06,173.02,"30,954,922"
3/4/2025,166.24,173.29,165.8,170.92,"45,387,996"
3/3/2025,171.93,173.37,165.93,167.01,"40,770,451"
2/28/2025,168.68,170.61,166.77,170.28,"48,130,565"
2/27/2025,173.99,174.56,167.94,168.5,"39,991,015"
2/26/2025,175.07,176.08,171.58,172.73,"35,431,268"
2/25/2025,178.04,178.74,174.69,175.42,"41,913,411"
2/24/2025,181.99,183.12,178.89,179.25,"29,854,206"
2/21/2025,185.15,185.34,179.08,179.66,"35,199,239"
2/20/2025,184.8,185.31,182.72,184.56,"20,441,462"
2/19/2025,184.07,185.46,183.59,185.27,"19,549,396"
2/18/2025,185.6,185.96,181.74,183.77,"29,916,675"
2/14/2025,185.06,186.4,184.32,185.23,"20,448,437"
2/13/2025,184.32,186.28,183.14,186.14,"21,402,523"
2/12/2025,183.22,185.11,181.83,183.61,"22,072,559"
2/11/2025,185.03,186.94,184.28,185.32,"21,239,519"
2/10/2025,187.35,188.2,185.86,186.47,"23,105,649"
2/7/2025,191.05,191.18,183.24,185.34,"49,314,961"
2/6/2025,189.5,192.1,188.72,191.6,"29,297,442"
2/5/2025,191.07,192.75,188.03,191.33,"70,461,770"
2/4/2025,203.39,207.05,202.81,206.38,"43,856,425"
2/3/2025,200.69,203.75,200.1,201.23,"27,838,348"
1/31/2025,202,205.48,201.8,204.02,"32,041,952"
1/30/2025,198,201.4,197.67,200.87,"24,354,684"
1/29/2025,195.56,196.79,193.43,195.41,"18,218,256"
1/28/2025,192.75,195.48,190.68,195.3,"24,157,929"
1/27/2025,192.41,196.88,190.73,191.81,"41,728,893"
1/24/2025,198.1,200.9,198,200.21,"23,877,521"
1/23/2025,198.14,200.3,195.2,197.98,"26,951,357"
1/22/2025,199.06,200.48,197.53,198.37,"26,200,617"
1/21/2025,199.07,202.29,197.87,198.05,"29,971,292"
1/17/2025,196.53,197.23,193.75,196,"27,735,089"
1/16/2025,194.14,195.48,192.81,192.91,"17,815,432"
1/15/2025,193.09,196.36,191.86,195.55,"21,775,969"
1/14/2025,191.24,191.98,188.31,189.66,"17,174,854"
1/13/2025,190.07,191.18,187.36,191.01,"21,823,699"
1/10/2025,194.3,196.52,190.31,192.04,"26,665,206"
1/8/2025,192.57,196.29,192.38,193.95,"24,864,766"
1/7/2025,197.11,201,194.6,195.49,"26,487,244"
1/6/2025,193.98,198.22,193.85,196.87,"29,563,638"
1/3/2025,191.37,193.21,189.98,191.79,"18,596,159"
1/2/2025,190.65,192,187.5,189.43,"20,370,828"
12/31/2024,191.08,191.96,188.51,189.3,"17,466,919"
12/30/2024,189.8,192.55,189.12,191.24,"14,264,659"
12/27/2024,194.95,195.32,190.65,192.76,"18,891,362"
12/26/2024,195.15,196.75,194.38,195.6,"12,057,210"
12/24/2024,194.84,196.11,193.78,196.11,"10,403,259"
12/23/2024,192.62,195.1,190.15,194.63,"25,675,014"
12/20/2024,185.78,192.89,185.22,191.41,"63,462,934"
12/19/2024,191.63,193.03,188.38,188.51,"32,265,241"
12/18/2024,195.22,197,187.74,188.4,"34,166,074"
12/17/2024,197.25,201.42,194.98,195.42,"43,504,025"
12/16/2024,192.87,199,192.62,196.66,"44,934,901"
12/13/2024,191.01,192.73,189.64,189.82,"25,143,495"
12/12/2024,195,195.18,191.71,191.96,"34,817,486"
12/11/2024,185.31,195.61,184.85,195.4,"67,894,071"
12/10/2024,182.85,186.36,181.05,185.17,"54,813,022"
12/9/2024,173.96,176.26,173.65,175.37,"25,389,631"
12/6/2024,172.03,175.08,171.86,174.71,"21,462,393"
12/5/2024,175.36,176.06,172.33,172.64,"21,356,243"
12/4/2024,171.15,174.91,171.06,174.37,"31,615,137"
12/3/2024,171.49,172.68,170.85,171.34,"22,248,705"
12/2/2024,168.77,172.08,168.57,171.49,"23,789,084"
11/29/2024,168.5,169.43,167.16,168.95,"14,257,244"
11/27/2024,169,169.48,168.02,169.23,"19,266,511"
11/26/2024,167.63,169.82,167.58,169.12,"20,486,720"
11/25/2024,166.09,168.63,165.61,167.65,"33,135,263"
11/22/2024,165.85,166.46,163.9,164.76,"38,604,587"
11/21/2024,173.9,174.13,163.7,167.63,"59,734,379"
11/20/2024,177.34,177.68,173.78,175.98,"18,997,111"
11/19/2024,173.72,178.87,173.56,178.12,"23,434,925"
11/18/2024,173.42,175.44,172.9,175.3,"20,206,613"
11/15/2024,173.73,174.14,171.22,172.49,"32,504,649"
11/14/2024,178.28,178.82,174.32,175.58,"31,007,457"
11/13/2024,180.46,180.96,178.54,178.88,"23,184,003"
11/12/2024,179.82,182.49,179.39,181.62,"25,134,905"
11/11/2024,178.58,180.55,178.47,180.35,"17,450,354"
11/8/2024,180.65,180.9,178.08,178.35,"22,006,182"
11/7/2024,177.41,181.08,177.19,180.75,"25,352,939"
11/6/2024,173.8,176.94,173.5,176.51,"33,695,538"
11/5/2024,169.43,170.53,168.84,169.74,"18,242,050"
11/4/2024,169.93,170.73,168.01,169.24,"21,492,744"
11/1/2024,170.07,172.32,168.88,171.29,"31,796,477"
10/31/2024,173.13,176.82,171,171.11,"44,768,981"
10/30/2024,180.68,182.02,174.06,174.46,"68,890,787"
10/29/2024,167.73,170.38,167.09,169.68,"42,169,025"
10/28/2024,168.75,168.75,163.95,166.72,"32,138,641"
10/25/2024,163.67,165.59,163.42,165.27,"19,828,884"
10/24/2024,162.83,163.33,161.01,162.72,"22,412,527"
10/23/2024,164.76,165.82,161.93,162.78,"18,280,518"
10/22/2024,162.98,165.77,162.98,165.14,"16,568,121"
10/21/2024,162.95,164.5,162.62,164.07,"20,946,455"
10/18/2024,163.19,164.71,163.08,163.42,"19,757,661"
10/17/2024,165.73,166.37,162.76,162.93,"21,453,395"
10/16/2024,164.53,165.8,163.74,165.16,"16,406,030"
10/15/2024,165.79,167.68,164.63,165.46,"20,247,195"
10/14/2024,163.64,166.23,163.4,164.96,"19,016,141"
10/11/2024,162.13,163.9,161.24,163.24,"15,344,251"
10/10/2024,160.87,163.07,160.4,162.08,"14,144,068"
10/9/2024,163.45,164.84,159.74,161.86,"31,181,774"
10/8/2024,163.94,164.73,162.87,164.38,"23,072,733"
10/7/2024,167.72,168.48,162.75,162.98,"22,463,140"
10/4/2024,168.06,168.23,165.48,167.06,"19,093,724"
10/3/2024,164.41,166.64,163.92,165.86,"15,073,101"
10/2/2024,166.42,167.52,164.73,165.86,"17,760,179"
10/1/2024,167.69,169.16,164.58,166.99,"28,338,123"
9/30/2024,163.32,166.15,163.26,165.85,"20,481,303"
9/27/2024,162.81,165.7,162.63,163.95,"21,101,307"
9/26/2024,163.64,164.08,162.28,162.73,"20,319,336"
9/25/2024,161.47,162.81,161.3,161.49,"18,869,199"
9/24/2024,163.03,163.22,160.69,162.29,"23,332,147"
9/23/2024,164.35,165.49,161.67,161.85,"24,150,852"
9/20/2024,163.5,163.73,162.06,163.59,"40,896,438"
9/19/2024,163.71,163.79,161.34,162.14,"26,587,733"
9/18/2024,159.86,160.5,158.6,159.81,"23,677,315"
9/17/2024,159.02,160.55,158.38,159.32,"20,715,612"
9/16/2024,157.31,158.25,156.6,158.06,"18,379,775"
9/13/2024,155.43,158.38,155.21,157.46,"29,591,152"
9/12/2024,153.8,154.82,152.65,154.69,"29,695,048"
9/11/2024,149.92,151.5,147.52,151.16,"29,607,693"
9/10/2024,150.45,151.27,148.34,148.66,"31,118,765"
9/9/2024,152.51,153.4,147.22,148.71,"39,260,451"
9/6/2024,157.3,157.83,150.55,150.92,"37,912,130"
9/5/2024,156.3,159.45,155.98,157.24,"18,688,747"
9/4/2024,156.66,159,155.96,156.45,"19,353,759"
9/3/2024,161.72,161.85,156.48,157.36,"38,945,301"
8/30/2024,162.62,163.66,161.69,163.38,"22,123,811"
8/29/2024,164.31,165.97,160.25,161.78,"19,699,767"
8/28/2024,165.04,165.6,161.53,162.85,"16,407,444"
8/27/2024,165.84,166.44,164.46,164.68,"11,821,941"
8/26/2024,166.38,167.55,164.46,166.16,"14,190,417"
8/23/2024,164.72,166.18,163.83,165.62,"13,955,741"
8/22/2024,167.26,167.59,163.31,163.8,"22,493,275"
8/21/2024,165.15,166.85,164.67,165.85,"22,901,997"
8/20/2024,166.9,168.64,166.82,167.18,"18,341,533"
8/19/2024,165.28,166.69,164.26,166.67,"22,416,185"
8/16/2024,161.47,165.06,161.13,162.96,"24,208,647"
8/15/2024,160.5,161.64,159.61,161.3,"31,524,252"
8/14/2024,162.4,163.22,157.71,160.37,"40,591,126"
8/13/2024,163.41,164.73,162.97,164.16,"18,551,690"
8/12/2024,164.35,164.9,161.84,162.29,"15,895,286"
8/9/2024,160.01,163.79,159.06,163.67,"28,602,285"
8/8/2024,160.51,163.69,160.21,162.03,"25,578,839"
8/7/2024,161.25,162.98,158.47,158.94,"25,138,573"
8/6/2024,159.33,160.57,156.41,158.29,"49,004,561"
8/5/2024,155.5,164.43,154.93,159.25,"53,630,673"
8/2/2024,166.44,168.51,164.67,166.66,"29,130,102"
8/1/2024,170.25,174.05,168.88,170.76,"24,531,392"
7/31/2024,173.24,174.25,170.01,171.54,"25,729,090"
7/30/2024,170.24,171.23,168.44,170.29,"18,959,686"
7/29/2024,168.83,170.43,167.99,169.53,"20,293,822"
7/26/2024,167.15,168.09,164.06,167,"41,336,886"
7/25/2024,172.52,173.42,167.19,167.28,"44,851,973"
7/24/2024,173.6,176.19,171.82,172.63,"49,585,203"
7/23/2024,182.05,183.61,181.54,181.79,"36,352,714"
7/22/2024,180.59,182.7,180.23,181.67,"24,100,345"
7/19/2024,178.88,180.29,177.13,177.66,"18,881,885"
7/18/2024,181.93,182.5,176.47,177.69,"25,315,727"
7/17/2024,182.97,183.55,179.9,181.02,"20,734,071"
7/16/2024,187.36,188.68,183.37,183.92,"18,290,722"
7/15/2024,184.92,188.24,184.92,186.53,"16,474,043"
7/12/2024,185.08,187.11,184.49,185.07,"22,898,406"
7/11/2024,189.85,190.86,185.08,185.57,"25,625,784"
7/10/2024,189.15,191.75,189.03,191.18,"15,952,454"
7/9/2024,190.31,191.36,188.72,188.98,"15,141,312"
7/8/2024,189.9,190.17,187.78,189.03,"21,035,886"
7/5/2024,185.86,190.86,185.8,190.6,"20,967,450"
7/3/2024,184.85,186.09,184,185.82,"10,242,126"
7/2/2024,182.05,185.57,181.56,185.24,"17,372,485"
7/1/2024,183.03,183.88,181.3,182.99,"16,006,128"
6/28/2024,184.32,185.13,181.96,182.15,"29,156,644"
6/27/2024,184.18,186.05,184.02,185.41,"18,848,884"
6/26/2024,182.63,184.51,182.48,183.88,"19,838,972"
6/25/2024,179.62,184.29,179.42,184.03,"23,235,589"
6/24/2024,180.16,180.89,178.67,179.22,"18,298,012"
6/21/2024,177,180.85,176.61,179.63,"58,582,743"
6/20/2024,175.37,177.29,174.99,176.3,"20,160,085"
6/18/2024,177.14,177.39,174.1,175.09,"21,869,857"
6/17/2024,175.46,178.36,174.81,177.24,"19,618,497"
6/14/2024,174.22,177.06,174.15,176.79,"18,063,555"
6/13/2024,176.11,176.74,174.88,175.16,"20,913,299"
6/12/2024,178.25,180.41,176.11,177.79,"27,864,737"
6/11/2024,176.22,176.84,173.77,176.62,"21,540,582"
6/10/2024,174.97,177.06,172.76,175.01,"23,779,218"
6/7/2024,177.05,177.87,174.3,174.46,"19,661,399"
6/6/2024,175.9,177.15,175.75,176.73,"23,251,013"
6/5/2024,175.2,176.65,173.93,175.41,"22,068,519"
6/4/2024,173.28,173.85,171.89,173.79,"26,879,596"
6/3/2024,172.54,174.53,171.16,173.17,"27,459,118"
5/31/2024,171.86,173.06,169.44,172.5,"37,638,876"
5/30/2024,175.2,175.22,171.79,172.11,"22,958,677"
5/29/2024,175.43,176.84,174.72,175.9,"23,388,693"
5/28/2024,174.45,177.27,174.37,176.4,"20,572,157"
5/24/2024,174.98,175.77,173.65,174.99,"16,579,438"
5/23/2024,177.07,178.25,172.95,173.55,"21,024,935"
5/22/2024,176.64,177.15,175.21,176.38,"17,880,042"
5/21/2024,176.9,178.15,175.81,177.85,"16,989,369"
5/20/2024,176.19,178.77,176.08,176.92,"22,554,400"
5/17/2024,174.18,176.27,173.69,176.06,"24,479,262"
5/16/2024,173.29,175.12,172.69,174.18,"27,867,947"
5/15/2024,170.63,172.65,170.51,172.51,"26,948,370"
5/14/2024,169.77,171.25,168.8,170.34,"25,127,138"
5/13/2024,164.26,169.28,164,169.14,"31,327,602"
5/10/2024,168.03,169.85,166.19,168.65,"29,799,931"
5/9/2024,169.39,170.69,168.18,169.96,"15,346,700"
5/8/2024,169,170.15,168.74,169.38,"19,569,146"
5/7/2024,168.5,171.76,168.39,171.25,"28,039,696"
5/6/2024,167.46,168.14,166.03,168.1,"21,871,283"
5/3/2024,167.56,167.96,163.05,167.24,"34,662,432"
5/2/2024,164.79,166.73,163.89,166.62,"24,294,549"
5/1/2024,164.3,167.12,163.09,163.86,"33,493,151"
4/30/2024,165.61,168.1,162.6,162.78,"33,562,861"
4/29/2024,169.06,169.55,165.21,166.15,"45,610,024"
4/26/2024,174.37,174.71,169.65,171.95,"64,665,299"
4/25/2024,151.33,156.49,150.87,156,"57,109,730"
4/24/2024,157.49,159.57,157.17,159.13,"22,779,112"
4/23/2024,156.96,158.97,156.28,158.26,"21,151,568"
4/22/2024,154.31,157.64,154.06,156.28,"26,446,206"
4/19/2024,156.2,156.36,152.3,154.09,"32,615,639"
4/18/2024,155.34,156.94,154.62,156.01,"19,883,044"
4/17/2024,155.62,157.08,154.58,155.47,"21,763,130"
4/16/2024,154.19,155.65,153.43,154.4,"20,779,495"
4/15/2024,158.86,159.24,154.59,154.86,"27,136,472"
4/12/2024,157.96,160.22,157.14,157.73,"25,353,746"
4/11/2024,156.91,159.68,156.46,159.41,"27,166,431"
4/10/2024,156.21,156.61,154.68,156.14,"22,838,629"
4/9/2024,156.09,158.56,155.19,156.6,"31,113,013"
4/8/2024,152.78,155.27,152.61,154.85,"20,701,974"
4/5/2024,150.03,153.42,149.6,152.5,"23,459,246"
4/4/2024,153.5,154.77,150.45,150.53,"34,724,738"
4/3/2024,153.6,155.08,152.73,154.92,"24,704,991"
4/2/2024,153.5,154.7,152.15,154.56,"24,585,985"
4/1/2024,150.69,155.74,150.61,155.49,"31,730,848"
3/28/2024,150.85,151.43,150.17,150.93,"24,485,390"
3/27/2024,151.18,151.64,148.9,150.87,"22,879,178"
3/26/2024,150.22,152.26,149.98,150.67,"22,149,137"
3/25/2024,149.94,150.38,147.82,150.07,"19,229,285"
3/22/2024,149.12,151.58,148.98,150.77,"29,211,769"
3/21/2024,149.47,150.37,146.9,147.6,"24,755,597"
3/20/2024,148,148.86,146.74,148.74,"21,311,501"
3/19/2024,148.16,148.79,146.08,147.03,"24,070,435"
3/18/2024,148.61,152.15,147.17,147.68,"69,273,699"
3/15/2024,142.5,143.18,140.03,141.18,"49,475,417"
3/14/2024,141.19,143.59,140.46,143.1,"42,753,387"
3/13/2024,139,141.09,138.99,139.79,"23,347,208"
3/12/2024,137.03,139.38,137.03,138.5,"27,563,354"
3/11/2024,136.13,139.1,136.13,137.67,"32,437,772"
3/8/2024,134.21,138.09,134,135.41,"39,370,392"
3/7/2024,132.8,134.94,131.61,134.38,"37,738,209"
3/6/2024,133.12,133.58,130.85,131.4,"35,318,610"
3/5/2024,131.88,133.24,130.67,132.67,"40,194,757"
3/4/2024,135.66,135.66,131.91,133.35,"55,999,415"
3/1/2024,138.43,138.87,136.92,137.14,"31,151,116"
2/29/2024,137.28,138.86,136.4,138.46,"42,132,953"
2/28/2024,137.9,138.01,135.41,136.38,"37,328,558"
2/27/2024,138.02,139.25,137.09,138.88,"33,099,190"
2/26/2024,142.14,142.44,137.39,137.57,"53,641,795"
2/23/2024,143.67,144.68,143.43,143.96,"19,493,752"
2/22/2024,144.93,145,142.8,144.09,"27,191,892"
2/21/2024,141.45,142.69,140.68,142.55,"23,315,687"
2/20/2024,139.66,142.08,139.49,141.12,"24,935,710"
2/16/2024,142.99,143.19,140.14,140.52,"31,468,926"
2/15/2024,143.14,143.52,140.46,142.77,"37,590,695"
2/14/2024,146.08,146.52,144.09,145.94,"22,704,166"
2/13/2024,144.92,146.67,143.69,145.14,"27,837,730"
2/12/2024,148.42,149.34,147.37,147.53,"21,564,085"
2/9/2024,146.68,149.44,146.18,149,"26,829,504"
2/8/2024,145.83,146.33,145.11,145.91,"22,563,764"
2/7/2024,144.76,145.62,143.93,145.54,"25,208,862"
2/6/2024,144.65,145.36,143.19,144.1,"29,128,201"
2/5/2024,142.82,145.47,142.78,143.68,"38,505,405"
2/2/2024,139.26,142.62,136.5,142.38,"62,499,574"
2/1/2024,142.12,143.06,140.79,141.16,"40,466,549"
1/31/2024,143.62,144,139.87,140.1,"71,910,044"
1/30/2024,152.8,153.62,151.19,151.46,"36,331,833"
1/29/2024,152.06,153.78,151.43,153.51,"27,784,259"
1/26/2024,151.1,152.54,151.01,152.19,"26,115,494"
1/25/2024,150.07,153.05,149.54,151.87,"29,149,069"
1/24/2024,148.54,149.86,148.1,148.7,"25,233,450"
1/23/2024,145.89,147.18,145.5,147.04,"21,636,129"
1/22/2024,147.1,148.39,145.84,145.99,"32,200,369"
1/19/2024,144.74,146.45,144.38,146.38,"34,271,867"
1/18/2024,142.05,144.21,141.99,143.48,"25,746,417"
1/17/2024,141.35,141.84,138.9,141.47,"20,968,649"
1/16/2024,142,144.35,141.45,142.49,"22,670,467"
1/12/2024,142.67,143.2,141.82,142.65,"18,785,514"
1/11/2024,143.49,145.22,140.64,142.08,"24,008,722"
1/10/2024,141,143,140.91,142.28,"21,320,203"
1/9/2024,138.5,141.49,138.15,140.95,"24,759,598"
1/8/2024,136.29,139.01,136.26,138.84,"21,403,982"
1/5/2024,136.75,137.16,135.15,135.73,"22,513,854"
1/4/2024,138.42,139.16,136.35,136.39,"27,137,735"
1/3/2024,137.25,139.63,137.08,138.92,"24,212,147"
1/2/2024,138.55,139.45,136.48,138.17,"23,711,220"
12/29/2023,139.63,140.36,138.78,139.69,"18,733,017"
12/28/2023,140.78,141.14,139.75,140.23,"16,045,712"
12/27/2023,141.59,142.08,139.89,140.37,"19,628,618"
12/26/2023,141.59,142.68,141.19,141.52,"16,780,333"
12/22/2023,140.77,141.99,140.71,141.49,"26,532,199"
12/21/2023,139.49,140.69,139.18,140.42,"27,488,284"
12/20/2023,138.97,141.7,138.07,138.34,"49,107,179"
12/19/2023,136.84,137.47,136.08,136.65,"25,476,753"
12/18/2023,132.63,137.15,132.43,135.8,"32,257,967"
12/15/2023,131.62,133.51,131.18,132.6,"50,847,113"
12/14/2023,133.38,133.72,129.69,131.94,"38,722,413"
12/13/2023,133.38,133.5,131.57,132.57,"30,104,775"
12/12/2023,131.81,133,131.26,132.52,"29,032,831"
12/11/2023,132.38,133.34,131.36,133.29,"31,138,011"
12/8/2023,134.2,136.4,134.03,134.99,"32,260,112"
12/7/2023,135.04,138.56,134.7,136.93,"56,767,100"
12/6/2023,131.44,131.84,129.88,130.02,"23,576,176"
12/5/2023,128.95,132.14,128.25,130.99,"27,384,784"
12/4/2023,129.88,130.03,127.9,129.27,"36,669,876"
12/1/2023,131.86,132.11,130.67,131.86,"31,442,263"
11/30/2023,135.05,135.55,131.28,132.53,"38,988,263"
11/29/2023,137.57,138.29,134.84,134.99,"23,967,222"
11/28/2023,136.08,137.25,135.42,137.2,"18,730,032"
11/27/2023,136.03,138.42,136,136.41,"23,436,526"
11/24/2023,138.03,138.13,135.99,136.69,"12,514,322"
11/22/2023,137.47,139.42,137.47,138.49,"17,820,456"
11/21/2023,136.29,137.18,135.96,136.97,"22,635,272"
11/20/2023,133.69,136.66,133.62,136.25,"27,850,762"
11/17/2023,136,136.06,133.65,135.31,"37,287,691"
11/16/2023,135.19,137.22,134.32,136.93,"28,013,179"
11/15/2023,134.87,135.03,133.57,134.62,"23,861,515"
11/14/2023,134.19,135.7,133.32,133.62,"32,395,178"
11/13/2023,131.78,132.59,131.25,132.09,"18,324,751"
11/10/2023,130.11,132.8,129.41,132.59,"26,927,826"
11/9/2023,131.96,132.55,130.07,130.24,"23,747,773"
11/8/2023,130.97,132.21,130.78,131.84,"26,425,849"
11/7/2023,130.71,131.91,129.88,130.97,"29,757,276"
11/6/2023,129.05,130.34,128.67,130.25,"19,052,740"
11/3/2023,128.02,129.53,127.86,129.1,"26,393,109"
11/2/2023,128.42,128.98,126.93,127.49,"27,124,647"
11/1/2023,124.07,126.49,123.72,126.45,"30,082,438"
10/31/2023,125.06,125.37,122.69,124.08,"26,292,342"
10/30/2023,123.21,125.4,122.75,124.46,"28,940,081"
10/27/2023,122.88,123.31,120.21,122.17,"44,566,506"
10/26/2023,123.27,124.33,121.27,122.28,"57,061,140"
10/25/2023,128.16,128.31,125.07,125.61,"84,366,208"
10/24/2023,137.83,139.36,137.42,138.81,"44,814,321"
10/23/2023,135.04,137.66,133.95,136.5,"26,317,930"
10/20/2023,137.33,137.87,135.08,135.6,"26,335,673"
10/19/2023,138.5,139.66,137.38,137.75,"26,066,011"
10/18/2023,139.45,140.72,137.38,137.96,"23,374,998"
10/17/2023,138.63,139.9,137.18,139.72,"23,515,780"
10/16/2023,138.17,139.63,137.99,139.1,"28,501,871"
10/13/2023,139.38,140,136.62,137.36,"23,435,599"
10/12/2023,141.05,141.22,138.26,138.97,"24,765,537"
10/11/2023,138.58,141.11,138.58,140.55,"25,884,303"
10/10/2023,138.5,139.72,137.33,138.06,"27,786,613"
10/9/2023,136.94,138.94,135.61,138.42,"19,278,070"
10/6/2023,134.01,138.16,134.01,137.58,"27,597,598"
10/5/2023,135.07,135.49,133.45,135.07,"19,832,615"
10/4/2023,132.79,135.57,132.53,135.24,"26,752,295"
10/3/2023,133.94,134.26,131.84,132.43,"22,989,401"
10/2/2023,131.21,134.42,131.17,134.17,"22,288,038"
9/29/2023,133.28,134.05,130.36,130.86,"30,859,790"
9/28/2023,129.84,133.3,129.79,132.31,"22,513,132"
9/27/2023,128.57,130.9,128.57,130.54,"22,746,452"
9/26/2023,129.77,130.36,127.22,128.57,"25,718,704"
9/25/2023,129.83,131.17,128.96,131.11,"20,094,643"
9/22/2023,130.76,132.03,129.6,130.25,"26,397,337"
9/21/2023,131.44,132.23,130.07,130.44,"31,503,910"
9/20/2023,138.08,138.08,133.62,133.74,"29,927,475"
9/19/2023,137.42,138.41,136.62,138.04,"20,353,653"
9/18/2023,136.61,139.16,136.61,138.21,"21,861,346"
9/15/2023,137.98,138.52,136.48,137.4,"38,919,614"
9/14/2023,137.6,138.7,136.24,138.1,"24,750,968"
9/13/2023,135.09,136.9,134.15,136.71,"20,749,496"
9/12/2023,136.26,136.87,135.19,135.34,"18,405,505"
9/11/2023,136.54,137.48,135.79,136.92,"20,763,350"
9/8/2023,134.91,136.66,134.85,136.38,"23,584,188"
9/7/2023,133.59,135.58,132.95,135.26,"18,844,342"
9/6/2023,136.02,136.53,133.67,134.46,"18,684,534"
9/5/2023,135.44,136.42,134.58,135.77,"19,403,112"
9/1/2023,137.46,137.46,134.85,135.66,"21,543,687"
8/31/2023,136.01,138,135.79,136.17,"30,053,800"
8/30/2023,134.78,136.28,134.07,135.88,"28,315,769"
8/29/2023,132.24,136.57,132.24,134.57,"43,075,556"
8/28/2023,131.31,132.54,130.14,131.01,"20,543,266"
8/25/2023,129.54,130.76,127.25,129.88,"26,762,891"
8/24/2023,133.95,134.25,129.57,129.78,"28,500,694"
8/23/2023,130.18,133.41,129.87,132.37,"27,819,713"
8/22/2023,128.51,130.28,128.32,129.08,"22,067,520"
8/21/2023,127.18,128.73,126.56,128.37,"25,248,729"
8/18/2023,128.51,129.25,126.38,127.46,"30,504,769"
8/17/2023,129.8,131.99,129.29,129.92,"33,446,280"
8/16/2023,128.7,130.28,127.87,128.7,"25,216,068"
8/15/2023,131.1,131.42,129.28,129.78,"19,770,732"
8/14/2023,129.39,131.37,128.96,131.33,"24,695,608"
8/11/2023,128.66,129.93,128.17,129.56,"19,591,080"
8/10/2023,131.32,132.05,129.45,129.69,"20,857,754"
8/9/2023,131.66,132.04,129,129.66,"24,912,918"
8/8/2023,130.62,131.51,129.55,131.4,"23,535,181"
8/7/2023,129.16,131.61,129.02,131.53,"22,746,290"
8/4/2023,129.28,131.51,127.91,128.11,"26,147,158"
8/3/2023,127.97,129.39,127.42,128.45,"20,159,528"
8/2/2023,129.45,130.09,127.56,128.38,"26,273,258"
8/1/2023,130.78,132.63,130.68,131.55,"23,276,440"
7/31/2023,132.73,133.53,131.78,132.72,"28,055,531"
7/28/2023,130.78,133.74,130.57,132.58,"36,591,158"
7/27/2023,131.67,133.24,128.79,129.4,"44,952,074"
7/26/2023,130.07,130.98,128.32,129.27,"61,682,093"
7/25/2023,121.36,123.15,121.02,122.21,"52,509,551"
7/24/2023,121.66,123,120.98,121.53,"29,723,667"
7/21/2023,120.62,120.99,118.73,120.02,"71,606,474"
7/20/2023,121.42,124.09,118.22,119.2,"37,906,763"
7/19/2023,124.6,125.18,121.8,122.03,"37,224,033"
7/18/2023,124.6,124.68,122.96,123.76,"26,226,447"
7/17/2023,125.94,127.1,124.2,124.65,"25,716,215"
7/14/2023,124.8,126.78,123.49,125.42,"33,283,076"
7/13/2023,120.93,124.83,120.45,124.54,"44,297,915"
7/12/2023,118.8,120.33,118.41,118.93,"30,404,409"
7/11/2023,116.29,117.71,115.35,117.14,"23,078,782"
7/10/2023,118.3,118.31,116.14,116.45,"35,315,235"
7/7/2023,120.1,121.05,119.4,119.48,"21,709,549"
7/6/2023,119.8,120.3,118.4,120.11,"24,778,801"
7/5/2023,119.24,122.61,119.23,121.75,"27,584,809"
7/3/2023,119.24,120.19,118.82,119.9,"14,467,850"
6/30/2023,120.17,121.08,119.69,119.7,"29,532,241"
6/29/2023,119.24,120.06,118.3,119.1,"24,090,902"
6/28/2023,117.09,120.39,116.85,120.18,"27,091,449"
6/27/2023,117.08,119.08,116.1,118.33,"39,535,936"
6/26/2023,120.76,122,118.27,118.34,"33,969,897"
6/23/2023,121.38,122.79,121.06,122.34,"34,913,637"
6/22/2023,120,123.24,118.83,123.15,"26,952,246"
6/21/2023,122.4,122.66,120.1,120.55,"30,306,336"
6/20/2023,122.93,124.57,122.14,123.1,"26,097,492"
6/16/2023,125.93,126.11,123.28,123.53,"45,535,553"
6/15/2023,123.14,125.46,122.4,125.09,"35,246,268"
6/14/2023,123.1,124.05,121.45,123.67,"30,592,297"
6/13/2023,124.98,125.16,123.18,123.83,"22,278,313"
6/12/2023,122.79,124.05,121.66,123.64,"28,338,743"
6/9/2023,122.25,123.76,121.91,122.23,"23,778,319"
6/8/2023,122.23,123.23,121.24,122.14,"29,389,167"
6/7/2023,126.97,129.04,122.12,122.5,"52,538,986"
6/6/2023,126.01,128.29,125.36,127.31,"26,638,295"
6/5/2023,124.01,127.43,123.84,126.01,"32,305,531"
6/2/2023,123.99,126.15,123.76,124.67,"26,980,147"
6/1/2023,122.82,124.42,122.62,123.72,"30,772,683"
5/31/2023,122.75,124.06,122.5,122.87,"37,325,787"
5/30/2023,125.64,125.66,122,123.67,"35,076,658"
5/26/2023,123.17,125.26,122.45,124.61,"35,635,937"
5/25/2023,124.52,125.32,121.96,123.48,"42,316,986"
5/24/2023,121.12,121.91,119.86,120.9,"34,182,635"
5/23/2023,124.16,124.63,122.21,122.56,"34,046,251"
5/22/2023,122.94,126.43,122.74,125.05,"35,253,034"
5/19/2023,123.55,125.97,122.15,122.76,"41,353,445"
5/18/2023,120.95,123.31,120.83,122.83,"35,234,233"
5/17/2023,119.61,121.67,118.89,120.84,"33,323,588"
5/16/2023,116.49,120.75,116.43,119.51,"45,035,558"
5/15/2023,116.11,118.48,116.01,116.51,"36,266,765"
5/12/2023,116.68,118.03,116.11,117.51,"41,102,330"
5/11/2023,115.4,117.92,114.41,116.57,"78,900,029"
5/10/2023,107.97,112.94,107.93,111.75,"63,153,367"
5/9/2023,108.39,110.15,107.19,107.35,"36,360,141"
5/8/2023,105.18,107.96,105.16,107.77,"26,511,445"
5/5/2023,104.82,105.88,104.11,105.57,"26,639,254"
5/4/2023,105.49,105.6,103.97,104.69,"23,419,506"
5/3/2023,105.53,107.49,104.96,105.41,"21,795,405"
5/2/2023,107.14,107.2,103.71,105.32,"30,997,245"
5/1/2023,106.84,107.99,106.82,107.2,"26,681,680"
4/28/2023,107.04,107.35,105.09,107.34,"36,139,847"
4/27/2023,104.45,108.37,103.54,107.59,"50,089,187"
4/26/2023,104.92,106.35,102.63,103.71,"53,347,560"
4/25/2023,105.83,106.69,103.84,103.85,"46,664,104"
4/24/2023,105.49,106.63,104.7,105.97,"23,542,829"
4/21/2023,105.47,106,104.78,105.41,"25,800,082"
4/20/2023,103.91,106.25,103.87,105.29,"27,820,794"
4/19/2023,103.58,104.98,103.07,104.18,"20,905,684"
4/18/2023,106.49,106.54,104.07,104.5,"26,596,445"
4/17/2023,104.66,106.16,104.52,105.97,"37,571,218"
4/14/2023,106.89,108.94,106.84,108.87,"26,578,002"
4/13/2023,105.84,107.49,105.84,107.43,"24,843,579"
4/12/2023,106.58,106.75,104.34,104.64,"24,370,274"
4/11/2023,106.55,106.73,104.68,105.35,"26,311,803"
4/10/2023,106.98,107.59,105.12,106.44,"27,067,355"
4/6/2023,105.26,109.17,104.33,108.42,"48,711,480"
4/5/2023,105.78,106.1,103.66,104.47,"28,290,503"
4/4/2023,104.33,105.58,104.04,104.72,"24,420,079"
4/3/2023,102.39,104.53,101.93,104.36,"25,035,399"
3/31/2023,101.3,103.89,101.04,103.73,"36,863,369"
3/30/2023,100.91,101.16,99.78,100.89,"33,086,183"
3/29/2023,102.28,102.49,100.65,101.39,"28,779,572"
3/28/2023,102.44,102.45,99.74,101.03,"32,057,865"
3/27/2023,104.62,104.76,101.93,102.46,"31,120,864"
3/24/2023,104.99,105.49,103.84,105.44,"30,411,043"
3/23/2023,105.06,106.3,104.46,105.6,"40,797,769"
3/22/2023,104.27,106.59,103.33,103.37,"43,427,419"
3/21/2023,101.25,105.1,101.22,104.92,"42,110,279"
3/20/2023,100.12,101.75,99.87,101.22,"32,960,440"
3/17/2023,100.26,102.84,100.1,101.62,"61,028,547"
3/16/2023,96.2,101.19,95.5,100.32,"65,567,656"
3/15/2023,93.22,96.93,92.64,96.11,"50,622,050"
3/14/2023,92.56,94.36,92.44,93.97,"36,050,214"
3/13/2023,90.09,92.57,89.42,91.11,"37,335,573"
3/10/2023,92.17,92.79,90.4,90.63,"35,941,046"
3/9/2023,94.05,95.53,91.9,92.32,"28,813,532"
3/8/2023,94.12,95.96,94,94.25,"34,103,265"
3/7/2023,94.98,95.67,93.53,93.86,"27,835,476"
3/6/2023,94.02,95.97,94,95.13,"32,639,313"
3/3/2023,92.48,93.73,92.45,93.65,"35,160,105"
3/2/2023,89.66,92.28,89.59,92,"32,226,229"
3/1/2023,89.98,91.03,89.67,90.36,"31,111,225"
2/28/2023,89.33,91.23,89.32,90.06,"30,142,039"
2/27/2023,89.87,90.16,89.34,89.87,"27,502,302"
2/24/2023,89.44,89.89,88.58,89.13,"36,585,093"
2/23/2023,91.92,91.94,89.76,90.89,"41,206,380"
2/22/2023,91.7,92.11,90.61,91.65,"30,884,017"
2/21/2023,93,93.1,91.72,91.79,"33,629,256"
2/17/2023,94.85,95.56,93.21,94.35,"34,284,118"
2/16/2023,95.37,97.68,94.74,95.51,"42,462,618"
2/15/2023,94.49,97.12,94.15,96.94,"50,298,481"
2/14/2023,94.43,94.85,92.26,94.68,"54,726,120"
2/13/2023,94.74,95.2,93.84,94.61,"50,076,120"
2/10/2023,95.45,96.75,94.25,94.57,"54,980,696"
2/9/2023,100,100.03,93.63,95.01,"119,455,020"
2/8/2023,102.05,103.14,98.04,99.37,"94,743,515"
2/7/2023,103.22,108.18,103.12,107.64,"49,010,230"
2/6/2023,102.4,104.36,101.88,102.9,"31,999,562"
2/3/2023,102.93,107.81,102.58,104.78,"65,309,261"
2/2/2023,105.8,107.85,105.61,107.74,"69,883,762"
2/1/2023,98.71,101.19,97.58,100.43,"35,531,104"
1/31/2023,96.87,98.88,96.82,98.84,"29,870,669"
1/30/2023,97.48,98.29,96.4,96.94,"27,226,198"
1/27/2023,97.31,100.32,97.31,99.37,"33,879,753"
1/26/2023,96.5,97.57,95.38,97.52,"30,113,974"
1/25/2023,95.57,96.16,93.76,95.22,"42,329,952"
1/24/2023,98.1,99.61,97.2,97.7,"33,078,512"
1/23/2023,97.95,100.04,97.5,99.79,"40,005,055"
1/20/2023,95.1,98.3,95.02,98.02,"63,191,078"
1/19/2023,90.72,93.61,90.63,93.05,"37,000,395"
1/18/2023,92.14,92.8,90.64,91.12,"29,116,691"
1/17/2023,92.06,92.25,90.05,91.29,"32,602,423"
1/13/2023,90.85,92.19,90.13,92.12,"26,329,212"
1/12/2023,91.48,91.87,89.75,91.13,"30,258,135"
1/11/2023,89.18,91.6,89.01,91.52,"26,861,969"
1/10/2023,85.98,88.67,85.83,88.42,"30,467,755"
1/9/2023,88.36,90.05,87.86,88.02,"29,003,901"
1/6/2023,86.79,87.69,84.86,87.34,"41,381,495"
1/5/2023,87.47,87.57,85.9,86.2,"27,194,375"
1/4/2023,90.35,90.65,87.27,88.08,"34,854,776"
1/3/2023,89.59,91.05,88.52,89.12,"28,131,224"
12/30/2022,86.98,88.3,86.57,88.23,"23,986,297"
12/29/2022,86.62,88.85,86.61,88.45,"23,333,537"
12/28/2022,86.98,88.04,85.94,86.02,"19,523,176"
12/27/2022,88.8,88.94,87.01,87.39,"20,097,346"
12/23/2022,87.11,89.55,87.07,89.23,"23,003,035"
12/22/2022,88.16,88.54,86.32,87.76,"27,658,293"
12/21/2022,89.08,90.22,88.32,89.58,"24,745,637"
12/20/2022,88.11,89.18,87.44,89.02,"23,453,836"
12/19/2022,90.26,90.56,88.21,88.44,"29,493,030"
12/16/2022,90.76,91.33,89.52,90.26,"58,011,847"
12/15/2022,93.13,93.64,90.01,90.86,"40,107,033"
12/14/2022,95.2,96.87,93.6,95.07,"28,733,599"
12/13/2022,97.76,99.53,95.03,95.63,"40,593,656"
12/12/2022,92.71,93.56,91.61,93.31,"29,009,013"
12/9/2022,93.77,94.26,92.75,92.83,"28,225,448"
12/8/2022,95.38,95.58,93.45,93.71,"32,213,288"
12/7/2022,96.41,96.88,94.72,94.94,"31,045,449"
12/6/2022,99.3,99.78,96.42,96.98,"24,910,655"
12/5/2022,99.4,101.38,99,99.48,"24,405,087"
12/2/2022,99.05,100.77,98.9,100.44,"21,480,703"
12/1/2022,101.02,102.25,100.25,100.99,"28,687,096"
11/30/2022,94.82,101.04,94.42,100.99,"43,647,481"
11/29/2022,95.73,96.12,94.11,95.19,"20,061,720"
11/28/2022,97.04,97.58,95.61,96.05,"26,252,433"
11/25/2022,98.24,98.64,97.4,97.46,"9,701,441"
11/23/2022,97.09,98.76,97.09,98.46,"18,868,092"
11/22/2022,95.95,97.22,94.05,97.05,"23,438,480"
11/21/2022,97.29,98.4,95.36,95.6,"21,647,387"
11/18/2022,98.77,98.9,96.37,97.43,"28,342,297"
11/17/2022,96.97,99.28,96.79,98.36,"26,052,599"
11/16/2022,97.9,99.64,97.64,98.85,"29,105,154"
11/15/2022,98.26,100.14,96.71,98.44,"41,640,816"
11/14/2022,95.09,96.79,94.51,95.7,"30,179,539"
11/11/2022,94.69,96.93,93.92,96.41,"33,090,482"
11/10/2022,92.25,94.39,91.61,93.94,"51,620,136"
11/9/2022,88.45,89.44,87.28,87.32,"31,769,099"
11/8/2022,88.9,90.32,87.59,88.9,"30,429,025"
11/7/2022,87.28,88.9,86.85,88.49,"34,078,912"
11/4/2022,85.4,86.64,83.71,86.58,"51,124,904"
11/3/2022,86.32,86.52,83.34,83.43,"61,288,019"
11/2/2022,90.94,91.18,86.88,86.97,"57,038,282"
11/1/2022,95.45,96.03,90.37,90.47,"47,161,351"
10/31/2022,95.42,96.03,93.98,94.51,"31,675,036"
10/28/2022,92.27,96.55,92.13,96.29,"43,697,286"
10/27/2022,94.52,95.43,91.8,92.22,"60,710,859"
10/26/2022,96.43,98.31,94.69,94.93,"88,279,042"
10/25/2022,102.9,104.82,102.72,104.48,"40,611,375"
10/24/2022,101.8,102.75,99.98,102.52,"27,176,417"
10/21/2022,97.85,101.31,97.72,101.13,"32,458,722"
10/20/2022,100,102.32,99.39,99.97,"25,323,202"
10/19/2022,100.01,101.02,98.92,99.63,"23,811,064"
10/18/2022,103.13,103.47,99.97,100.77,"24,060,671"
10/17/2022,98.86,100.93,98.83,99.97,"28,419,192"
10/14/2022,99.99,100.69,96.37,96.56,"25,410,674"
10/13/2022,95.15,99.78,94.38,99.06,"34,574,549"
10/12/2022,97.3,98.75,96.74,97.56,"21,876,362"
10/11/2022,97.43,99.25,96.31,97.18,"26,507,103"
10/10/2022,99,99.1,97.01,97.86,"18,225,094"
10/7/2022,99.85,100.53,98.3,98.68,"27,502,765"
10/6/2022,100.68,102.93,100.59,101.42,"22,323,989"
10/5/2022,99.83,101.93,98.8,101.43,"22,176,903"
10/4/2022,100.44,101.84,100.38,101.64,"28,850,773"
10/3/2022,96.76,99.29,96.52,98.64,"27,982,031"
9/30/2022,97.05,98.9,95.56,95.65,"32,941,493"
9/29/2022,98.64,98.64,95.96,97.42,"31,047,224"
9/28/2022,97.65,100.7,97.11,100.05,"32,466,323"
9/27/2022,99.43,100,96.87,97.5,"30,072,781"
9/26/2022,98.1,99.88,97.8,98.17,"27,072,662"
9/23/2022,99.63,99.66,97.47,98.74,"31,625,437"
9/22/2022,98.82,101.24,98.79,100.14,"34,298,619"
9/21/2022,101.67,102.88,99.27,99.28,"31,487,265"
9/20/2022,102.08,102.37,100.52,101.14,"26,517,123"
9/19/2022,101.75,103.33,101.55,103.07,"23,036,811"
9/16/2022,102.07,103.13,100.94,102.8,"42,797,172"
9/15/2022,104.03,105.27,102.35,102.91,"34,188,284"
9/14/2022,104.57,105.28,103.66,105,"26,395,134"
9/13/2022,107.8,108.3,104.09,104.32,"38,172,871"
9/12/2022,110.99,111.62,109.93,110.86,"22,966,752"
9/9/2022,109.07,110.99,109.02,110.65,"23,213,585"
9/8/2022,108.04,109.6,107.16,108.38,"24,238,293"
9/7/2022,107.06,109.98,106.9,109.45,"23,166,967"
9/6/2022,107.3,108.03,105.78,106.81,"25,068,280"
9/2/2022,110.59,110.74,107.26,107.85,"24,160,711"
9/1/2022,108.28,110.45,107.36,109.74,"28,360,926"
8/31/2022,110.65,110.85,108.13,108.22,"28,626,972"
8/30/2022,110.17,110.5,107.8,108.94,"27,513,255"
8/29/2022,109.99,110.95,108.8,109.42,"21,191,157"
8/26/2022,114.72,115.12,110.19,110.34,"37,245,697"
8/25/2022,114.24,116.72,114.11,116.65,"16,956,794"
8/24/2022,113.5,114.78,112.87,113.69,"17,734,624"
8/23/2022,113.48,115.01,113.43,113.86,"15,870,373"
8/22/2022,115.2,115.63,113.85,114.24,"21,456,648"
8/19/2022,119.06,119.15,116.76,117.21,"21,809,528"
8/18/2022,119.43,120.82,118.72,120.17,"17,987,660"
8/17/2022,120.12,121.29,119.38,119.55,"22,846,958"
8/16/2022,121.52,122.43,120.64,121.7,"19,041,230"
8/15/2022,121.13,122.3,120.61,122.08,"19,494,825"
8/12/2022,120.26,121.68,119.46,121.68,"19,096,268"
8/11/2022,121.28,121.49,118.56,118.84,"24,293,654"
8/10/2022,118.78,120.92,118.41,119.7,"30,930,350"
8/9/2022,117.14,117.32,115.71,116.63,"19,086,465"
8/8/2022,118.39,120.15,116.88,117.3,"19,169,479"
8/5/2022,116.23,118.11,116,117.47,"19,159,520"
8/4/2022,117.48,118.78,116.89,118.19,"21,602,925"
8/3/2022,115.71,118.62,115.48,118.08,"28,499,014"
8/2/2022,114,116.35,113.72,115.13,"20,236,029"
8/1/2022,115.3,116.72,114.34,114.86,"26,034,288"
7/29/2022,113.08,116.71,113.06,116.32,"37,223,391"
7/28/2022,112.37,114.34,111.46,114.22,"32,816,568"
7/27/2022,109.26,113.91,108.01,113.06,"59,858,495"
7/26/2022,106.6,107.2,104.07,105.02,"47,990,963"
7/25/2022,108.41,109.87,106.3,107.51,"34,690,894"
7/22/2022,111,112.34,106.5,107.9,"48,901,184"
7/21/2022,114.28,114.55,111.11,114.34,"32,676,166"
7/20/2022,113.17,115.4,112.48,113.9,"35,600,426"
7/19/2022,110.85,114.02,109.56,113.81,"36,530,945"
7/18/2022,112.64,113.68,108.37,109.03,"43,164,588"
7/15/2022,112,113.14,110.9,111.78,"46,769,120"
7/14/2022,110.21,111.09,108.37,110.37,"37,003,040"
7/13/2022,111.7,114.2,111.2,111.35,"43,722,020"
7/12/2022,116.22,116.97,113.69,114.02,"29,959,700"
7/11/2022,118,118,115.33,115.68,"31,243,700"
7/8/2022,117.25,119.68,116.9,119.35,"38,238,160"
7/7/2022,115.08,119.19,114.83,118.78,"40,935,880"
7/6/2022,113.3,115.59,111.48,114.57,"37,431,380"
7/5/2022,107.1,113.38,105.73,113.26,"39,399,640"
7/1/2022,107.93,109.25,106.73,108.74,"35,475,660"
6/30/2022,110,110.89,106.75,108.96,"43,169,060"
6/29/2022,111.55,113.16,110.87,111.7,"24,716,820"
6/28/2022,115.8,117.31,111.85,112.01,"35,880,960"
6/27/2022,118.27,118.58,115.18,115.83,"36,420,760"
6/24/2022,113,118.08,112.95,117.98,"41,163,680"
6/23/2022,112.23,112.74,110.5,112.24,"28,361,920"
6/22/2022,110.56,113.35,110.38,111.49,"30,774,140"
6/21/2022,108.93,112.49,108.6,111.54,"47,415,800"
6/17/2022,106.03,108.7,105.05,107.14,"51,376,520"
6/16/2022,107.22,108.65,105.14,106.03,"51,684,960"
6/15/2022,108.55,111.42,107.67,109.76,"39,698,180"
6/14/2022,106.54,107.92,105.8,106.72,"33,706,260"
6/13/2022,106.79,108.79,106.12,106.39,"47,251,920"
6/10/2022,112.45,113.28,110.37,111.16,"41,481,840"
6/9/2022,116.33,118.3,114.78,114.84,"25,797,960"
6/8/2022,116.76,118.57,116.6,117.19,"26,107,740"
6/7/2022,115.48,117.69,115.05,117.15,"31,590,460"
6/6/2022,116.7,119.35,116.16,116.82,"33,541,540"
6/3/2022,116.06,116.32,113.52,114.54,"26,135,460"
6/2/2022,114,117.9,112.95,117.62,"37,992,280"
6/1/2022,114.85,117.1,113.25,113.89,"36,605,520"
5/31/2022,112.75,115.73,112.08,113.76,"50,012,260"
5/27/2022,109.48,112.32,109.14,112.32,"37,914,120"
5/26/2022,105.68,108.65,105.22,107.79,"37,947,220"
5/25/2022,104.99,106.5,103.86,105.8,"40,257,340"
5/24/2022,105.77,106.46,101.88,105.97,"76,779,780"
5/23/2022,109.59,112.15,108.74,111.49,"37,184,940"
5/20/2022,111.95,112.18,105.8,108.91,"48,962,960"
5/19/2022,111.43,113.01,110,110.38,"34,144,400"
5/18/2022,115,115.4,111.56,111.9,"35,125,980"
5/17/2022,116.84,116.9,114.87,116.47,"23,053,160"
5/16/2022,114.96,116.17,113.89,114.45,"25,990,440"
5/13/2022,114.53,117.88,113.61,116.05,"35,038,480"
5/12/2022,111.38,114.3,109.82,112.84,"53,836,180"
5/11/2022,113.24,116.36,113.24,113.6,"37,534,740"
5/10/2022,115.51,116.25,112.9,114.4,"39,900,380"
5/9/2022,113.25,115.08,112,112.51,"40,802,860"
5/6/2022,115.18,117.57,114.02,115.75,"39,709,580"
5/5/2022,120.2,121.04,115.01,116.51,"45,840,580"
5/4/2022,117.03,122.85,115.12,122.26,"49,915,280"
5/3/2022,116.43,118.44,116.03,117.33,"24,967,360"
5/2/2022,113.41,116.75,112.6,116.58,"35,533,020"
4/29/2022,116.73,117.92,113.81,114.11,"42,676,000"
4/28/2022,116.42,119.65,114.12,118.52,"48,884,640"
4/27/2022,114.47,117.24,112.74,114.29,"91,820,580"
4/26/2022,122.29,122.51,118.51,118.65,"73,054,880"
4/25/2022,119.1,123.28,118.51,123.07,"46,128,260"
4/22/2022,125,125.4,118.93,119.64,"56,883,720"
4/21/2022,129.25,130.1,124.53,124.81,"36,445,160"
4/20/2022,130.89,131.4,127.5,128.04,"31,695,460"
4/19/2022,127.69,130.33,127,130.01,"26,489,760"
4/18/2022,127,128.21,126.18,127.68,"20,808,660"
4/14/2022,130.48,130.48,126.6,126.73,"31,597,980"
4/13/2022,128,130.33,127.74,129.89,"27,927,240"
4/12/2022,131.6,131.6,126.79,127.71,"32,710,700"
4/11/2022,131.82,132.09,128.67,128.82,"36,883,060"
4/8/2022,135.58,135.67,132.97,133.29,"25,142,800"
4/7/2022,136.01,137.16,134.23,135.89,"26,233,600"
4/6/2022,138.75,139.36,135.52,136.55,"32,468,480"
4/5/2022,142.87,142.99,140.38,140.59,"21,418,120"
4/4/2022,140.36,143.71,140.31,142.97,"25,970,840"
4/1/2022,139.5,140.47,138.31,140.15,"25,941,440"
3/31/2022,142.05,142.11,139.02,139.07,"37,524,720"
3/30/2022,142.46,142.72,141.6,141.94,"19,884,760"
3/29/2022,142.65,143.79,142.04,142.51,"34,317,020"
3/28/2022,140.9,142,139.81,141.46,"35,049,260"
3/25/2022,141.92,142.04,139.74,141.67,"24,143,080"
3/24/2022,139.2,141.62,137.75,141.57,"26,396,560"
3/23/2022,138.7,139.59,137.83,138.28,"25,153,400"
3/22/2022,136.1,141.05,136.1,139.87,"35,495,540"
3/21/2022,136.16,137.05,134.09,136.1,"26,831,680"
3/18/2022,133.42,136.24,132.26,136.13,"44,566,900"
3/17/2022,133.15,134.08,132.19,133.84,"28,263,920"
3/16/2022,130.73,133.33,128.73,133.28,"35,576,980"
3/15/2022,126.98,129.85,125.72,129.2,"30,919,520"
3/14/2022,130.25,130.41,125.28,125.95,"38,811,260"
3/11/2022,133.49,133.8,129.63,129.87,"31,526,440"
3/10/2022,131.27,133.27,130.91,132.43,"27,101,400"
3/9/2022,131.25,133.74,129.9,133.42,"37,025,400"
3/8/2022,126.25,131.25,125.67,127.1,"40,427,100"
3/7/2022,131.49,131.73,126.3,126.38,"45,112,940"
3/4/2022,132.93,133.85,130.34,131.91,"30,450,640"
3/3/2022,136.01,136.44,133.03,133.9,"24,603,240"
3/2/2022,134.63,135.26,133.07,134.57,"23,519,800"
3/1/2022,134.88,136.26,133.22,134.06,"26,495,360"
2/28/2022,133.05,135.75,132.59,135.06,"38,864,420"
2/25/2022,133.55,135.27,131.75,134.46,"36,405,980"
2/24/2022,124.95,133,124.95,132.69,"54,455,080"
2/23/2022,131.65,132.05,127.53,127.59,"32,786,020"
2/22/2022,129.84,132.18,128.22,129.81,"44,990,740"
2/18/2022,133.47,134.07,130.2,130.4,"45,619,440"
2/17/2022,136.24,137.11,132.48,132.54,"38,949,500"
2/16/2022,136.65,138.09,134.92,137.74,"25,021,300"
2/15/2022,137.57,138.11,135.82,136.61,"26,711,260"
2/14/2022,133.26,136.3,133.26,135.53,"34,301,080"
2/11/2022,138.6,139.16,133.4,134.28,"39,958,340"
2/10/2022,139.7,141.48,137.96,138.62,"39,330,660"
2/9/2022,140.96,142.52,140.19,141.59,"40,143,880"
2/8/2022,139.03,140,137.01,139.4,"54,283,600"
2/7/2022,144.25,144.25,138.9,139.2,"54,973,300"
2/4/2022,143.44,144.88,140.52,143.29,"57,998,220"
2/3/2022,145.71,149.68,142.67,143.09,"71,517,220"
2/2/2022,151.25,151.55,145.52,148,"123,199,220"
2/1/2022,137.59,137.79,134.37,137.64,"68,643,640"
1/31/2022,134.16,135.47,132.21,135.3,"39,986,000"
1/28/2022,129.66,133.36,128.48,133.35,"34,361,480"
1/27/2022,131.3,132.65,128.93,129.01,"32,018,780"
1/26/2022,131.12,133,127.14,129.23,"49,129,500"
1/25/2022,128.74,129.4,126.5,126.93,"46,960,560"
1/24/2022,125.98,131.2,124.5,130.8,"76,694,240"
1/21/2022,132.59,134.87,130.09,130.35,"55,651,420"
1/20/2022,136.25,137.63,132.96,133.31,"29,907,140"
1/19/2022,136.52,137.96,135.02,135.12,"28,647,640"
1/18/2022,136.18,137.13,135.44,136,"34,888,100"
1/14/2022,137.08,140.74,137,139.48,"29,661,280"
1/13/2022,141.54,142.85,138.41,138.59,"31,436,600"
1/12/2022,141.15,142.61,140.69,141.43,"26,112,040"
1/11/2022,138.01,140.22,136.69,139.74,"28,729,700"
1/10/2022,135.08,138.82,133.16,138.67,"44,408,120"
1/7/2022,138.15,138.45,135.77,137.02,"29,760,560"
1/6/2022,137,139.94,136.56,137.75,"37,347,420"
1/5/2022,144.42,144.5,137.69,137.78,"54,618,280"
1/4/2022,145.4,146.48,143.72,144.4,"28,399,440"
1/3/2022,145.06,145.85,143.71,144.99,"28,678,940"
12/31/2021,146.05,146.7,144.85,144.85,"18,135,180"
12/30/2021,146.69,147.3,145.99,146.2,"15,687,720"
12/29/2021,146.64,147.42,145.65,146.66,"17,787,460"
12/28/2021,148.24,148.3,146.05,146.69,"18,254,300"
12/27/2021,147.26,148.34,147.17,147.91,"15,984,460"
12/23/2021,146.5,148.24,146.45,146.92,"26,383,440"
12/22/2021,143.07,146.5,143.07,146.42,"26,322,380"
12/21/2021,142.05,143.87,140.5,143.47,"28,755,360"
12/20/2021,140,141.77,139.32,141.61,"27,192,360"
12/17/2021,142.5,143.83,141.3,141.73,"51,017,880"
12/16/2021,147.17,147.68,143.61,144.45,"33,650,380"
12/15/2021,143.41,146.72,141.68,146.44,"36,370,460"
12/14/2021,143.97,144.48,141.21,143.91,"38,446,240"
12/13/2021,147.78,147.97,145.52,145.83,"27,069,400"
12/10/2021,148.7,148.98,146.7,148,"24,462,760"
12/9/2021,147.59,149.1,147.12,147.64,"23,269,720"
12/8/2021,147.6,148.39,146.41,148.19,"24,270,320"
12/7/2021,145.6,147.53,145.23,147.27,"32,240,300"
12/6/2021,143.04,143.85,140.15,143.16,"30,618,100"
12/3/2021,143.68,144.4,140.3,142,"41,230,160"
12/2/2021,141.25,143.86,140.21,142.97,"29,194,840"
12/1/2021,144,145.95,140.91,141.05,"34,055,240"
11/30/2021,145.01,146,141.6,141.9,"42,067,220"
11/29/2021,144,146.3,143.89,145.53,"32,595,040"
11/26/2021,144.35,144.56,141.84,142.18,"30,469,240"
11/24/2021,145.47,146.25,144.37,146.12,"18,040,140"
11/23/2021,146.15,146.66,144.12,145.78,"27,231,160"
11/22/2021,149.33,149.83,146.15,146.3,"30,629,200"
11/19/2021,149.98,150.97,148.9,148.93,"33,699,380"
11/18/2021,148.24,150.58,147.88,149.84,"35,628,220"
11/17/2021,148.03,148.56,147.24,148.05,"19,599,500"
11/16/2021,148.15,148.76,147.31,147.88,"18,904,000"
11/15/2021,148.9,149.55,147.58,148.45,"23,507,040"
11/12/2021,146.62,148.85,145.41,148.68,"22,360,000"
11/11/2021,146.49,147.54,145.6,145.77,"16,517,480"
11/10/2021,147.5,148.07,144.54,145.89,"29,969,800"
11/9/2021,149.23,149.83,147.24,148.92,"19,529,740"
11/8/2021,149.83,150.61,148.43,149.03,"23,052,500"
11/5/2021,149.17,150.33,148.2,148.85,"38,354,740"
11/4/2021,147.12,149.73,146.31,148.27,"38,411,260"
11/3/2021,145.9,146.67,144.59,146.6,"27,493,240"
11/2/2021,144.58,146.61,144.34,145.43,"33,482,240"
11/1/2021,148.05,148.05,143.23,143.5,"46,923,240"
10/29/2021,145.08,148.24,144.65,148.05,"43,320,300"
10/28/2021,147.13,147.16,144.63,145.85,"36,206,380"
10/27/2021,139.41,148.65,139.41,146.22,"85,781,400"
10/26/2021,139.26,140.08,138.3,139.31,"49,235,020"
10/25/2021,137.55,138,135.42,137.45,"34,412,260"
10/22/2021,139.15,140.58,136.06,137.57,"50,588,960"
10/21/2021,141.77,142.16,140.5,141.89,"26,292,260"
10/20/2021,143.34,143.55,141.38,141.77,"23,288,060"
10/19/2021,143.39,143.66,142.6,143.24,"20,163,000"
10/18/2021,141.08,142.8,141.07,142.78,"20,396,160"
10/15/2021,141.61,141.72,140.76,141.37,"30,274,440"
10/14/2021,139.47,141.34,138.83,141.15,"31,927,940"
10/13/2021,137.4,138,136.52,137.58,"19,662,320"
10/12/2021,139.48,139.51,135.76,136.45,"36,332,240"
10/11/2021,139.29,140.71,138.86,138.91,"17,953,620"
10/8/2021,139.58,140.33,139.22,139.79,"26,525,840"
10/7/2021,138.89,140.04,138.65,139.23,"25,110,140"
10/6/2021,134.75,137.75,134.55,137.57,"24,364,280"
10/5/2021,134.04,137.22,134.04,136.02,"32,403,260"
10/4/2021,135.96,135.96,131.05,133.66,"51,201,940"
10/1/2021,134.45,136.91,134.07,136.54,"35,360,180"
9/30/2021,134.26,135.54,133.56,133.68,"38,028,800"
9/29/2021,136.98,137.15,133.87,134.35,"30,848,700"
9/28/2021,138.66,139.1,135.36,135.83,"45,772,200"
9/27/2021,140.8,141.94,140.07,141.07,"21,881,960"
9/24/2021,140.54,142.33,140.24,142.22,"22,983,900"
9/23/2021,140.99,141.7,140.4,141.22,"20,951,000"
9/22/2021,139.3,140.89,138.55,140.28,"25,055,560"
9/21/2021,139.75,140.01,138.28,139.03,"25,331,900"
9/20/2021,138.16,139,136.32,138.72,"46,518,040"
9/17/2021,143.03,143.45,140.47,140.8,"53,384,460"
9/16/2021,143.95,144.3,142.4,143.61,"26,195,420"
9/15/2021,142.77,144.45,141.35,144.43,"27,407,580"
9/14/2021,143,143.36,141.75,142.54,"19,673,860"
9/13/2021,141.95,142.95,141.25,142.33,"22,093,840"
9/10/2021,144.21,144.72,140.74,140.88,"36,839,340"
9/9/2021,143.84,144.31,143.18,143.54,"15,317,100"
9/8/2021,144.1,144.4,143,143.69,"18,350,220"
9/7/2021,143.83,144.57,143.62,144.28,"20,131,900"
9/3/2021,143.08,144.16,142.4,143.74,"19,854,360"
9/2/2021,145.22,145.52,143.18,143.29,"32,358,140"
9/1/2021,145,146.25,144.88,145.22,"21,936,100"
8/31/2021,145.15,145.17,144.28,144.7,"22,448,760"
8/30/2021,144.4,145.97,144.16,144.59,"24,434,200"
8/27/2021,141.65,144.51,141.5,144,"28,780,200"
8/26/2021,141.75,142.42,141.36,141.44,"20,609,320"
8/25/2021,141.63,142.19,141.38,142.08,"15,851,480"
8/24/2021,140.61,142.08,140.34,141.26,"19,267,220"
8/23/2021,137.97,140.87,137.61,140.04,"28,453,400"
8/20/2021,136,137.55,135.25,137.43,"31,193,160"
8/19/2021,134.44,136.35,134.25,135.68,"21,782,540"
8/18/2021,136.5,137.1,135.32,135.45,"19,258,940"
8/17/2021,137.75,138.27,136.08,136.66,"21,715,200"
8/16/2021,137.52,138.36,135.3,138.31,"22,398,360"
8/13/2021,137.25,137.86,137.03,137.73,"15,947,440"
8/12/2021,135.98,137.3,135.43,137.19,"16,518,860"
8/11/2021,137.18,137.68,136.27,136.28,"15,352,000"
8/10/2021,137.34,137.77,136.36,136.81,"19,414,080"
8/9/2021,135.94,137.18,135.34,136.91,"17,766,000"
8/6/2021,136.04,136.47,135.21,135.74,"20,488,120"
8/5/2021,135.68,136.35,134.85,136.25,"17,869,000"
8/4/2021,135.35,135.65,134.49,135.13,"19,676,020"
8/3/2021,135.14,135.73,133.32,135.63,"20,761,880"
8/2/2021,135.12,135.34,133.79,134.85,"21,634,200"
7/30/2021,135.04,135.3,134.26,134.73,"25,575,780"
7/29/2021,136.15,136.66,135.54,135.78,"31,715,720"
7/28/2021,136.31,138.3,135.28,136.09,"95,130,600"
7/27/2021,134.25,134.4,130.1,131.9,"54,709,480"
7/26/2021,133.33,134.24,132.3,134.04,"30,571,480"
7/23/2021,130.43,133.4,129.8,133.02,"41,506,420"
7/22/2021,127.84,128.48,127.5,128.42,"14,301,880"
7/21/2021,126.13,127.6,126.02,127.55,"20,746,180"
7/20/2021,125.53,127.04,124.35,126.21,"26,316,440"
7/19/2021,126.09,126.21,123.51,124.58,"27,967,580"
7/16/2021,127.66,127.81,126.15,126.97,"20,424,540"
7/15/2021,128.65,128.7,126.53,127.01,"24,218,800"
7/14/2021,127.96,129.33,127.91,128.24,"23,745,660"
7/13/2021,127.04,128.06,126.67,127.34,"19,246,940"
7/12/2021,126.18,127.07,125.61,126.98,"17,667,780"
7/9/2021,125.03,125.73,124.55,125.52,"18,631,680"
7/8/2021,124.03,125.6,124.02,125.04,"23,789,340"
7/7/2021,127.16,127.28,126.15,126.47,"24,059,020"
7/6/2021,125.65,126.43,124.58,126.19,"26,403,580"
7/2/2021,123.15,125.4,123.06,125.26,"26,002,180"
7/1/2021,121.73,122.59,121.53,122.44,"18,112,820"
6/30/2021,121.99,122.26,121.35,122.09,"24,473,980"
6/29/2021,122.67,123.02,121.69,122.27,"23,108,720"
6/28/2021,122.68,122.78,121.41,122.54,"28,525,420"
6/25/2021,122,122.63,121.57,122.51,"34,596,380"
6/24/2021,122.7,123.06,122.3,122.5,"21,365,140"
6/23/2021,122.09,123.1,121.83,122.13,"19,154,160"
6/22/2021,121.75,122.4,121.06,122.33,"22,390,200"
6/21/2021,120.5,122,119.9,121.81,"27,413,660"
6/18/2021,121.37,121.6,120.02,120.11,"46,115,200"
6/17/2021,120.7,122.52,120.5,121.74,"25,848,880"
6/16/2021,121.57,121.89,119.47,120.77,"26,471,860"
6/15/2021,122.45,122.78,121.06,121.42,"21,562,140"
6/14/2021,121.61,122.45,120.9,122.45,"22,097,560"
6/11/2021,122,122.09,120.95,121.51,"21,958,140"
6/10/2021,120.35,121.8,120.19,121.76,"25,907,500"
6/9/2021,120.57,120.64,119.85,120.4,"17,941,040"
6/8/2021,120.6,120.98,119.74,119.92,"24,239,840"
6/7/2021,119.47,120.23,119.05,120.12,"24,119,320"
6/4/2021,118.46,119.95,118.12,119.68,"24,458,200"
6/3/2021,117.29,117.85,116.48,117.38,"18,695,920"
6/2/2021,119.46,119.68,117.62,118.53,"21,162,920"
6/1/2021,118.72,119.29,117.71,119.06,"23,358,020"
5/28/2021,118.72,118.8,117.64,117.84,"21,490,800"
5/27/2021,119.45,119.45,117.81,118.13,"35,224,020"
5/26/2021,118.33,119.45,118.32,119.02,"21,571,960"
5/25/2021,118.6,119.2,117.75,118.14,"22,439,640"
5/24/2021,115.74,118.28,115.6,118.05,"31,832,200"
5/21/2021,115.87,115.94,114.47,114.71,"40,631,800"
5/20/2021,114.55,115.6,114.18,115.35,"32,351,000"
5/19/2021,111.42,113.75,111.27,113.58,"23,684,100"
5/18/2021,115.12,115.38,113.11,113.12,"22,203,700"
5/17/2021,113.18,114.49,112.78,114.45,"21,597,380"
5/14/2021,112.93,114.24,112.5,113.92,"31,996,580"
5/13/2021,111.31,111.97,110.34,111.45,"33,220,400"
5/12/2021,111.31,112.4,109.68,110.01,"46,375,480"
5/11/2021,112.15,114.01,111.7,113.5,"34,185,840"
5/10/2021,116.41,116.55,114.23,114.59,"30,914,580"
5/7/2021,118.19,118.56,117.31,117.6,"28,897,240"
5/6/2021,115.32,116.87,114.65,116.87,"25,190,460"
5/5/2021,116.43,116.75,115.41,115.74,"26,636,180"
5/4/2021,115.68,116.25,112.83,115.34,"44,818,640"
5/3/2021,118.25,119.08,116.78,117.15,"28,242,780"
4/30/2021,118.4,119.09,117.33,117.68,"44,856,760"
4/29/2021,119.46,120.21,118.69,119.64,"41,233,080"
4/28/2021,119.62,121.57,117.66,117.95,"81,106,800"
4/27/2021,115.88,115.92,114.31,114.55,"44,385,600"
4/26/2021,115.23,116.23,114.87,115.5,"32,037,840"
4/23/2021,113.35,115.31,113.06,115,"29,111,080"
4/22/2021,113.77,114.44,112.02,112.63,"24,145,520"
4/21/2021,113.6,114,112.24,113.92,"23,204,180"
4/20/2021,114.87,114.95,112.86,113.95,"22,288,320"
4/19/2021,113.51,115.2,113.51,114.49,"30,289,400"
4/16/2021,114.46,114.71,113.55,114.14,"26,282,780"
4/15/2021,113.1,114.8,112.56,114.26,"29,174,980"
4/14/2021,113.37,113.37,111.8,112.1,"21,002,860"
4/13/2021,112.55,113.17,112.15,112.72,"25,681,560"
4/12/2021,112.71,112.84,111.39,112.23,"25,023,660"
4/9/2021,112.27,113.7,111.86,113.53,"26,145,300"
4/8/2021,113.2,113.59,112.15,112.52,"28,664,280"
4/7/2021,110.66,112.23,110.66,111.95,"24,133,920"
4/6/2021,110.55,111.4,110.09,110.46,"35,240,780"
4/5/2021,107.36,111.45,107.26,110.95,"48,509,600"
4/1/2021,104.61,106.79,104.57,106.49,"39,880,100"
3/31/2021,102.72,104.31,102.35,103.13,"42,569,640"
3/30/2021,102.65,103.13,101.81,102.32,"27,317,120"
3/29/2021,101.11,102.46,100.27,102.29,"26,492,620"
3/26/2021,101.59,101.97,100.19,101.24,"27,977,500"
3/25/2021,101.45,102.28,99.8,101.62,"35,615,740"
3/24/2021,102.59,103.38,101.45,101.63,"25,217,060"
3/23/2021,102,103.21,101.4,102.07,"28,509,120"
3/22/2021,101.38,102.42,100.7,101.53,"33,535,420"
3/19/2021,101.49,101.85,100.15,101.35,"46,071,920"
3/18/2021,102.41,103.44,100.96,101.07,"31,712,960"
3/17/2021,103.42,104.95,102.21,104.11,"26,382,520"
3/16/2021,103.3,105.68,102.96,104.19,"31,900,300"
3/15/2021,102.25,102.75,101.39,102.72,"26,214,820"
3/12/2021,103.82,103.88,101.62,102.5,"33,817,980"
3/11/2021,102.91,105.56,102.82,105.03,"27,702,600"
3/10/2021,103.07,103.07,100.97,101.81,"27,100,080"
3/9/2021,102.49,103.2,101.78,102.02,"33,920,620"
3/8/2021,104.2,105.69,100.26,100.38,"36,867,420"
3/5/2021,103.06,105.31,101.39,104.85,"53,099,540"
3/4/2021,100.74,103.73,100.27,101.7,"49,215,720"
3/3/2021,102.6,103.8,99.7,100.57,"33,892,900"
3/2/2021,103.24,104.74,102.83,103.22,"25,563,680"
3/1/2021,102.4,103.81,101.72,103.48,"26,061,780"
2/26/2021,101.5,102.83,100.05,101.1,"40,041,280"
2/25/2021,102.8,104.15,100.32,100.8,"41,548,180"
2/24/2021,101.5,104.42,101.38,104.19,"22,608,740"
2/23/2021,100.7,103.63,99.51,103.01,"34,657,980"
2/22/2021,102.68,104.02,102.4,102.71,"29,466,340"
2/19/2021,105.39,105.93,104.17,104.44,"37,938,780"
2/18/2021,105.25,106.1,104.67,105.29,"22,570,980"
2/17/2021,104.7,106.12,104.42,105.93,"20,303,540"
2/16/2021,104.59,107.26,104.59,105.54,"31,003,900"
2/12/2021,103.99,104.98,103.68,104.75,"18,990,500"
2/11/2021,104.55,104.7,103.44,104.44,"20,480,580"
2/10/2021,104.16,104.94,102.61,104.32,"25,101,600"
2/9/2021,103.74,104.93,103.5,103.77,"21,891,660"
2/8/2021,105,105.75,103.17,104.23,"28,828,860"
2/5/2021,102.98,104.8,102.5,104.44,"29,865,120"
2/4/2021,103.03,103.47,101.76,102.68,"48,595,600"
2/3/2021,103.28,105.33,100.68,102.94,"97,881,640"
2/2/2021,95.66,97.47,95.32,95.96,"66,332,400"
2/1/2021,92.23,95.78,92.23,94.65,"40,252,060"
1/29/2021,91.7,92.38,90.08,91.37,"44,530,180"
1/28/2021,91.55,94.4,91.55,92.66,"55,278,100"
1/27/2021,93.75,94.02,89.86,90.95,"82,512,620"
1/26/2021,94.3,95.79,93.81,95.4,"31,461,560"
1/25/2021,95.64,96.09,92.96,94.71,"50,586,920"
1/22/2021,94.57,95.22,93.82,94.63,"32,743,900"
1/21/2021,94.68,96.6,93.97,94.21,"58,659,460"
1/20/2021,91.32,94.99,90.98,94,"64,151,400"
1/19/2021,87.15,90.19,86.64,89.22,"41,659,020"
1/15/2021,86.45,87.38,85.59,86.38,"31,444,280"
1/14/2021,87.44,88.38,86.3,86.55,"29,212,340"
1/13/2021,86.37,87.82,86.37,87.36,"23,431,800"
1/12/2021,87.27,88.4,85.82,86.87,"29,534,300"
1/11/2021,88.85,89.22,87.61,87.81,"34,812,360"
1/8/2021,88.86,89.97,88.06,89.89,"35,484,520"
1/7/2021,86.34,88.89,86.34,88.72,"41,936,580"
1/6/2021,85.01,87.2,84.81,86.14,"46,588,020"
1/5/2021,86.25,87.34,85.85,87,"20,359,240"
1/4/2021,88,88.12,85.36,86.31,"37,323,900"
12/31/2020,86.86,87.88,86.8,87.63,"21,069,580"
12/30/2020,88.25,88.39,86.4,86.81,"21,026,160"
12/29/2020,89.36,89.42,87.76,87.89,"19,725,740"
12/28/2020,87.25,89.35,87.09,88.7,"27,650,740"
