,META (NASD),,,,
Date,Open,High,Low,Close,Volume
12/23/2025,660.05,666,658.25,664.94,"8,486,847"
12/22/2025,661.65,673.58,656.65,661.5,"15,659,385"
12/19/2025,666.42,671,658.18,658.77,"49,977,051"
12/18/2025,657.03,670.56,656.46,664.45,"20,260,295"
12/17/2025,655.61,661.23,649.2,649.5,"15,598,548"
12/16/2025,643.5,662.54,643.2,657.15,"14,309,136"
12/15/2025,645.7,653,638.7,647.51,"15,549,088"
12/12/2025,649.8,711,638.61,644.23,"14,016,915"
12/11/2025,643.29,655.28,640.8,652.71,"13,056,726"
12/10/2025,649.95,654.51,643.4,650.13,"16,910,883"
12/9/2025,663.77,664.48,653.34,656.96,"12,997,116"
12/8/2025,669.34,676.71,665.07,666.8,"13,160,976"
12/5/2025,664,674.69,662.39,673.42,"21,207,861"
12/4/2025,676,676.1,660.05,661.53,"29,874,622"
12/3/2025,644.41,648.85,637.55,639.6,"11,134,305"
12/2/2025,642.34,647.87,638.07,647.1,"11,640,869"
12/1/2025,639.55,645.32,637.76,640.87,"13,029,922"
11/28/2025,636.08,648.05,635.5,647.95,"11,033,198"
11/26/2025,637.69,638.36,631.63,633.61,"15,209,481"
11/25/2025,624,637.05,618.3,636.22,"25,212,978"
11/24/2025,598.72,616.7,597.63,613.05,"23,554,932"
11/21/2025,588.5,598.12,581.86,594.25,"21,052,624"
11/20/2025,603.5,606.72,583.35,589.15,"20,603,024"
11/19/2025,593.72,595.33,581.25,590.32,"24,744,703"
11/18/2025,591.6,603.66,583.78,597.69,"25,500,647"
11/17/2025,609.04,611.69,595.4,602.01,"16,501,331"
11/14/2025,601.79,613.68,595.2,609.46,"20,724,146"
11/13/2025,613.07,617.65,603,609.89,"20,973,845"
11/12/2025,628.13,628.99,607.77,609.01,"24,493,272"
11/11/2025,628,629.56,619.39,627.08,"13,302,187"
11/10/2025,631.09,635,618.11,631.76,"19,245,000"
11/7/2025,616.49,622.13,601.2,621.71,"29,946,826"
11/6/2025,635.85,636,618,618.94,"23,628,750"
11/5/2025,632.31,642.23,626.54,635.95,"20,219,855"
11/4/2025,628.04,641.74,626.01,627.32,"27,356,553"
11/3/2025,656,659.33,636.18,637.71,"33,003,599"
10/31/2025,674.51,674.89,645.57,648.35,"56,953,169"
10/30/2025,669.15,680.96,650.17,666.47,"88,440,094"
10/29/2025,754.75,759.16,742.51,751.67,"26,818,592"
10/28/2025,752.63,758.4,745.52,751.44,"12,193,818"
10/27/2025,749.73,755.75,748.01,750.82,"11,321,080"
10/24/2025,736.79,741.21,731.15,738.36,"9,151,267"
10/23/2025,734.7,742.41,733.1,734,"9,855,974"
10/22/2025,733.83,740.6,724.03,733.41,"8,734,491"
10/21/2025,736.02,738.5,728.75,733.27,"7,647,269"
10/20/2025,721.19,733.77,720.18,732.17,"8,900,204"
10/17/2025,707.08,718.54,706.12,716.92,"12,232,441"
10/16/2025,717.55,725.49,703.88,712.07,"9,017,010"
10/15/2025,717.06,723.9,709.51,717.55,"10,246,766"
10/14/2025,707.78,715.55,699.33,708.65,"8,829,757"
10/13/2025,713.01,719.94,707.64,715.7,"9,251,796"
10/10/2025,730.92,735.27,704.51,705.3,"16,980,091"
10/9/2025,718.28,733.51,712.44,733.51,"12,717,172"
10/8/2025,713.45,719.65,707.81,717.84,"10,790,571"
10/7/2025,717.72,718.5,705.75,713.08,"12,062,928"
10/6/2025,705.19,716.88,690.51,715.66,"21,654,738"
10/3/2025,729.63,731,710.18,710.56,"16,154,305"
10/2/2025,722.58,727.77,718.14,727.05,"11,415,271"
10/1/2025,721.49,721.85,710.2,717.34,"20,419,633"
9/30/2025,742.25,742.97,726.3,734.38,"16,226,750"
9/29/2025,748.72,750.78,739.15,743.4,"9,246,768"
9/26/2025,750,751.93,737.35,743.75,"9,696,338"
9/25/2025,753.45,756.77,744.55,748.91,"10,591,065"
9/24/2025,757.5,761.11,752.53,760.66,"8,828,227"
9/23/2025,769.25,770.6,751.07,755.4,"10,872,592"
9/22/2025,781.85,785.73,764.47,765.16,"11,706,946"
9/19/2025,786.42,790.8,769.19,778.38,"23,696,824"
9/18/2025,780.75,788.78,773.36,780.25,"10,954,950"
9/17/2025,779.99,783.29,766.31,775.72,"9,400,867"
9/16/2025,767,781.36,765.1,779,"11,782,482"
9/15/2025,757.47,774.07,751.99,764.7,"10,533,780"
9/12/2025,748.73,757.57,743.76,755.59,"8,248,557"
9/11/2025,754.65,757.1,748.37,750.9,"7,923,284"
9/10/2025,765.13,765.7,751,751.98,"12,478,276"
9/9/2025,757.49,766.3,753.43,765.7,"10,999,026"
9/8/2025,756,766.51,752.02,752.3,"13,087,816"
9/5/2025,752.62,757.95,745.03,752.45,"9,663,441"
9/4/2025,748.57,761.16,745.82,748.65,"11,439,078"
9/3/2025,736,740.25,733.99,737.05,"7,699,332"
9/2/2025,726.04,736,721.73,735.11,"9,350,857"
8/29/2025,745.28,747.14,735.35,738.7,"9,070,546"
8/28/2025,744,753.05,740.8,751.11,"7,467,955"
8/27/2025,752.3,754.15,742.84,747.38,"8,315,435"
8/26/2025,750.8,754.87,747.94,754.1,"7,601,800"
8/25/2025,754.82,758.88,750.13,753.3,"6,861,158"
8/22/2025,739.23,756.9,734.39,754.79,"10,612,667"
8/21/2025,744.71,745.5,733.11,739.1,"8,876,307"
8/20/2025,747.57,750.2,731,747.72,"11,898,190"
8/19/2025,767.12,767.17,749.36,751.48,"12,286,690"
8/18/2025,775.09,775.81,756.56,767.37,"16,513,737"
8/15/2025,784.15,796.25,780.82,785.23,"13,375,361"
8/14/2025,777.88,787.81,772.51,782.13,"8,116,193"
8/13/2025,791.15,795.46,778.23,780.08,"8,811,750"
8/12/2025,773,793.67,772.43,790,"14,579,765"
8/11/2025,770.08,773.46,764.67,765.87,"7,611,964"
8/8/2025,762.75,769.9,758.58,769.3,"7,320,755"
8/7/2025,773.49,775,759.55,761.83,"9,019,691"
8/6/2025,770,773.64,760.46,771.99,"9,733,910"
8/5/2025,776.45,783.13,763,763.46,"11,640,294"
8/4/2025,760,776.85,758.41,776.37,"15,801,727"
8/1/2025,760.73,766,745.31,750.01,"19,028,710"
7/31/2025,775.2,784.75,765.51,773.44,"38,831,098"
7/30/2025,708.09,708.5,691.2,695.21,"27,077,286"
7/29/2025,720,724.47,699.91,700,"13,267,032"
7/28/2025,715.2,724.74,712.68,717.63,"8,715,743"
7/25/2025,716.92,720.65,711.9,712.68,"8,271,698"
7/24/2025,717.05,723.62,714,714.8,"10,920,836"
7/23/2025,706.37,714.63,704.93,713.58,"8,771,615"
7/22/2025,716.19,716.6,701.41,704.81,"8,921,064"
7/21/2025,706.8,717,705.76,712.97,"9,404,391"
7/18/2025,702.19,704.71,691.65,704.28,"12,779,752"
7/17/2025,704.39,705.9,697.11,701.41,"11,803,264"
7/16/2025,713.37,713.97,699.27,702.91,"13,067,627"
7/15/2025,723.9,724.47,709.82,710.39,"11,529,511"
7/14/2025,717.6,728,716.55,720.92,"8,939,399"
7/11/2025,722.5,725.16,709.7,717.51,"10,873,880"
7/10/2025,731.55,735.8,719.6,727.24,"9,922,249"
7/9/2025,722.72,737.53,722.72,732.78,"11,417,963"
7/8/2025,721.57,722.91,714.81,720.67,"7,770,693"
7/7/2025,717.6,727,713.51,718.35,"9,457,080"
7/3/2025,726.61,729.03,714.42,719.01,"8,601,653"
7/2/2025,715.33,720.3,712.8,713.57,"9,336,740"
7/1/2025,736.88,737.75,715.37,719.22,"13,431,248"
6/30/2025,744.55,747.9,734.25,738.09,"15,402,105"
6/27/2025,726.52,735.43,725.86,733.63,"18,775,735"
6/26/2025,714.36,728.22,711.05,726.09,"13,964,793"
6/25/2025,713.32,716.58,705.38,708.68,"9,320,436"
6/24/2025,704.89,713.19,702.11,712.2,"13,823,180"
6/23/2025,683.69,699.05,678.75,698.53,"11,080,055"
6/20/2025,700.75,701.82,678.67,682.35,"22,538,640"
6/18/2025,698.18,701.59,694.9,695.77,"10,068,255"
6/17/2025,702,705.97,696.06,697.23,"10,066,110"
6/16/2025,699.33,707.15,693.51,702.12,"13,720,288"
6/13/2025,687.95,694.57,681.01,682.87,"9,274,441"
6/12/2025,693.3,695.38,687,693.36,"7,322,730"
6/11/2025,703.71,708.87,691.99,694.14,"9,582,508"
6/10/2025,701.35,703.23,691.56,702.4,"10,850,146"
6/9/2025,698.46,705.19,693.94,694.06,"12,773,221"
6/6/2025,696.17,702.81,691.87,697.71,"11,727,961"
6/5/2025,691.66,694.38,682.25,684.62,"13,120,335"
6/4/2025,669.32,689,668.57,687.95,"14,031,931"
6/3/2025,671.45,675.58,665.03,666.85,"11,585,031"
6/2/2025,644.39,673.26,644.26,670.9,"15,766,258"
5/30/2025,642.5,649.41,632.78,647.49,"16,240,951"
5/29/2025,651.65,653.32,639.5,645.05,"8,883,436"
5/28/2025,642.6,650.88,642.55,643.58,"9,042,874"
5/27/2025,635.41,643.08,632.75,642.32,"9,508,367"
5/23/2025,624,632.45,622.65,627.06,"8,454,067"
5/22/2025,634.05,643.25,630.71,636.57,"8,228,443"
5/21/2025,631.79,646.61,630.17,635.5,"11,464,569"
5/20/2025,636.01,639.35,632.26,637.1,"6,743,473"
5/19/2025,628.25,643,627.8,640.43,"9,592,374"
5/16/2025,637.96,640.44,626.15,640.34,"18,518,972"
5/15/2025,654.28,657.31,638.58,643.88,"14,341,835"
5/14/2025,661.21,662.67,654.31,659.36,"12,348,179"
5/13/2025,645.55,660.92,642.83,656.03,"18,570,821"
5/12/2025,630.92,640.39,621.03,639.43,"21,965,085"
5/9/2025,603.72,606.97,591.71,592.49,"10,427,286"
5/8/2025,606.29,611.3,596.62,598.01,"14,622,805"
5/7/2025,590.36,603.08,586.67,596.81,"13,160,976"
5/6/2025,592.53,596.03,586.58,587.31,"10,600,650"
5/5/2025,591.22,603.21,588.05,599.27,"13,887,724"
5/2/2025,583.46,604.34,578.33,597.02,"24,739,260"
5/1/2025,592.08,592.95,570.5,572.21,"31,159,033"
4/30/2025,538.4,549.1,529.5,549,"29,243,971"
4/29/2025,546,556.57,544.12,554.44,"11,835,036"
4/28/2025,555.64,558.49,540.59,549.74,"15,178,995"
4/25/2025,546.8,549.86,536.25,547.27,"17,098,921"
4/24/2025,518.73,533.9,517.5,533.15,"13,910,011"
4/23/2025,528.53,535.34,516.52,520.27,"18,173,910"
4/22/2025,491.87,506.88,486.36,500.28,"17,399,408"
4/21/2025,491.33,493.5,479.8,484.66,"16,165,982"
4/17/2025,505.25,507.3,498.01,501.48,"14,593,508"
4/16/2025,508.51,513.37,495.63,502.31,"18,735,075"
4/15/2025,532.11,537.94,517.5,521.52,"15,558,659"
4/14/2025,556.18,557.77,528.28,531.48,"14,130,928"
4/11/2025,535.51,547.4,528.59,543.57,"17,642,327"
4/10/2025,575.49,581.3,535.3,546.29,"28,173,491"
4/9/2025,509.27,587.89,502.11,585.77,"39,216,578"
4/8/2025,543.25,547.43,502.86,510.45,"28,034,211"
4/7/2025,485.1,539.37,481.9,516.25,"36,606,136"
4/4/2025,506.62,518,494.2,504.73,"38,589,814"
4/3/2025,546.22,552.56,530.3,531.62,"34,777,460"
4/2/2025,574.91,592.66,573.36,583.93,"13,470,778"
4/1/2025,570.84,589.91,570,586,"12,836,574"
3/31/2025,563.5,578.7,553.3,576.36,"21,124,677"
3/28/2025,600.31,601.75,573.92,576.74,"17,602,823"
3/27/2025,602,614.25,600.1,602.58,"10,436,524"
3/26/2025,624.89,626.75,606.61,610.98,"12,661,891"
3/25/2025,626.76,633.88,621.18,626.31,"15,312,540"
3/24/2025,614.97,622.54,612.2,618.85,"15,741,274"
3/21/2025,583.43,597.55,580.95,596.25,"25,015,864"
3/20/2025,582.76,610.2,579.51,586,"24,336,505"
3/19/2025,584.28,592.32,574.77,584.06,"20,537,498"
3/18/2025,600.05,600.25,574.66,582.36,"20,297,708"
3/17/2025,607.46,613.1,598,604.9,"15,473,909"
3/14/2025,602.81,608.86,594.78,607.6,"12,364,505"
3/13/2025,620.25,620.5,586.51,590.64,"16,480,324"
3/12/2025,629.9,633.33,609.35,619.56,"15,746,966"
3/11/2025,595.06,614.93,593.33,605.71,"17,401,469"
3/10/2025,608.07,610.11,586.87,597.99,"21,999,943"
3/7/2025,625.37,634.79,600.61,625.66,"21,375,671"
3/6/2025,648,650.56,624.11,627.93,"13,446,454"
3/5/2025,641,659.5,637.66,656.47,"13,770,026"
3/4/2025,645.51,649.75,623.65,640,"21,495,208"
3/3/2025,673.68,681.25,650.84,655.05,"10,843,763"
2/28/2025,658.04,669.63,642.6,668.2,"17,534,168"
2/27/2025,682.45,688.65,657.57,658.24,"12,500,013"
2/26/2025,659.65,683.01,658,673.7,"14,488,705"
2/25/2025,665.97,668,641.86,657.5,"20,579,662"
2/24/2025,686.28,687.27,662.45,668.13,"15,676,994"
2/21/2025,696.58,703.87,682.36,683.55,"15,660,355"
2/20/2025,697.28,705.63,693.64,694.84,"12,587,408"
2/19/2025,704.1,707,695.39,703.77,"17,535,480"
2/18/2025,736,737,706.44,716.37,"21,938,703"
2/14/2025,726.14,740.91,725.62,736.67,"16,901,249"
2/13/2025,721.52,729,718.04,728.56,"12,569,064"
2/12/2025,715.3,727.1,712.6,725.38,"12,016,517"
2/11/2025,713.32,723.66,710.04,719.8,"12,997,959"
2/10/2025,718.56,721.2,711.33,717.4,"12,904,317"
2/7/2025,716.8,725.01,711.75,714.52,"16,427,067"
2/6/2025,705.88,718.9,703.5,711.99,"13,080,690"
2/5/2025,703.55,718.14,699.01,704.87,"17,793,766"
2/4/2025,702.5,707.71,691.61,704.19,"13,826,270"
2/3/2025,675.91,704,675.25,697.46,"21,415,739"
1/31/2025,691,705.3,685.58,689.18,"19,331,660"
1/30/2025,696.82,710.79,676.1,687,"29,322,898"
1/29/2025,675,681.05,665.67,676.49,"21,377,820"
1/28/2025,666,682.58,659.47,674.33,"20,950,107"
1/27/2025,626.61,663.87,625.1,659.88,"28,399,190"
1/24/2025,636.4,652,634.2,647.49,"19,065,329"
1/23/2025,627.36,636.6,621.15,636.45,"9,910,163"
1/22/2025,623.3,633.7,619.44,623.5,"12,274,011"
1/21/2025,617.83,621.5,609.01,616.46,"11,674,016"
1/17/2025,624.05,624.97,603.67,612.77,"17,280,600"
1/16/2025,611.5,616.25,609.71,611.3,"8,355,349"
1/15/2025,610.21,622.46,606.5,617.12,"15,524,302"
1/14/2025,605.07,605.49,588.55,594.25,"13,597,992"
1/13/2025,607.1,608.97,598.45,608.33,"10,785,031"
1/10/2025,610.03,629.91,597.34,615.86,"19,256,564"
1/8/2025,613.4,616.44,602.79,610.72,"10,085,846"
1/7/2025,631.7,632.1,608.23,617.89,"12,071,479"
1/6/2025,611.83,630.99,605.62,630.2,"14,560,754"
1/3/2025,604.76,609.5,596.41,604.63,"11,436,784"
1/2/2025,589.72,604.91,587.82,599.24,"12,682,269"
12/31/2024,592.27,593.97,583.85,585.51,"6,019,520"
12/30/2024,588.75,596.94,585.58,591.24,"7,025,864"
12/27/2024,599.41,601.85,589.8,599.81,"8,084,229"
12/26/2024,605.48,606.3,598.94,603.35,"6,091,239"
12/24/2024,602.72,607.99,599.28,607.75,"4,726,056"
12/23/2024,589.6,601.09,586.25,599.85,"10,205,750"
12/20/2024,590.58,603.11,580,585.25,"48,989,390"
12/19/2024,610.39,611.52,595,595.57,"14,958,082"
12/18/2024,621,627.36,596.32,597.19,"17,075,480"
12/17/2024,626.17,632.37,616.54,619.44,"12,897,842"
12/16/2024,629.98,631.15,618.58,624.24,"10,885,625"
12/13/2024,627.22,631.08,616.89,620.35,"8,453,349"
12/12/2024,631.5,636.66,627.21,630.79,"7,474,717"
12/11/2024,623.37,638.4,621.53,632.68,"10,837,228"
12/10/2024,617.56,625.59,612.74,619.32,"10,938,854"
12/9/2024,623.93,626.4,606.17,613.57,"11,426,015"
12/6/2024,610.1,629.79,608.53,623.77,"16,935,503"
12/5/2024,617.08,619.9,607.05,608.93,"8,081,212"
12/4/2024,612.96,617.78,605.1,613.78,"14,697,006"
12/3/2024,595,614.2,591.25,613.65,"14,907,164"
12/2/2024,577.5,594.5,575.57,592.83,"12,522,371"
11/29/2024,569,578.46,566.9,574.32,"7,130,519"
11/27/2024,574.89,574.98,564.1,569.2,"7,200,228"
11/26/2024,566,577.5,565.2,573.54,"10,356,550"
11/25/2024,562.1,572.59,556.39,565.11,"13,599,830"
11/22/2024,563.55,563.83,554.59,559.14,"9,164,004"
11/21/2024,569.52,570,549.05,563.09,"11,154,749"
11/20/2024,562.93,566.35,554.2,565.52,"9,797,339"
11/19/2024,551.86,561.43,550.6,561.09,"9,522,445"
11/18/2024,557.04,559.9,550.09,554.4,"14,346,715"
11/15/2024,571.22,572.57,551.5,554.08,"17,712,864"
11/14/2024,577,580.76,573.01,577.16,"11,053,743"
11/13/2024,582.61,585.64,575.17,580,"10,757,583"
11/12/2024,588.55,599.66,580.38,584.82,"16,287,724"
11/11/2024,586.36,587,576.51,583.17,"10,209,051"
11/8/2024,591.54,593.1,584.52,589.34,"9,415,699"
11/7/2024,576.89,594.8,575.21,591.7,"14,653,708"
11/6/2024,562.75,573,555.17,572.05,"18,305,429"
11/5/2024,567.31,573.48,566.67,572.43,"9,775,379"
11/4/2024,564.1,568.69,557.89,560.68,"12,064,601"
11/1/2024,567.61,573.67,562.56,567.16,"15,303,235"
10/31/2024,585,589.9,563.01,567.58,"26,838,395"
10/30/2024,600.98,601.2,589.38,591.8,"26,864,925"
10/29/2024,580.15,593.67,575.4,593.28,"13,019,092"
10/28/2024,582,583.75,574.12,578.16,"10,925,131"
10/25/2024,573.94,581.29,571.72,573.25,"11,337,874"
10/24/2024,567.13,568.88,561.52,567.78,"7,184,651"
10/23/2024,579.97,585,562.5,563.69,"14,248,419"
10/22/2024,574.29,583.53,572.12,582.01,"8,544,463"
10/21/2024,576.03,577.24,569.11,575.16,"8,171,879"
10/18/2024,581.1,583.97,575.25,576.47,"7,694,274"
10/17/2024,583.33,584.97,575.2,576.93,"8,701,158"
10/16/2024,581.4,582.08,574.03,576.79,"11,268,384"
10/15/2024,590.16,590.61,580.14,586.27,"9,564,236"
10/14/2024,594.22,600.1,589.96,590.42,"8,251,971"
10/11/2024,584.83,591.21,582.71,589.95,"8,587,051"
10/10/2024,587.57,590.23,582.52,583.83,"7,740,449"
10/9/2024,593.99,594.39,581.61,590.51,"9,529,707"
10/8/2024,589.69,593.56,585.97,592.89,"7,857,377"
10/7/2024,598.22,602.95,584.04,584.78,"12,014,198"
10/4/2024,583.73,596.85,581.43,595.94,"14,199,788"
10/3/2024,570.15,583.36,568.73,582.77,"11,580,980"
10/2/2024,574.86,576,569.34,572.81,"6,524,650"
10/1/2024,577.98,583.04,570.1,576.47,"15,259,274"
9/30/2024,567.7,574.68,564.8,572.44,"12,807,206"
9/27/2024,570.1,570.84,564.51,567.36,"9,398,367"
9/26/2024,575.73,577.4,562.35,567.84,"14,400,787"
9/25/2024,564.05,576.88,563.72,568.31,"16,543,350"
9/24/2024,566.68,567.75,554.19,563.33,"12,992,956"
9/23/2024,569.5,573.98,562.41,564.41,"12,830,669"
9/20/2024,560,564.5,556.3,561.35,"22,066,817"
9/19/2024,550,562.07,546.52,559.1,"15,646,951"
9/18/2024,537.07,544.2,533.9,537.95,"10,323,537"
9/17/2024,537.6,542.1,530.57,536.32,"11,690,779"
9/16/2024,524.54,534.1,517.4,533.28,"9,527,646"
9/13/2024,520.34,527.58,517.11,524.62,"10,321,422"
9/12/2024,517.05,526.71,515.22,525.6,"11,993,342"
9/11/2024,507.01,513.12,495.6,511.83,"10,782,532"
9/10/2024,508.16,514.18,500.03,504.79,"9,899,022"
9/9/2024,506.16,511.33,502.08,504.79,"11,047,828"
9/6/2024,521.88,524.58,498.25,500.27,"14,744,521"
9/5/2024,511.72,521.63,511.15,516.86,"8,640,888"
9/4/2024,506.07,516.59,504.07,512.74,"8,335,207"
9/3/2024,519.64,525.49,508.62,511.76,"12,459,113"
8/30/2024,521.35,523.54,515.2,521.31,"9,157,541"
8/29/2024,519.05,527.2,515.68,518.22,"8,317,424"
8/28/2024,517.68,521.09,512.45,516.78,"9,106,077"
8/27/2024,518.98,524.01,515.31,519.1,"6,282,720"
8/26/2024,527.6,528,514.95,521.12,"9,584,002"
8/23/2024,536.92,539.87,525.06,528,"11,323,936"
8/22/2024,537,544.23,528.59,531.93,"15,708,292"
8/21/2024,527.15,539.4,526.94,535.16,"13,423,292"
8/20/2024,528.35,531.09,525.88,526.73,"7,944,391"
8/19/2024,526.87,531.66,522.76,529.28,"9,879,713"
8/16/2024,531.9,533.66,524.66,527.42,"14,776,684"
8/15/2024,531.79,539.77,526.7,537.33,"13,482,141"
8/14/2024,528.06,534,523.13,526.76,"11,444,189"
8/13/2024,520.01,531.5,518.15,528.54,"13,743,839"
8/12/2024,516.86,518.02,509.1,515.95,"9,767,422"
8/9/2024,507.71,518.34,505.7,517.77,"13,696,640"
8/8/2024,497.5,509.96,494.72,509.63,"16,156,843"
8/7/2024,503.13,510.15,486.86,488.92,"20,105,307"
8/6/2024,479,502.56,478.65,494.09,"20,954,959"
8/5/2024,451.35,483.48,450.8,475.73,"21,396,191"
8/2/2024,489,501.15,476.15,488.14,"24,044,658"
8/1/2024,521,527.17,492.1,497.74,"43,083,082"
7/31/2024,471.02,476.5,466.75,474.83,"24,285,777"
7/30/2024,467,472.73,456.7,463.19,"11,390,439"
7/29/2024,469.88,473.96,465.02,465.71,"11,339,630"
7/26/2024,464.2,469.77,459.42,465.7,"14,222,388"
7/25/2024,463.26,463.55,442.65,453.41,"18,240,489"
7/24/2024,472.31,476.3,460.58,461.27,"17,649,738"
7/23/2024,489.84,495.22,487.72,488.69,"9,455,527"
7/22/2024,486.58,492.06,483.9,487.4,"12,023,088"
7/19/2024,476.06,486.71,475.71,476.79,"15,149,416"
7/18/2024,475,479.24,464.54,475.85,"19,267,160"
7/17/2024,479.17,479.17,459.12,461.99,"28,076,595"
7/16/2024,501.5,503.95,485.79,489.79,"14,075,833"
7/15/2024,498.63,506.68,493.37,496.16,"12,539,163"
7/12/2024,497.76,508.09,494.23,498.87,"19,750,544"
7/11/2024,530.89,535.46,508.37,512.7,"16,458,253"
7/10/2024,530.79,538.88,528.36,534.69,"10,983,276"
7/9/2024,533.75,537.48,528.19,530,"8,769,088"
7/8/2024,542.35,542.81,526.65,529.32,"14,917,495"
7/5/2024,511.6,540.87,511.6,539.91,"21,354,093"
7/3/2024,506.37,511.28,506.02,509.96,"6,005,615"
7/2/2024,500.76,510.5,499.45,509.5,"7,739,479"
7/1/2024,504.95,506.58,493.17,504.68,"10,328,150"
6/28/2024,517.15,521.88,503.84,504.22,"15,855,137"
6/27/2024,514.25,522.88,513.9,519.56,"10,121,199"
6/26/2024,506.65,513.81,504.68,513.12,"8,882,337"
6/25/2024,497.05,510.71,495.5,510.6,"12,109,769"
6/24/2024,499.2,507.8,494.29,498.91,"13,525,278"
6/21/2024,503.45,503.45,492.39,494.78,"23,130,732"
6/20/2024,502,503.67,496.77,501.7,"11,801,182"
6/18/2024,504.56,506,495.02,499.49,"13,060,425"
6/17/2024,501.67,510.75,496.01,506.63,"11,266,601"
6/14/2024,502.65,507.15,500.75,504.16,"10,243,347"
6/13/2024,505.71,509.36,501.36,504.1,"9,954,621"
6/12/2024,513.99,514.01,504.47,508.84,"11,983,227"
6/11/2024,500.16,507.6,498.27,507.47,"9,673,715"
6/10/2024,493.86,502.66,493.41,502.6,"11,236,919"
6/7/2024,495.91,498.91,490.17,492.96,"9,380,745"
6/6/2024,492.98,502.82,490.89,493.76,"10,667,339"
6/5/2024,484.45,496.65,483.91,495.06,"15,690,484"
6/4/2024,477,478.89,473.23,476.99,"7,088,718"
6/3/2024,470.86,479.6,468.24,477.49,"11,279,390"
5/31/2024,465.8,469.12,454.46,466.83,"16,919,805"
5/30/2024,471.67,471.73,464.71,467.05,"10,735,226"
5/29/2024,474.66,479.85,473.7,474.36,"9,226,218"
5/28/2024,476.58,480.86,474.84,479.92,"10,175,770"
5/24/2024,467.62,479.85,466.3,478.22,"12,024,254"
5/23/2024,472.88,474.36,461.54,465.78,"11,747,913"
5/22/2024,467.87,473.72,465.65,467.78,"10,078,611"
5/21/2024,467.12,470.7,462.27,464.63,"11,742,189"
5/20/2024,469.95,473.2,467.04,468.84,"11,745,080"
5/17/2024,470.83,472.8,468.42,471.91,"10,807,289"
5/16/2024,475,477.69,472.75,473.23,"16,608,179"
5/15/2024,474.98,482.5,471.2,481.54,"13,100,470"
5/14/2024,463.37,472.54,460.08,471.85,"10,478,553"
5/13/2024,472.75,473.35,462.85,468.01,"14,668,798"
5/10/2024,477.09,477.5,469.6,476.2,"10,749,999"
5/9/2024,470,476.08,467.63,475.42,"9,437,651"
5/8/2024,463.5,475.58,463,472.6,"11,683,929"
5/7/2024,466.29,471.53,461.31,468.24,"13,406,816"
5/6/2024,455.58,466.16,453.34,465.68,"15,094,627"
5/3/2024,445.93,454.17,443.85,451.96,"16,489,057"
5/2/2024,438.84,443.96,432.28,441.68,"15,221,322"
5/1/2024,428.6,449.96,427.11,439.19,"20,344,947"
4/30/2024,431.05,439.62,429.72,430.17,"18,429,496"
4/29/2024,439.56,439.76,428.56,432.62,"21,502,646"
4/26/2024,441.46,446.44,431.96,443.29,"32,691,443"
4/25/2024,421.4,445.77,414.5,441.38,"82,890,741"
4/24/2024,508.06,510,484.58,493.5,"37,772,677"
4/23/2024,491.25,498.76,488.97,496.1,"15,079,196"
4/22/2024,489.72,492.01,473.4,481.73,"17,271,125"
4/19/2024,502.8,502.8,475.73,481.07,"25,215,364"
4/18/2024,499.82,512.21,499.04,501.8,"14,808,670"
4/17/2024,503.1,503.16,487.14,494.17,"12,193,743"
4/16/2024,498.11,504.77,497.11,499.76,"9,847,925"
4/15/2024,516.72,518.53,497.28,500.23,"13,512,893"
4/12/2024,517.75,520.19,509.33,511.9,"11,984,535"
4/11/2024,521.11,523.86,517.29,523.16,"10,369,469"
4/10/2024,509.29,522.56,505.8,519.83,"11,418,491"
4/9/2024,522.23,525.87,506.74,516.9,"10,881,445"
4/8/2024,529.28,531.49,518.89,519.25,"13,260,579"
4/5/2024,516.86,530.7,514.41,527.34,"19,263,265"
4/4/2024,516.42,530,510.58,510.92,"26,476,253"
4/3/2024,498.93,507.24,498.75,506.74,"12,099,171"
4/2/2024,485.1,497.53,484.65,497.37,"11,081,026"
4/1/2024,487.2,497.43,481.78,491.35,"9,247,007"
3/28/2024,492.84,492.89,485.15,485.58,"15,212,764"
3/27/2024,499.3,499.89,488.07,493.86,"9,989,676"
3/26/2024,505.13,510,495.21,495.89,"11,205,382"
3/25/2024,505.79,507.22,500.24,503.02,"8,380,617"
3/22/2024,507,509.97,504.34,509.58,"8,120,593"
3/21/2024,514.71,515.04,506.01,507.76,"9,712,549"
3/20/2024,499.5,508.2,495.17,505.52,"11,711,100"
3/19/2024,488.17,496.63,481.28,496.24,"10,903,092"
3/18/2024,491.91,497.42,486.81,496.98,"11,755,251"
3/15/2024,489.01,491.83,481.3,484.1,"29,153,576"
3/14/2024,500.26,501.35,488.16,491.83,"12,620,014"
3/13/2024,495.39,500.98,491.03,495.57,"12,090,656"
3/12/2024,493.26,502.31,484.73,499.75,"15,448,232"
3/11/2024,497.01,497.32,476,483.59,"20,428,274"
3/8/2024,514.19,523.57,499.35,505.95,"18,597,059"
3/7/2024,503.28,519.85,501.38,512.19,"18,586,437"
3/6/2024,497.63,502.97,494.29,496.09,"11,757,925"
3/5/2024,495,495.58,487.89,490.22,"15,325,299"
3/4/2024,503,504.42,496.42,498.19,"12,324,141"
3/1/2024,492.11,504.25,491.85,502.3,"15,884,882"
2/29/2024,488.44,491.7,482.61,490.13,"17,732,045"
2/28/2024,485,491.05,482.75,484.02,"12,715,486"
2/27/2024,479.98,487.27,479.92,487.05,"10,809,595"
2/26/2024,483.47,486.14,480.6,481.74,"12,101,415"
2/23/2024,488.05,494.36,482.35,484.03,"18,374,286"
2/22/2024,480.24,489.99,476.06,486.13,"21,625,805"
2/21/2024,466.5,469,461.79,468.03,"12,977,050"
2/20/2024,469.72,476.18,466.56,471.75,"18,015,523"
2/16/2024,478.11,478.96,469.21,473.32,"23,324,620"
2/15/2024,475.28,488.62,472.22,484.03,"24,212,326"
2/14/2024,467.93,474.11,466.09,473.28,"16,858,401"
2/13/2024,456.87,467.89,455.09,460.12,"20,916,602"
2/12/2024,468.19,479.15,466.58,468.9,"19,381,963"
2/9/2024,472.95,473.59,467.47,468.11,"18,413,137"
2/8/2024,468.32,470.59,465.03,470,"18,815,097"
2/7/2024,458,471.52,456.18,469.59,"23,065,994"
2/6/2024,464,467.12,453,454.72,"21,655,214"
2/5/2024,469.88,471.9,459.22,459.41,"40,832,376"
2/2/2024,459.6,485.96,453.01,474.99,"84,707,646"
2/1/2024,393.94,400.5,393.05,394.78,"29,727,051"
1/31/2024,389,398,387.1,390.14,"20,180,817"
1/30/2024,403.59,406.36,399.57,400.06,"18,614,727"
1/29/2024,394.99,402.93,393.1,401.02,"18,742,433"
1/26/2024,394.35,396.79,391.59,394.14,"13,159,290"
1/25/2024,390.17,395.49,385.66,393.18,"15,091,080"
1/24/2024,390,396.15,387.81,390.7,"15,604,285"
1/23/2024,384.62,388.38,382.08,385.2,"15,506,096"
1/22/2024,387.95,390.35,381.16,381.78,"17,680,454"
1/19/2024,379,384.36,377.97,383.45,"21,670,806"
1/18/2024,371.49,376.85,370.95,376.13,"16,354,332"
1/17/2024,366.3,368.54,358.61,368.37,"12,724,779"
1/16/2024,373.65,375.61,367.23,367.46,"15,306,885"
1/12/2024,370.16,377.06,369.54,374.49,"19,310,046"
1/11/2024,372.13,372.78,362.93,369.67,"17,205,385"
1/10/2024,360.17,372.94,359.08,370.47,"22,117,206"
1/9/2024,356.4,360.64,355.36,357.43,"13,463,871"
1/8/2024,354.7,358.98,352.05,358.66,"13,890,222"
1/5/2024,346.99,353.5,346.26,351.95,"13,750,912"
1/4/2024,344.5,348.15,343.4,347.12,"12,099,895"
1/3/2024,344.98,347.95,343.18,344.47,"15,451,133"
1/2/2024,351.32,353.16,340.01,346.29,"19,042,152"
12/29/2023,358.99,360,351.82,353.96,"14,987,092"
12/28/2023,359.7,361.9,357.81,358.32,"11,798,807"
12/27/2023,356.07,359,355.31,357.83,"13,207,928"
12/26/2023,354.99,356.98,353.45,354.83,"9,898,614"
12/22/2023,355.58,357.2,351.22,353.39,"11,772,779"
12/21/2023,352.98,356.41,349.21,354.09,"15,289,556"
12/20/2023,348.65,354.96,347.79,349.28,"16,369,850"
12/19/2023,345.58,353.6,345.12,350.36,"17,729,362"
12/18/2023,337.48,347.56,337.02,344.62,"18,993,852"
12/15/2023,331.99,338.66,331.22,334.92,"31,776,852"
12/14/2023,333.85,334.7,328.64,333.17,"19,607,335"
12/13/2023,333.93,338.37,332.64,334.74,"16,353,321"
12/12/2023,324.6,334.47,324.56,334.22,"18,485,461"
12/11/2023,329.4,329.89,320,325.28,"25,802,462"
12/8/2023,323.09,333.17,323,332.75,"14,087,351"
12/7/2023,317.77,328.24,317.77,326.59,"15,905,079"
12/6/2023,321.93,322.25,317.04,317.45,"11,294,337"
12/5/2023,318.98,321.88,315.39,318.29,"16,952,128"
12/4/2023,317.29,320.86,313.66,320.02,"19,037,080"
12/1/2023,325.48,326.86,320.76,324.82,"15,276,375"
11/30/2023,331.89,333.5,322.4,327.15,"23,146,387"
11/29/2023,339.69,339.9,330.78,332.2,"16,024,497"
11/28/2023,333.4,339.38,333.4,338.99,"12,637,245"
11/27/2023,336.18,339.9,334.2,334.7,"15,684,454"
11/24/2023,340.13,341.86,336.77,338.23,"5,467,488"
11/22/2023,339.21,342.92,338.58,341.49,"10,715,177"
11/21/2023,338.33,339.9,335.9,336.98,"12,027,863"
11/20/2023,334.89,341.87,334.19,339.97,"16,976,129"
11/17/2023,330.26,335.5,329.35,335.04,"14,519,213"
11/16/2023,329.37,334.58,326.38,334.19,"18,932,572"
11/15/2023,337.93,338.4,330.02,332.71,"14,531,180"
11/14/2023,334.54,338.1,333.33,336.31,"17,179,403"
11/13/2023,326.2,332.33,325.7,329.19,"16,908,948"
11/10/2023,319.94,329.1,319.46,328.77,"19,116,921"
11/9/2023,319.42,324.18,318.8,320.55,"16,103,071"
11/8/2023,318.14,321.33,314.88,319.78,"13,609,704"
11/7/2023,317.06,321,315.12,318.82,"14,055,614"
11/6/2023,315.98,318.33,314.45,315.8,"12,887,699"
11/3/2023,312.55,315.55,311.02,314.6,"16,764,315"
11/2/2023,317.3,318.82,308.33,310.87,"21,631,820"
11/1/2023,301.85,312.74,301.85,311.85,"20,434,580"
10/31/2023,303.31,303.68,296.86,301.27,"19,434,168"
10/30/2023,299.09,309.4,299.05,302.66,"28,435,053"
10/27/2023,294.48,299.31,292.97,296.73,"29,596,256"
10/26/2023,295,295,279.4,288.35,"66,684,141"
10/25/2023,310,310.88,298.84,299.53,"42,192,474"
10/24/2023,316.78,318.35,310.63,312.55,"19,525,488"
10/23/2023,309.5,317.36,307.26,314.01,"17,796,785"
10/20/2023,314.14,315.3,306.47,308.65,"22,312,275"
10/19/2023,319.88,321.89,311.75,312.81,"18,709,160"
10/18/2023,321.39,325.94,315.56,316.97,"16,851,003"
10/17/2023,318.18,324.4,317.3,324,"16,387,799"
10/16/2023,318.64,321.82,315.52,321.15,"16,536,114"
10/13/2023,323.53,325.05,312.37,314.69,"21,360,790"
10/12/2023,328,330.54,322.69,324.16,"20,530,518"
10/11/2023,323.01,328.84,322.95,327.82,"22,036,297"
10/10/2023,319.12,324.66,318.16,321.84,"19,037,973"
10/9/2023,312.5,320.33,311.82,318.36,"22,503,662"
10/6/2023,301.44,316.31,300.91,315.43,"21,803,856"
10/5/2023,304.63,306.21,299.5,304.79,"19,129,957"
10/4/2023,298.73,306.9,298.5,305.58,"16,880,484"
10/3/2023,304.26,306.77,299.64,300.94,"17,362,250"
10/2/2023,302.74,307.18,301.63,306.82,"16,265,571"
9/29/2023,307.38,310.64,299.36,300.21,"25,373,695"
9/28/2023,298.94,306.33,296.7,303.96,"22,167,075"
9/27/2023,300.45,301.3,286.79,297.74,"36,429,835"
9/26/2023,297.66,300.3,296.01,298.96,"19,417,161"
9/25/2023,295.64,300.95,293.7,300.83,"18,987,014"
9/22/2023,299.3,305.38,298.27,299.08,"25,369,592"
9/21/2023,295.7,300.26,293.27,295.73,"21,319,582"
9/20/2023,305.05,308.06,299.43,299.67,"19,379,515"
9/19/2023,302.48,306.17,299.81,305.07,"15,931,618"
9/18/2023,298.19,303.6,297.8,302.55,"14,234,158"
9/15/2023,311.61,312,298.75,300.31,"28,131,140"
9/14/2023,306.74,312.87,305.03,311.72,"19,343,102"
9/13/2023,302.36,307.18,301.32,305.06,"13,210,915"
9/12/2023,306.33,308.66,300.23,301.66,"13,480,400"
9/11/2023,301.41,309.04,301.28,307.56,"19,489,330"
9/8/2023,299.22,305.25,296.78,297.89,"17,572,203"
9/7/2023,298,307.05,292.22,298.67,"33,748,737"
9/6/2023,301.71,303.3,295.66,299.17,"15,418,092"
9/5/2023,297.02,301.39,295.51,300.15,"14,955,989"
9/1/2023,299.37,301.74,294.47,296.38,"12,842,257"
8/31/2023,295.8,301.1,295.66,295.89,"17,229,865"
8/30/2023,297.17,298.29,293.43,295.1,"17,717,024"
8/29/2023,288.59,299.15,288.18,297.99,"20,844,522"
8/28/2023,288,291.45,285.8,290.26,"14,239,285"
8/25/2023,286.13,288.39,276.03,285.5,"23,701,443"
8/24/2023,298.5,299.46,286.64,286.75,"18,360,882"
8/23/2023,288.5,297.4,287.67,294.24,"18,287,001"
8/22/2023,292.55,292.9,286.75,287.6,"12,999,913"
8/21/2023,283.45,290.5,281.85,289.9,"20,181,475"
8/18/2023,279.03,285.69,274.38,283.25,"35,347,925"
8/17/2023,293.05,296.05,284.95,285.09,"23,950,089"
8/16/2023,300.2,301.08,294.28,294.29,"18,547,741"
8/15/2023,306.14,307.23,300.03,301.95,"11,623,613"
8/14/2023,300.98,306.21,298.25,306.19,"15,641,921"
8/11/2023,302.57,304.72,300.36,301.64,"14,046,250"
8/10/2023,307.94,312.34,303.87,305.74,"14,358,897"
8/9/2023,312.88,313.63,302.85,305.21,"19,955,783"
8/8/2023,314.4,317.89,310.11,312.64,"15,183,532"
8/7/2023,313.23,317.07,310.46,316.56,"16,236,504"
8/4/2023,314.96,318.41,310.2,310.73,"17,612,762"
8/3/2023,309.93,315.95,309.93,313.19,"15,215,422"
8/2/2023,318,318.39,310.65,314.31,"20,461,094"
8/1/2023,317.54,324.14,314.66,322.71,"22,889,870"
7/31/2023,323.69,325.66,317.59,318.6,"25,799,603"
7/28/2023,316.88,326.2,314.25,325.48,"39,220,270"
7/27/2023,325.12,325.35,309.84,311.71,"64,229,173"
7/26/2023,301.19,301.77,291.9,298.57,"47,256,930"
7/25/2023,295.19,298.3,291.86,294.47,"19,585,584"
7/24/2023,295.78,297.52,288.3,291.61,"24,949,405"
7/21/2023,304.57,305.46,291.2,294.26,"42,139,259"
7/20/2023,313.5,315.54,302.22,302.52,"23,836,876"
7/19/2023,313.03,318.68,310.52,316.01,"21,763,688"
7/18/2023,310.88,314.2,307.62,312.05,"20,764,580"
7/17/2023,307.54,311.71,304.71,310.62,"25,323,126"
7/14/2023,311.79,314.88,307.36,308.87,"23,054,108"
7/13/2023,313.62,316.24,310.29,313.41,"30,280,972"
7/12/2023,301.75,309.45,300.1,309.34,"36,677,127"
7/11/2023,293.9,300.18,291.9,298.29,"27,585,918"
7/10/2023,295.55,298.13,287.05,294.1,"37,058,306"
7/7/2023,292.18,296.2,288.66,290.53,"25,585,975"
7/6/2023,295.89,298.12,291.31,291.99,"47,733,829"
7/5/2023,287.65,298.12,286.36,294.37,"33,865,457"
7/3/2023,286.7,289.4,284.85,286.02,"8,629,269"
6/30/2023,284.76,289.05,284.42,286.98,"19,694,872"
6/29/2023,284.5,286.57,280.69,281.53,"15,395,690"
6/28/2023,284.82,289.55,284.06,285.29,"16,722,117"
6/27/2023,282.01,289.35,280.66,287.05,"26,108,260"
6/26/2023,288.7,289.79,277.6,278.47,"24,232,651"
6/23/2023,281.51,289.67,278.95,288.73,"51,092,038"
6/22/2023,279.08,285.26,277.79,284.88,"17,563,061"
6/21/2023,283.53,284,278.36,281.64,"20,556,170"
6/20/2023,278.73,284.8,276.22,284.33,"20,701,589"
6/16/2023,284.75,287.85,280.13,281,"43,127,731"
6/15/2023,272.3,283.99,271.42,281.83,"25,973,455"
6/14/2023,271.89,274.99,268.32,273.35,"19,175,066"
6/13/2023,274.88,275.72,269.09,271.32,"16,164,024"
6/12/2023,267.17,271.75,265.33,271.05,"15,471,702"
6/9/2023,262.48,267.95,261.7,264.95,"16,949,794"
6/8/2023,260.62,267.65,258.88,264.58,"20,899,359"
6/7/2023,271.67,274.25,262.8,263.6,"26,163,627"
6/6/2023,270.14,276.57,269.69,271.12,"19,419,010"
6/5/2023,270.3,275.57,269.56,271.39,"20,742,946"
6/2/2023,272.66,275.35,271.12,272.61,"19,416,930"
6/1/2023,265.9,274,265.89,272.61,"25,609,508"
5/31/2023,260,265,258.45,264.72,"25,473,690"
5/30/2023,265.25,268.65,261.29,262.52,"23,816,483"
5/26/2023,252.93,262.31,252.71,262.04,"25,768,663"
5/25/2023,253.4,255.62,249.17,252.69,"22,371,435"
5/24/2023,245.28,249.59,244.95,249.21,"17,724,338"
5/23/2023,246.81,251.61,246.65,246.74,"17,748,115"
5/22/2023,245.41,253.57,245.12,248.32,"27,738,479"
5/19/2023,247.47,248.69,243.41,245.64,"21,733,581"
5/18/2023,241.3,247.09,241.19,246.85,"22,943,297"
5/17/2023,238.45,243.84,238.14,242.49,"21,193,080"
5/16/2023,235.79,239.64,235.52,238.82,"18,163,772"
5/15/2023,236.92,240.26,235.33,238.86,"20,653,229"
5/12/2023,236.74,236.96,231.45,233.81,"16,161,447"
5/11/2023,233.05,238.21,232.3,235.79,"20,448,991"
5/10/2023,236.17,236.75,230.72,233.08,"19,119,007"
5/9/2023,231.46,235.88,231.08,233.37,"16,865,587"
5/8/2023,231.42,235.62,230.27,233.27,"16,400,526"
5/5/2023,232.24,234.68,229.85,232.78,"27,000,480"
5/4/2023,236.06,238.2,232.93,233.52,"17,889,391"
5/3/2023,239.47,241.75,232.75,237.03,"34,463,859"
5/2/2023,243.18,244.92,238.99,239.24,"24,350,149"
5/1/2023,238.62,244,236.46,243.18,"29,143,912"
4/28/2023,239.01,240.43,235.75,240.32,"39,554,036"
4/27/2023,239.89,241.69,236.77,238.56,"71,196,531"
4/26/2023,212.5,214.11,208.88,209.4,"41,992,726"
4/25/2023,210.82,211.26,207.13,207.55,"19,198,175"
4/24/2023,213.68,213.92,210.71,212.79,"15,750,920"
4/21/2023,210.21,213.41,209.58,212.89,"17,717,166"
4/20/2023,213.48,216.75,212.77,213.07,"16,475,443"
4/19/2023,213.47,217.33,212.93,215.7,"15,898,078"
4/18/2023,219.91,220.44,216.21,217.89,"12,280,984"
4/17/2023,219.79,220.98,217.13,218.86,"15,481,874"
4/14/2023,217.88,222.11,217.55,221.49,"21,591,207"
4/13/2023,215.73,221.15,215.69,220.35,"23,310,357"
4/12/2023,214.84,216.84,212.58,214,"18,972,172"
4/11/2023,215.48,216.02,213.41,213.85,"16,710,101"
4/10/2023,214.71,215.66,210.66,214.75,"16,106,074"
4/6/2023,209.25,216.94,208.65,216.1,"26,104,411"
4/5/2023,214.15,215.19,209.94,211.48,"19,396,630"
4/4/2023,213.39,216.24,212.54,214.72,"21,026,367"
4/3/2023,208.84,213.49,208.2,213.07,"17,924,613"
3/31/2023,207.24,212.17,206.77,211.94,"25,440,273"
3/30/2023,203.38,208.09,202.82,207.84,"22,608,303"
3/29/2023,203.56,205.72,202.54,205.35,"18,851,137"
3/28/2023,200.15,201.03,197.9,200.68,"19,127,295"
3/27/2023,204.81,205.86,201.36,202.84,"18,527,184"
3/24/2023,205.18,207.58,203.55,206.01,"27,733,042"
3/23/2023,202.84,207.88,202.15,204.28,"27,389,669"
3/22/2023,202.5,207.37,199.67,199.81,"28,477,759"
3/21/2023,203.2,203.55,197.95,202.16,"31,826,952"
3/20/2023,198.48,199.36,193.64,197.81,"25,186,315"
3/17/2023,200.56,201.9,195.43,195.61,"50,141,098"
3/16/2023,198.26,205.76,196.09,204.93,"50,819,659"
3/15/2023,192.95,197.78,190.84,197.75,"42,123,552"
3/14/2023,187.58,194.32,186.56,194.02,"41,642,627"
3/13/2023,177.96,183.78,174.82,180.9,"24,727,969"
3/10/2023,181.01,184.77,178.8,179.51,"25,665,032"
3/9/2023,186.35,188.93,180.3,181.69,"26,582,750"
3/8/2023,182.87,185.26,181.34,184.97,"19,432,405"
3/7/2023,189,190.36,184.01,184.51,"36,701,495"
3/6/2023,188,189.66,184.64,184.9,"33,209,394"
3/3/2023,178.92,186.62,177.05,185.25,"45,877,692"
3/2/2023,172.38,175.01,171.43,174.53,"17,360,708"
3/1/2023,174.59,177.85,173.05,173.42,"30,998,380"
2/28/2023,171.9,177.55,171.87,174.94,"46,051,117"
2/27/2023,171.88,173.12,169.06,169.54,"19,277,002"
2/24/2023,168.64,170.72,167.66,170.39,"19,791,334"
2/23/2023,172,173.69,169.38,172.04,"20,017,779"
2/22/2023,171.07,172.76,169.69,171.12,"22,433,158"
2/21/2023,174.31,178.17,171.88,172.08,"34,592,582"
2/17/2023,170.22,173.18,169.7,172.88,"24,171,260"
2/16/2023,172.75,175.85,171.79,172.44,"25,827,473"
2/15/2023,176.42,178.19,175.33,177.16,"25,337,966"
2/14/2023,177.16,181.51,175.88,179.48,"24,034,631"
2/13/2023,178.22,181,175.82,179.43,"31,463,223"
2/10/2023,176.35,178.89,173.35,174.15,"33,433,567"
2/9/2023,186.13,186.65,177.27,177.92,"37,118,811"
2/8/2023,190,190.83,182.92,183.43,"36,139,074"
2/7/2023,185.58,193.78,184.4,191.62,"47,080,662"
2/6/2023,186.53,190.7,185.52,186.06,"42,483,811"
2/3/2023,183.47,196.77,182.89,186.53,"76,809,701"
2/2/2023,183.38,197.16,180.16,188.77,"150,475,687"
2/1/2023,148.03,153.58,147.06,153.12,"55,661,017"
1/31/2023,147.95,149.88,147.52,148.97,"29,842,109"
1/30/2023,149.41,151.12,146.95,147.06,"28,040,100"
1/27/2023,148.24,153.19,147.39,151.74,"35,771,865"
1/26/2023,144.4,147.51,143.3,147.3,"25,482,084"
1/25/2023,141.22,143.17,140.31,141.5,"26,622,021"
1/24/2023,141.69,145,141.36,143.14,"21,970,190"
1/23/2023,139.29,143.76,138.66,143.27,"27,470,093"
1/20/2023,135.89,139.94,134.61,139.37,"28,688,630"
1/19/2023,132.49,137.45,132.14,136.15,"28,625,232"
1/18/2023,135.81,137.25,132.8,133.02,"20,215,486"
1/17/2023,136.18,136.75,134.25,135.36,"21,147,587"
1/13/2023,134.97,137.39,134.84,136.98,"22,423,839"
1/12/2023,133.44,137.68,131.76,136.71,"30,757,732"
1/11/2023,130.96,133.85,130.34,132.89,"25,423,046"
1/10/2023,127.27,133.44,127.15,132.99,"28,684,431"
1/9/2023,131.16,132.95,129.28,129.47,"26,649,145"
1/6/2023,128.97,130.33,126.04,130.02,"27,584,498"
1/5/2023,126.13,128.52,124.54,126.94,"25,447,099"
1/4/2023,127.38,129.05,125.85,127.37,"32,397,094"
1/3/2023,122.82,126.37,122.28,124.74,"35,528,531"
12/30/2022,118.16,120.42,117.74,120.34,"19,583,825"
12/29/2022,116.4,121.03,115.77,120.26,"22,366,192"
12/28/2022,116.25,118.15,115.51,115.62,"19,612,473"
12/27/2022,117.93,118.6,116.05,116.88,"21,392,311"
12/23/2022,116.03,118.18,115.54,118.04,"17,796,625"
12/22/2022,117.2,118.62,114.38,117.12,"23,618,121"
12/21/2022,116.7,120.34,115.62,119.76,"20,392,799"
12/20/2022,113.26,117.33,112.46,117.09,"28,742,501"
12/19/2022,116.83,117.8,114.33,114.48,"29,769,875"
12/16/2022,120.23,123.31,118.82,119.43,"67,064,001"
12/15/2022,118.33,118.63,114.01,116.15,"34,530,970"
12/14/2022,119.39,124.14,119.39,121.59,"36,922,037"
12/13/2022,122.13,123.3,118.64,120.15,"44,701,054"
12/12/2022,115.18,115.72,113.14,114.71,"24,747,064"
12/9/2022,115.3,117.54,113.87,115.9,"26,033,353"
12/8/2022,116.39,117.34,114.59,115.33,"30,619,418"
12/7/2022,113.76,115.88,112.88,113.93,"29,461,137"
12/6/2022,119.91,120.55,113.74,114.12,"43,689,183"
12/5/2022,121.75,124.67,121.35,122.43,"35,474,884"
12/2/2022,117.83,124.04,117.61,123.49,"39,950,464"
12/1/2022,119.2,121.2,118.4,120.44,"36,551,374"
11/30/2022,109.51,118.16,109.38,118.1,"43,348,557"
11/29/2022,109.54,110.94,108.54,109.46,"23,899,238"
11/28/2022,110.78,112.04,108.38,108.78,"23,332,816"
11/25/2022,111.3,112.73,111.02,111.41,"12,007,566"
11/23/2022,111.72,112.67,110.73,112.24,"21,343,083"
11/22/2022,109.86,111.62,108.32,111.44,"29,028,963"
11/21/2022,111.52,112.37,109.19,109.86,"24,351,074"
11/18/2022,113.8,114.32,110.62,112.05,"33,357,707"
11/17/2022,110.41,112.33,109.8,111.45,"35,093,822"
11/16/2022,114.5,116.08,112.66,113.23,"33,287,773"
11/15/2022,116.07,118.74,114.41,117.08,"50,670,499"
11/14/2022,110.99,116.27,110.8,114.22,"53,394,974"
11/11/2022,109.23,114.9,108.81,113.02,"59,961,742"
11/10/2022,107.12,112.75,104.61,111.87,"80,670,961"
11/9/2022,101.72,104.9,100.74,101.47,"107,677,284"
11/8/2022,95.92,97.8,94.79,96.47,"52,088,320"
11/7/2022,94.78,96.88,93.1,96.72,"81,987,295"
11/4/2022,90.35,91.39,88.09,90.79,"55,638,061"
11/3/2022,90.08,90.46,88.41,88.91,"60,664,012"
11/2/2022,94.21,95.2,90.48,90.54,"71,821,058"
11/1/2022,94.33,97.49,93.55,95.2,"110,189,617"
10/31/2022,98.22,99.32,92.6,93.16,"121,361,444"
10/28/2022,99.58,100.85,97.51,99.2,"95,928,306"
10/27/2022,97.98,102.5,96.38,97.94,"232,316,571"
10/26/2022,131.68,135.55,128.53,129.82,"89,294,679"
10/25/2022,130.88,138.35,130.59,137.51,"38,433,219"
10/24/2022,127.25,133.48,124.57,129.72,"63,563,447"
10/21/2022,126.31,130.12,125.44,130.01,"46,348,647"
10/20/2022,132.93,136.77,131.31,131.53,"26,356,276"
10/19/2022,132.89,137,132.22,133.23,"30,691,047"
10/18/2022,137.09,137.84,131.4,132.8,"25,444,979"
10/17/2022,130.3,134.79,130.18,134.04,"29,612,245"
10/14/2022,131,131.79,126.52,126.76,"23,559,407"
10/13/2022,123.53,131.14,122.53,130.29,"34,325,715"
10/12/2022,128.32,129.67,126.25,127.5,"34,605,245"
10/11/2022,131.62,132.66,126.99,128.54,"38,481,403"
10/10/2022,133.55,136.11,131.87,133.79,"24,023,982"
10/7/2022,136.76,138.29,132.44,133.45,"33,214,773"
10/6/2022,137.72,141.45,136.6,139.07,"36,231,056"
10/5/2022,138.24,140.21,134.78,138.98,"27,979,348"
10/4/2022,140.49,142.39,139.34,140.28,"34,670,729"
10/3/2022,137.14,139.62,136.1,138.61,"27,723,063"
9/30/2022,136.05,140.99,135.5,135.68,"33,166,393"
9/29/2022,139.36,139.84,135.2,136.41,"38,985,414"
9/28/2022,134.62,142.03,134.27,141.61,"32,658,478"
9/27/2022,137.92,139.42,134.12,134.4,"30,826,471"
9/26/2022,140.12,142.24,136.19,136.37,"30,497,021"
9/23/2022,141.42,142.62,138.89,140.41,"31,710,685"
9/22/2022,141.55,144.58,140.87,142.82,"34,418,521"
9/21/2022,146.39,149.6,142,142.12,"38,338,614"
9/20/2022,145.78,148.84,145.22,146.09,"23,217,350"
9/19/2022,145.24,148.58,145.1,148.02,"22,169,477"
9/16/2022,148.05,148.58,144.29,146.29,"40,122,824"
9/15/2022,149.8,154.2,148.7,149.55,"34,606,348"
9/14/2022,153.33,153.54,149.05,151.47,"43,064,195"
9/13/2022,161.54,161.63,152.67,153.13,"44,444,061"
9/12/2022,167.39,171.39,167.28,168.96,"23,220,405"
9/9/2022,163.25,169.54,163.02,169.15,"22,129,802"
9/8/2022,158.71,162.23,157.74,162.06,"22,530,785"
9/7/2022,157.76,160.96,156.81,160.39,"16,831,182"
9/6/2022,160.1,161.69,157.69,158.54,"19,339,781"
9/2/2022,167.45,167.93,159.22,160.32,"22,634,191"
9/1/2022,163.58,167.36,160.35,165.36,"30,145,683"
8/31/2022,167.07,167.84,162.14,162.93,"40,952,975"
8/30/2022,160.36,161.66,155.91,157.16,"19,567,948"
8/29/2022,160.66,163.05,159.01,159.17,"20,052,661"
8/26/2022,168.48,170.92,161.67,161.78,"24,023,633"
8/25/2022,165.18,168.88,164.02,168.78,"15,550,514"
8/24/2022,160.6,165.46,159.77,163.26,"20,891,481"
8/23/2022,162.48,165.05,160.7,161.11,"18,111,777"
8/22/2022,165.49,165.49,162.26,163.05,"19,499,711"
8/19/2022,170.2,172.32,167.05,167.96,"26,240,799"
8/18/2022,174.34,175.76,171.86,174.66,"18,844,451"
8/17/2022,176.76,178.14,174.17,174.85,"20,118,133"
8/16/2022,179.44,180.99,177.04,179.47,"21,156,710"
8/15/2022,178.96,181.44,178.2,180.89,"15,878,671"
8/12/2022,180.81,181.46,178.91,180.5,"21,274,046"
8/11/2022,179.71,183.1,176.37,177.49,"24,079,062"
8/10/2022,175.99,180.48,173.95,178.34,"30,262,132"
8/9/2022,168.95,169.53,166.6,168.53,"18,655,056"
8/8/2022,168,177.51,167.13,170.25,"27,299,113"
8/5/2022,166.99,171.61,165.8,167.11,"25,832,701"
8/4/2022,168.3,172.15,166.8,170.57,"23,938,212"
8/3/2022,162.69,169.54,161.57,168.8,"31,717,527"
8/2/2022,158.31,162.24,158.01,160.19,"27,374,516"
8/1/2022,157.25,165.19,155.23,159.93,"40,596,702"
7/29/2022,157.69,160.14,155.17,159.1,"42,065,395"
7/28/2022,161.06,161.51,154.85,160.72,"73,214,326"
7/27/2022,162.59,170.87,162.02,169.58,"43,846,557"
7/26/2022,165.94,166,157.95,159.15,"28,468,424"
7/25/2022,169,170.57,164.81,166.65,"26,166,326"
7/22/2022,173.07,175.6,168.41,169.27,"42,583,916"
7/21/2022,180.63,183.85,178.87,183.17,"27,195,815"
7/20/2022,177.49,183.6,176.7,183.09,"24,784,274"
7/19/2022,170.37,176.49,169.51,175.78,"25,933,679"
7/18/2022,166.75,171.69,165.64,167.23,"23,574,337"
7/15/2022,160.54,164.98,159.82,164.7,"23,342,807"
7/14/2022,161.22,162.59,157.28,158.05,"23,765,168"
7/13/2022,160.16,164.98,159.61,163.49,"16,555,138"
7/12/2022,164.8,165.91,162.1,163.27,"16,639,659"
7/11/2022,167.07,167.49,161.91,162.88,"21,905,133"
7/8/2022,169.98,172.4,168.15,170.88,"19,249,243"
7/7/2022,169.45,172.72,167.78,172.19,"24,083,368"
7/6/2022,168.2,171.59,165.46,169.77,"23,085,921"
7/5/2022,158.14,168.25,157.02,168.19,"28,664,799"
7/1/2022,160.31,160.62,155,160.03,"31,423,933"
6/30/2022,162.15,165.23,158.49,161.25,"35,250,605"
6/29/2022,163.57,166.33,160.32,163.94,"28,595,236"
6/28/2022,169.9,171.3,160.61,160.68,"27,788,725"
6/27/2022,171.32,171.75,168.01,169.49,"29,174,559"
6/24/2022,161.73,170.25,161.3,170.16,"68,736,009"
6/23/2022,156.27,159.75,154.25,158.75,"40,499,198"
6/22/2022,158.38,160.79,155.44,155.85,"47,596,820"
6/21/2022,165.93,167.76,155.97,157.05,"50,724,899"
6/17/2022,161.68,165.9,159.9,163.74,"31,374,215"
6/16/2022,163.72,165.08,159.61,160.87,"26,944,143"
6/15/2022,167.2,172.16,163.98,169.35,"30,008,251"
6/14/2022,166.03,166.75,161.36,163.73,"27,244,274"
6/13/2022,170.59,172.58,164.03,164.26,"31,749,304"
6/10/2022,183.04,183.1,175.02,175.57,"27,478,354"
6/9/2022,194.28,199.45,183.68,184,"23,501,579"
6/8/2022,194.67,202.03,194.41,196.64,"22,267,154"
6/7/2022,191.93,196.53,191.49,195.65,"18,828,687"
6/6/2022,193.99,196.92,188.4,194.25,"30,574,242"
6/3/2022,195.98,196.61,189.78,190.78,"19,464,993"
6/2/2022,188.45,200.94,187.73,198.86,"31,951,582"
6/1/2022,196.51,199.53,185,188.64,"36,623,495"
5/31/2022,194.89,197.6,192.01,193.64,"26,131,103"
5/27/2022,191.36,195.33,189.8,195.13,"22,562,727"
5/26/2022,182.88,192.83,182.26,191.63,"23,056,455"
5/25/2022,180.4,185.45,179.32,183.83,"28,030,194"
5/24/2022,180.55,183.68,176.11,181.28,"50,406,273"
5/23/2022,195.19,196.99,191.24,196.23,"25,059,161"
5/20/2022,194.97,197.91,187.87,193.54,"31,465,570"
5/19/2022,191.2,195.29,189.6,191.29,"24,446,938"
5/18/2022,200,201,191.63,192.24,"23,959,966"
5/17/2022,202.12,205.46,198.36,202.62,"24,872,729"
5/16/2022,197.05,205.37,195.93,200.04,"27,112,595"
5/13/2022,192.58,199.89,191.28,198.62,"24,549,844"
5/12/2022,187.06,198.05,184.78,191.24,"38,262,226"
5/11/2022,196.33,200.67,188.27,188.74,"31,153,383"
5/10/2022,199.51,202.96,194.19,197.65,"34,452,491"
5/9/2022,199.84,202.57,195.58,196.21,"36,303,200"
5/6/2022,207.34,209.38,201.02,203.77,"34,747,158"
5/5/2022,218.74,220.17,206.16,208.28,"41,129,192"
5/4/2022,210.65,224.3,206.96,223.41,"41,375,881"
5/3/2022,210.45,214.9,208.09,212.03,"41,556,267"
5/2/2022,201.17,211.88,200.99,211.13,"49,915,289"
4/29/2022,204.46,212.48,199.9,200.47,"49,193,434"
4/28/2022,202.92,208.53,192.9,205.73,"100,890,551"
4/27/2022,174.43,181.21,169,174.95,"71,062,886"
4/26/2022,186.63,187.19,179.5,180.95,"31,747,434"
4/25/2022,182.73,187.18,181.66,186.99,"29,281,060"
4/22/2022,190.37,192.72,183.27,184.11,"36,426,769"
4/21/2022,201.6,202.97,185.58,188.07,"49,954,078"
4/20/2022,213.61,214.16,198.92,200.42,"43,036,528"
4/19/2022,210.52,218.43,209,217.31,"20,089,871"
4/18/2022,210,213.38,208.3,210.77,"16,580,792"
4/14/2022,214.89,214.99,210,210.18,"18,379,455"
4/13/2022,211.82,216.61,211.33,214.99,"19,231,816"
4/12/2022,220.24,222.03,213.13,214.14,"20,128,827"
4/11/2022,218.42,220.61,215.22,216.46,"20,516,586"
4/8/2022,222.38,225.13,220.03,222.33,"18,375,711"
4/7/2022,223.93,225.52,218.56,222.95,"21,037,187"
4/6/2022,226.91,228.99,221.41,223.3,"28,995,080"
4/5/2022,234.08,236.86,231.02,231.84,"29,727,181"
4/4/2022,225.98,234.35,225.86,233.89,"28,100,826"
4/1/2022,224.55,227.28,222.7,224.85,"19,544,758"
3/31/2022,228.45,228.49,222.26,222.36,"24,192,266"
3/30/2022,228.91,231.15,226.71,227.85,"25,588,046"
3/29/2022,226.07,230.89,225.29,229.86,"31,417,857"
3/28/2022,222.13,224.04,219.54,223.59,"26,224,141"
3/25/2022,220.51,225.5,218.89,221.82,"40,039,026"
3/24/2022,215,220.67,214.79,219.57,"31,502,314"
3/23/2022,213.33,216.8,212.16,213.46,"23,717,321"
3/22/2022,211.37,219.46,210.18,216.65,"31,998,799"
3/21/2022,214.5,214.71,207.63,211.49,"30,142,338"
3/18/2022,206.7,216.8,206,216.49,"52,127,982"
3/17/2022,201.7,208.04,201.11,207.84,"29,499,681"
3/16/2022,194.7,203.73,194.52,203.63,"40,640,264"
3/15/2022,190.8,192.28,185.91,192.03,"31,721,682"
3/14/2022,187.03,192.29,185.82,186.63,"31,010,462"
3/11/2022,192.64,193.56,186.67,187.61,"34,694,534"
3/10/2022,194.84,196.28,191.07,195.21,"24,852,975"
3/9/2022,195.74,199.1,193.92,198.5,"31,894,695"
3/8/2022,187.85,196.7,186.11,190.29,"37,508,149"
3/7/2022,200.79,200.89,187.28,187.47,"38,560,609"
3/4/2022,202.37,205.89,198.79,200.06,"32,146,264"
3/3/2022,209.02,209.08,201.42,202.97,"27,263,524"
3/2/2022,204.78,209.15,202.02,208.11,"29,452,147"
3/1/2022,209.87,211.75,202.22,203.49,"27,094,902"
2/28/2022,207.68,213.15,206.83,211.03,"34,239,803"
2/25/2022,204.94,211.32,203.18,210.48,"37,627,551"
2/24/2022,191.06,208.35,190.22,207.6,"49,957,167"
2/23/2022,204.16,206.94,198.05,198.45,"44,481,359"
2/22/2022,202.34,207.48,200.06,202.08,"39,852,391"
2/18/2022,209.39,210.75,205.18,206.16,"37,128,438"
2/17/2022,214.02,217.5,207.16,207.71,"38,747,533"
2/16/2022,212.41,217.46,212.36,216.54,"45,817,457"
2/15/2022,220.47,221.15,215.06,221,"42,685,473"
2/14/2022,219.31,221,214.78,217.7,"38,184,035"
2/11/2022,228.46,230.42,218.77,219.55,"46,156,943"
2/10/2022,228.27,235,226.7,228.07,"49,310,356"
2/9/2022,224.2,233.37,222.21,232,"86,563,275"
2/8/2022,220.85,225.77,216.15,220.18,"94,729,672"
2/7/2022,237.7,238.3,224.01,224.91,"88,613,826"
2/4/2022,234.97,242.61,230.11,237.09,"89,342,247"
2/3/2022,244.65,248,235.75,237.76,"188,119,925"
2/2/2022,327.82,328,316.87,323,"58,458,280"
2/1/2022,314.56,319.66,312.12,319,"18,023,796"
1/31/2022,300.68,313.79,299.32,313.26,"21,579,474"
1/28/2022,295.62,301.9,293.03,301.71,"21,871,620"
1/27/2022,297.75,301.71,294.26,294.64,"21,629,922"
1/26/2022,307.01,307.51,290.85,294.63,"28,348,801"
1/25/2022,299.95,306.23,297.58,300.15,"25,108,454"
1/24/2022,297.84,309.53,289.01,308.71,"38,936,901"
1/21/2022,314.81,318.31,303.04,303.17,"28,710,717"
1/20/2022,323.9,327.82,315.98,316.56,"16,925,030"
1/19/2022,319.58,327.1,319.33,319.59,"20,814,740"
1/18/2022,323.29,324.21,317.64,318.15,"22,677,332"
1/14/2022,321.79,332.73,321.21,331.9,"16,868,497"
1/13/2022,334.98,335.63,325.76,326.48,"14,797,109"
1/12/2022,335.18,336.37,330.03,333.26,"14,104,858"
1/11/2022,326.78,334.63,325.28,334.37,"16,226,847"
1/10/2022,325.31,328.34,315.43,328.07,"24,942,383"
1/7/2022,332.74,337,328.88,331.79,"14,722,020"
1/6/2022,322.82,339.17,322.72,332.46,"27,962,809"
1/5/2022,333.02,335.76,323.84,324.17,"20,564,521"
1/4/2022,339.95,343.09,331.87,336.53,"15,997,974"
1/3/2022,338.3,341.08,337.19,338.54,"14,562,849"
12/31/2021,343.02,343.44,336.27,336.35,"12,870,480"
12/30/2021,344,347.23,343.22,344.36,"10,593,347"
12/29/2021,346.91,349.69,341.64,342.94,"10,747,009"
12/28/2021,346.63,352.71,345.2,346.22,"16,637,608"
12/27/2021,338.85,347.87,338.01,346.18,"17,795,026"
12/23/2021,330.1,336.67,328.36,335.24,"13,987,698"
12/22/2021,333.8,334.51,328.26,330.45,"16,764,566"
12/21/2021,326.41,336,323.75,334.2,"16,116,784"
12/20/2021,329.78,329.9,322.53,325.45,"17,901,783"
12/17/2021,332.8,337.11,330.75,333.79,"40,012,637"
12/16/2021,338.98,344.46,333.74,334.9,"22,635,025"
12/15/2021,332.49,342.11,323.98,341.66,"24,681,326"
12/14/2021,328.05,335.7,327.65,333.74,"20,461,024"
12/13/2021,330.95,341.09,329.59,334.49,"22,948,655"
12/10/2021,332.56,335.03,326.37,329.75,"14,527,969"
12/9/2021,329.54,336.13,328,329.82,"16,879,168"
12/8/2021,325,332.75,323.07,330.56,"19,937,722"
12/7/2021,321.57,326.54,321,322.81,"18,794,047"
12/6/2021,308.13,320.1,306.34,317.87,"21,758,340"
12/3/2021,313.73,313.75,299.5,306.84,"27,471,010"
12/2/2021,311.4,314.6,307.2,310.39,"24,396,169"
12/1/2021,330.29,330.5,310.29,310.6,"30,384,083"
11/30/2021,335,335.81,323.43,324.46,"25,390,008"
11/29/2021,336.89,340.67,335.31,338.03,"16,650,949"
11/26/2021,335.8,337.75,331.9,333.12,"14,750,737"
11/24/2021,336,341.78,332.81,341.06,"13,566,181"
11/23/2021,338.93,341.4,333.5,337.25,"17,224,986"
11/22/2021,349.05,353.83,340.51,341.01,"27,116,811"
11/19/2021,342.2,352.1,339.9,345.3,"26,488,541"
11/18/2021,339.72,342.46,335.3,338.69,"17,487,235"
11/17/2021,344.24,347.3,340.1,340.77,"13,602,812"
11/16/2021,343.83,346.65,340.87,342.96,"18,181,106"
11/15/2021,344.34,353.65,343.2,347.56,"25,076,603"
11/12/2021,330.18,341.86,329.78,340.89,"25,414,311"
11/11/2021,329.82,332.46,327,327.74,"12,376,563"
11/10/2021,332.49,333.19,325.51,327.64,"21,872,605"
11/9/2021,340,341.31,334.47,335.37,"17,556,721"
11/8/2021,344.42,344.79,338.34,338.62,"18,342,458"
11/5/2021,340.31,346.79,339.64,341.13,"26,872,817"
11/4/2021,334.01,337.27,332.65,335.85,"22,495,281"
11/3/2021,327.49,332.15,323.2,331.62,"20,786,502"
11/2/2021,331.38,334.79,323.8,328.08,"28,352,966"
11/1/2021,326.04,333.45,326,329.98,"31,518,885"
10/29/2021,320.19,326,319.6,323.57,"37,059,384"
10/28/2021,312.99,325.52,308.11,316.92,"50,806,840"
10/27/2021,314.19,319.25,312.06,312.22,"29,971,761"
10/26/2021,328.26,330.21,309.6,315.81,"65,654,043"
10/25/2021,320.3,329.56,319.72,328.69,"38,408,957"
10/22/2021,326.35,329.63,321.11,324.61,"35,224,543"
10/21/2021,340.28,342.31,337.8,341.88,"16,354,423"
10/20/2021,343.45,343.98,339.45,340.78,"13,639,465"
10/19/2021,339.65,342.46,337.28,339.99,"18,786,316"
10/18/2021,328.95,335.89,327.5,335.34,"21,585,018"
10/15/2021,328.68,329.07,322.51,324.76,"21,596,370"
10/14/2021,328.36,330.52,327.1,328.53,"14,302,154"
10/13/2021,326.97,327,322.66,324.54,"14,761,470"
10/12/2021,323.03,324.38,317.37,323.77,"31,658,684"
10/11/2021,327.63,330.46,325.31,325.45,"14,708,224"
10/8/2021,331.51,333.4,328.71,330.05,"15,946,110"
10/7/2021,337,338.84,328.98,329.22,"28,307,456"
10/6/2021,329.74,334.38,325.8,333.64,"26,443,010"
10/5/2021,328.58,335.18,326.16,332.96,"35,377,947"
10/4/2021,335.53,335.94,322.7,326.23,"42,884,975"
10/1/2021,341.61,345.02,338.64,343.01,"14,905,311"
9/30/2021,340.45,342.8,338.15,339.39,"16,547,094"
9/29/2021,343.15,345.23,338.88,339.61,"14,452,241"
9/28/2021,347.97,349.6,338.92,340.65,"21,710,286"
9/27/2021,349.81,355.15,347.08,353.58,"15,205,843"
9/24/2021,343.24,354.35,342.37,352.96,"18,801,933"
9/23/2021,345.36,349.67,343,345.96,"21,806,264"
9/22/2021,347.23,349.84,340.69,343.21,"43,692,859"
9/21/2021,358.5,360.04,355.19,357.48,"11,751,917"
9/20/2021,359.3,361.03,349.8,355.7,"19,822,772"
9/17/2021,371.41,371.41,361.59,364.72,"26,298,966"
9/16/2021,372.79,373.56,369.71,373.06,"11,934,217"
9/15/2021,377,377.56,367.67,373.92,"17,940,297"
9/14/2021,377.4,378.59,375.11,376.53,"8,711,569"
9/13/2021,381.68,381.75,374.35,376.51,"13,026,275"
9/10/2021,381.36,383.79,378.26,378.69,"11,549,595"
9/9/2021,377.64,379.83,376.57,378,"9,098,941"
9/8/2021,380.16,380.87,374.79,377.57,"11,067,166"
9/7/2021,375.88,382.96,373.15,382.18,"10,798,920"
9/3/2021,374.75,377.16,373.11,376.26,"7,511,356"
9/2/2021,381.5,381.75,374.06,375.28,"14,838,274"
9/1/2021,379.59,384.33,378.81,382.05,"11,567,163"
8/31/2021,379.95,382.76,378.8,379.38,"12,345,350"
8/30/2021,372.56,381.49,370.52,380.66,"13,547,261"
8/27/2021,365.1,373.74,364.08,372.63,"11,219,142"
8/26/2021,368.38,369.44,364.13,364.38,"7,888,683"
8/25/2021,365.6,370.86,365.4,368.39,"9,684,519"
8/24/2021,363.66,367.96,361.84,365.51,"9,235,148"
8/23/2021,359.44,365.69,359.1,363.35,"10,942,007"
8/20/2021,354.6,359.99,353.31,359.37,"8,697,667"
8/19/2021,351.35,357.57,351,355.12,"12,004,535"
8/18/2021,356.25,359.86,355.15,355.45,"10,042,381"
8/17/2021,362.98,364.67,355.07,358.45,"12,328,737"
8/16/2021,362.52,366.95,357.38,366.56,"11,232,269"
8/13/2021,362.97,364.66,361.48,363.18,"7,195,724"
8/12/2021,358.45,363,357.11,362.65,"7,175,206"
8/11/2021,362.1,362.36,357.81,359.96,"8,400,332"
8/10/2021,361.83,364.1,359.04,361.13,"7,469,878"
8/9/2021,363.76,365.78,360.75,361.61,"7,798,872"
8/6/2021,361.4,365.15,361.4,363.51,"8,925,017"
8/5/2021,359.64,363.9,356.9,362.97,"10,247,207"
8/4/2021,352.42,360.48,351.51,358.92,"14,180,572"
8/3/2021,352.73,353.77,347.7,351.24,"12,406,054"
8/2/2021,358.1,359.4,350.74,351.95,"13,180,439"
7/30/2021,354,360.73,352.94,356.3,"15,976,179"
7/29/2021,361,365.52,356.74,358.32,"33,413,244"
7/28/2021,374.56,377.55,366.93,373.28,"29,676,910"
7/27/2021,371.91,373.15,364.55,367.81,"15,705,447"
7/26/2021,369.58,374.44,368.22,372.46,"14,925,222"
7/23/2021,360.91,375.33,357.19,369.79,"33,694,328"
7/22/2021,346.68,351.54,345.21,351.19,"12,385,441"
7/21/2021,341.5,346.52,341.25,346.23,"9,279,657"
7/20/2021,338.8,343.45,334.5,341.66,"11,024,277"
7/19/2021,337.57,339.79,334.54,336.95,"14,372,345"
7/16/2021,344.91,345.99,340.14,341.16,"11,026,093"
7/15/2021,349.23,349.23,340.22,344.46,"14,781,594"
7/14/2021,354.56,355.2,346.73,347.63,"13,894,221"
7/13/2021,351.5,358.49,348.8,352.09,"11,455,963"
7/12/2021,351.23,354.19,349.64,353.16,"10,018,624"
7/9/2021,345.32,350.71,345.27,350.42,"13,018,694"
7/8/2021,345.73,348.33,342.56,345.65,"14,406,457"
7/7/2021,355.26,356.49,350,350.49,"14,218,866"
7/6/2021,356.5,358.79,349.18,352.78,"13,488,455"
7/2/2021,355.1,356.44,352.62,354.7,"11,524,614"
7/1/2021,346.82,354.67,346.5,354.39,"17,137,021"
6/30/2021,352.17,352.92,347.17,347.71,"15,107,514"
6/29/2021,356.27,356.74,349.05,351.89,"21,417,305"
6/28/2021,342.46,358.14,341.77,355.64,"29,156,132"
6/25/2021,342.59,344.12,339.68,341.37,"14,594,444"
6/24/2021,341.85,344.9,341.79,343.18,"12,329,096"
6/23/2021,339.35,343.42,338.2,340.59,"14,817,824"
6/22/2021,332.69,339.92,332.6,339.03,"15,345,299"
6/21/2021,331.09,332.92,327.65,332.29,"11,337,522"
6/18/2021,334.53,336.15,329,329.66,"23,039,457"
6/17/2021,330.49,337.98,330.15,336.51,"17,794,080"
6/16/2021,336.7,337.55,328.72,331.08,"17,232,157"
6/15/2021,336.99,339.92,335.03,336.75,"15,795,226"
6/14/2021,331.9,336.82,329.81,336.77,"12,250,799"
6/11/2021,332.58,332.83,328.93,331.26,"13,587,916"
6/10/2021,330.79,333.94,328.55,332.46,"13,240,229"
6/9/2021,335.74,336.8,330,330.25,"13,727,946"
6/8/2021,336.7,338.3,332.24,333.68,"14,580,464"
6/7/2021,329.48,337.69,328.93,336.58,"20,136,707"
6/4/2021,325.9,332.46,325.18,330.35,"13,289,383"
6/3/2021,325.78,327.38,323.48,326.04,"12,610,788"
6/2/2021,330.38,331.87,327.12,329.15,"11,654,275"
6/1/2021,330.15,331.42,326.64,329.13,"11,765,906"
5/28/2021,331,332.87,328.33,328.73,"12,037,430"
5/27/2021,328,333.78,326.76,332.75,"20,477,726"
5/26/2021,328.35,329.83,325.82,327.66,"9,686,917"
5/25/2021,327.08,329.18,324.8,327.79,"16,436,965"
5/24/2021,318.21,325.95,318.03,324.63,"16,445,356"
5/21/2021,319.29,319.93,315.81,316.23,"13,600,901"
5/20/2021,313.58,319.25,313.16,318.61,"17,320,241"
5/19/2021,304.19,314.66,303.57,313.59,"19,106,244"
5/18/2021,315.59,316.5,309.81,309.96,"14,522,403"
5/17/2021,313.55,315.68,311.58,315.46,"15,401,343"
5/14/2021,309.54,316.85,309.08,315.94,"19,245,724"
5/13/2021,306.08,308.86,302.77,305.26,"18,079,160"
5/12/2021,301.13,304.96,298.19,302.55,"24,641,010"
5/11/2021,300.75,306.84,299.69,306.53,"18,920,086"
5/10/2021,314.35,314.58,304.83,305.97,"24,239,170"
5/7/2021,322.38,322.94,318.75,319.08,"15,916,743"
5/6/2021,314.52,320.24,313.28,320.02,"19,012,241"
5/5/2021,318.19,321.06,314.49,315.02,"15,577,605"
5/4/2021,320.03,322.19,313.12,318.36,"24,032,557"
5/3/2021,326.17,328.55,321.84,322.58,"18,719,462"
4/30/2021,326.14,329.82,324.5,325.08,"26,332,423"
4/29/2021,330.12,331.81,321.61,329.51,"56,526,771"
4/28/2021,307.36,310.92,305.37,307.1,"33,907,210"
4/27/2021,304.28,305.34,301.11,303.57,"15,309,256"
4/26/2021,303.34,305.8,301.56,303.04,"16,172,593"
4/23/2021,298.76,302.59,297.15,301.13,"17,559,498"
4/22/2021,301.33,302.92,296.04,296.52,"16,375,350"
4/21/2021,301.95,301.98,297.39,301.47,"14,863,474"
4/20/2021,301.99,305.1,297.21,302.65,"16,796,442"
4/19/2021,305.01,307.7,300.56,302.24,"14,553,507"
4/16/2021,308.17,308.95,304.61,306.18,"13,059,163"
4/15/2021,306.34,310.14,304.1,307.82,"14,558,273"
4/14/2021,307.3,308.03,301.95,302.82,"17,421,393"
4/13/2021,312.21,314.43,309.32,309.76,"14,036,927"
4/12/2021,311.05,312.15,307.93,311.54,"10,881,935"
4/9/2021,311.4,314.74,310.33,312.46,"15,988,568"
4/8/2021,314.85,315.88,310.05,313.02,"20,894,148"
4/7/2021,306.34,314.25,305.5,313.09,"22,855,241"
4/6/2021,308.84,311.35,305.25,306.26,"17,335,246"
4/5/2021,300.89,310.77,300.68,308.91,"28,237,006"
4/1/2021,298.4,302.4,296.6,298.66,"17,615,980"
3/31/2021,289.99,296.5,288.61,294.53,"19,498,157"
3/30/2021,289.83,292.47,286.7,288,"17,474,537"
3/29/2021,285.77,293.18,284.7,290.82,"21,718,831"
3/26/2021,278.3,284.5,277.77,283.02,"17,629,185"
3/25/2021,280.98,288.06,277.75,278.74,"24,505,648"
3/24/2021,291,291.72,281.16,282.14,"18,675,046"
3/23/2021,293.15,298,289.81,290.63,"23,000,929"
3/22/2021,290.45,299.71,286.75,293.54,"28,273,073"
3/19/2021,281.22,292.8,281.2,290.11,"38,930,536"
3/18/2021,279.87,285.19,278.28,278.62,"18,754,853"
3/17/2021,275.71,286.23,275.41,284.01,"21,315,044"
3/16/2021,276.09,282.14,274.8,279.28,"22,437,665"
3/15/2021,269.08,275.96,268.5,273.75,"16,856,746"
3/12/2021,269.14,269.74,264.02,268.4,"20,600,198"
3/11/2021,268.11,277.9,267.82,273.88,"21,833,979"
3/10/2021,268.64,268.97,262.87,264.9,"14,210,318"
3/9/2021,261.18,268.53,259.81,265.74,"22,039,740"
3/8/2021,265.55,265.58,255.05,255.31,"18,391,768"
3/5/2021,260.67,265.45,255.61,264.28,"26,820,055"
3/4/2021,256.47,266.49,253.5,257.64,"31,626,463"
3/3/2021,260.29,260.99,255.1,255.41,"15,513,515"
3/2/2021,265.78,266.71,258.65,259,"15,191,722"
3/1/2021,260.82,266.65,257.9,264.91,"22,157,255"
2/26/2021,256.47,265.55,256.47,257.62,"26,619,517"
2/25/2021,262.3,266.94,254.04,254.69,"19,053,142"
2/24/2021,262.33,266.38,258.39,264.31,"15,736,123"
2/23/2021,259.5,267.46,254.96,265.86,"21,924,557"
2/22/2021,257.95,263.07,257.53,260.33,"17,434,873"
2/19/2021,269.86,270.27,260.15,261.56,"25,622,587"
2/18/2021,269.57,271.95,266.03,269.39,"15,249,134"
2/17/2021,271.24,273.97,269.58,273.57,"12,763,240"
2/16/2021,270.8,276.6,270.05,273.97,"15,417,243"
2/12/2021,270.52,271.18,268.34,270.5,"9,097,597"
2/11/2021,271.89,273.58,268.49,270.39,"12,828,572"
2/10/2021,272.45,273.8,267.72,271.87,"14,687,152"
2/9/2021,266.44,273.39,265.75,269.45,"14,613,375"
2/8/2021,268.75,269.86,265,266.58,"13,755,191"
2/5/2021,266.8,269.17,265.67,268.1,"12,454,367"
2/4/2021,267.01,268.16,264,266.49,"16,059,958"
2/3/2021,265.62,269.2,263.84,266.65,"14,223,377"
2/2/2021,264,268.85,263.27,267.08,"17,320,788"
2/1/2021,259.52,264.17,254.91,262.01,"22,914,255"
1/29/2021,265.3,266.56,254.85,258.33,"30,389,499"
1/28/2021,277.18,286.79,264.7,265,"37,758,844"
1/27/2021,282.53,283.45,268.12,272.14,"35,346,194"
1/26/2021,278.14,285.39,277.81,282.05,"19,373,636"
1/25/2021,278.14,280.1,271.51,278.01,"19,086,990"
1/22/2021,272.01,278.47,272,274.5,"21,954,042"
1/21/2021,269.26,273.6,267.49,272.87,"20,838,687"
1/20/2021,268.93,270.32,263.6,267.48,"25,199,919"
1/19/2021,256.9,262.2,252.72,261.1,"28,028,546"
1/15/2021,247.9,253.86,247.16,251.36,"24,942,930"
1/14/2021,253.4,255.03,244.61,245.64,"29,739,404"
1/13/2021,251.55,253.95,249.2,251.64,"19,528,938"
1/12/2021,256.63,259.72,250.3,251.09,"26,449,943"
1/11/2021,260.48,263.47,255.9,256.84,"30,412,286"
1/8/2021,268.31,268.95,263.18,267.57,"18,528,251"
1/7/2021,265.9,271.61,264.78,268.74,"15,789,756"
1/6/2021,262,267.75,260.01,263.31,"24,354,149"
1/5/2021,268.29,272.4,268.21,270.97,"9,871,557"
1/4/2021,274.78,275,265.2,268.94,"15,106,113"
12/31/2020,272,277.09,269.81,273.16,"12,900,408"
12/30/2020,277.95,278.08,271.71,271.87,"11,803,795"
12/29/2020,276.95,280.51,276.28,276.78,"16,382,995"
12/28/2020,268.74,277.3,265.66,277,"23,299,707"
