,MSFT (NASD),,,,
Date,Open,High,Low,Close,Volume
12/23/2025,484.98,487.83,484.74,486.85,"14,683,582"
12/22/2025,486.12,488.73,482.69,484.92,"16,963,019"
12/19/2025,487.36,487.85,482.49,485.92,"70,836,105"
12/18/2025,478.19,489.6,477.89,483.98,"28,573,545"
12/17/2025,476.91,480,475,476.12,"24,527,176"
12/16/2025,471.91,477.89,470.88,476.39,"20,705,560"
12/15/2025,480.1,480.72,472.52,474.82,"23,727,694"
12/12/2025,479.82,482.45,476.34,478.53,"21,248,102"
12/11/2025,476.63,486.03,475.86,483.47,"24,669,180"
12/10/2025,484.03,484.25,475.08,478.56,"35,756,229"
12/9/2025,489.1,492.12,488.5,492.02,"14,696,078"
12/8/2025,484.89,492.3,484.38,491.02,"21,965,900"
12/5/2025,482.52,483.4,478.88,483.16,"22,608,710"
12/4/2025,479.76,481.32,476.49,480.84,"22,318,155"
12/3/2025,476.32,484.24,475.2,477.73,"34,615,102"
12/2/2025,486.72,493.5,486.32,490,"19,562,722"
12/1/2025,488.44,489.86,484.65,486.74,"23,963,993"
11/28/2025,487.6,492.63,486.65,492.01,"14,386,730"
11/26/2025,486.31,488.31,481.2,485.5,"25,709,079"
11/25/2025,474.07,479.15,464.89,476.99,"28,019,793"
11/24/2025,475,476.9,468.02,474,"34,421,046"
11/21/2025,478.5,478.92,468.27,472.12,"31,769,248"
11/20/2025,492.71,493.57,475.5,478.43,"26,802,542"
11/19/2025,490.1,495.19,482.83,487.12,"23,245,314"
11/18/2025,495.37,502.98,486.78,493.79,"33,815,114"
11/17/2025,508.45,512.12,504.91,507.49,"19,092,752"
11/14/2025,498.23,511.6,497.44,510.18,"28,505,746"
11/13/2025,510.31,513.5,501.29,503.29,"25,273,114"
11/12/2025,509.36,511.67,499.12,511.14,"26,574,851"
11/11/2025,504.8,509.6,502.35,508.68,"17,980,020"
11/10/2025,500.04,506.85,498.8,506,"26,101,480"
11/7/2025,496.95,499.38,493.25,496.82,"24,019,764"
11/6/2025,505.66,505.7,495.81,497.1,"27,406,496"
11/5/2025,513.3,514.83,506.58,507.16,"23,024,342"
11/4/2025,511.76,515.55,507.84,514.33,"20,958,663"
11/3/2025,519.81,524.96,514.59,517.03,"22,374,742"
10/31/2025,528.88,529.32,515.1,517.81,"34,006,424"
10/30/2025,530.48,534.97,522.12,525.76,"41,023,088"
10/29/2025,544.94,546.27,536.73,541.55,"36,023,004"
10/28/2025,550,553.72,540.77,542.07,"29,986,683"
10/27/2025,531.78,534.58,529.01,531.52,"18,734,716"
10/24/2025,522.79,525.35,520.71,523.61,"15,532,360"
10/23/2025,522.46,523.95,518.61,520.56,"14,023,532"
10/22/2025,521.15,525.23,517.71,520.54,"18,962,694"
10/21/2025,517.5,518.69,513.04,517.66,"15,586,204"
10/20/2025,514.61,518.7,513.43,516.79,"14,665,620"
10/17/2025,509.04,515.48,507.31,513.58,"19,867,765"
10/16/2025,512.58,516.85,508.13,511.61,"15,559,565"
10/15/2025,514.96,517.19,510,513.43,"14,694,654"
10/14/2025,510.23,515.28,506,513.57,"14,684,300"
10/13/2025,516.41,516.41,511.68,514.05,"14,284,238"
10/10/2025,519.64,523.58,509.63,510.96,"24,133,840"
10/9/2025,522.34,524.33,517.4,522.4,"18,343,602"
10/8/2025,523.28,526.95,523.09,524.85,"13,363,447"
10/7/2025,528.29,529.8,521.44,523.98,"14,615,208"
10/6/2025,518.61,531.03,518.2,528.57,"21,388,581"
10/3/2025,517.1,520.49,515,517.35,"15,112,321"
10/2/2025,517.64,521.6,510.68,515.74,"21,222,886"
10/1/2025,514.8,520.51,511.69,519.71,"22,632,336"
9/30/2025,513.24,518.16,509.66,517.95,"19,728,229"
9/29/2025,511.5,516.85,508.88,514.6,"17,617,775"
9/26/2025,510.06,513.94,506.62,511.46,"16,213,129"
9/25/2025,508.3,510.01,505.04,507.03,"15,786,468"
9/24/2025,510.38,512.48,506.92,510.15,"13,533,711"
9/23/2025,513.8,514.59,507.31,509.23,"19,799,580"
9/22/2025,515.59,517.74,512.55,514.45,"20,009,314"
9/19/2025,510.56,519.3,510.31,517.93,"52,474,093"
9/18/2025,511.49,513.07,507.66,508.45,"18,913,696"
9/17/2025,510.62,511.29,505.93,510.02,"15,816,585"
9/16/2025,516.88,517.23,508.6,509.04,"19,711,922"
9/15/2025,508.79,515.47,507,515.36,"17,143,786"
9/12/2025,506.65,512.55,503.85,509.9,"23,624,884"
9/11/2025,502.25,503.17,497.88,501.01,"18,881,608"
9/10/2025,502.98,503.23,496.72,500.37,"21,611,816"
9/9/2025,501.43,502.25,497.7,498.41,"14,410,542"
9/8/2025,498.11,501.2,495.03,498.2,"16,771,015"
9/5/2025,509.07,511.97,492.37,495,"31,994,846"
9/4/2025,504.3,508.15,503.15,507.97,"15,509,486"
9/3/2025,503.79,507.79,502.32,505.35,"16,345,078"
9/2/2025,500.47,506,496.81,505.12,"18,127,995"
8/29/2025,508.66,509.6,504.49,506.69,"20,961,569"
8/28/2025,507.09,511.09,505.5,509.64,"18,015,593"
8/27/2025,502,507.29,499.9,506.74,"17,277,893"
8/26/2025,504.36,504.98,498.51,502.04,"30,835,709"
8/25/2025,506.63,508.19,504.12,504.26,"21,638,579"
8/22/2025,504.25,510.73,502.41,507.23,"24,324,161"
8/21/2025,503.69,507.63,502.72,504.24,"18,443,254"
8/20/2025,509.87,511,504.44,505.72,"27,723,025"
8/19/2025,515,515.16,508.55,509.77,"21,481,016"
8/18/2025,521.59,522.82,514.02,517.1,"23,760,583"
8/15/2025,522.77,526.1,519.08,520.17,"25,213,272"
8/14/2025,522.56,525.95,520.14,522.48,"20,269,074"
8/13/2025,532.11,532.7,519.37,520.58,"19,619,160"
8/12/2025,523.75,530.98,522.7,529.24,"18,688,921"
8/11/2025,522.3,527.59,519.72,521.77,"20,194,372"
8/8/2025,522.6,524.66,519.41,522.04,"15,531,009"
8/7/2025,526.8,528.09,517.55,520.84,"16,079,144"
8/6/2025,530.9,531.7,524.03,524.94,"21,355,702"
8/5/2025,537.18,537.3,527.24,527.75,"19,171,569"
8/4/2025,528.27,538.25,528.13,535.64,"25,349,004"
8/1/2025,535,535.8,520.86,524.11,"28,977,628"
7/31/2025,555.23,555.45,531.9,533.5,"51,617,326"
7/30/2025,515.17,515.95,509.44,513.24,"26,380,434"
7/29/2025,515.53,517.62,511.56,512.57,"16,469,235"
7/28/2025,514.08,515,510.12,512.5,"14,308,027"
7/25/2025,512.47,518.29,510.36,513.71,"19,125,699"
7/24/2025,508.77,513.67,507.3,510.88,"16,107,000"
7/23/2025,506.75,506.79,500.7,505.87,"16,396,585"
7/22/2025,510.97,511.2,505.27,505.27,"13,868,644"
7/21/2025,506.71,512.09,505.55,510.06,"14,066,805"
7/18/2025,514.48,514.64,507.43,510.05,"21,209,666"
7/17/2025,505.68,513.37,505.62,511.7,"17,503,129"
7/16/2025,505.18,506.72,501.89,505.62,"15,154,374"
7/15/2025,503.02,508.3,502.79,505.82,"14,927,202"
7/14/2025,501.52,503.97,501.03,503.02,"12,058,848"
7/11/2025,498.47,505.03,497.8,503.32,"16,459,512"
7/10/2025,503.05,504.44,497.75,501.48,"16,498,740"
7/9/2025,500.3,506.78,499.74,503.51,"18,659,538"
7/8/2025,497.24,498.2,494.11,496.62,"11,846,586"
7/7/2025,497.38,498.75,495.23,497.72,"13,981,605"
7/3/2025,493.81,500.13,493.44,498.84,"13,984,829"
7/2/2025,489.99,493.5,488.7,491.09,"16,319,641"
7/1/2025,496.47,498.05,490.98,492.05,"19,945,375"
6/30/2025,497.04,500.76,495.33,497.41,"28,368,991"
6/27/2025,497.55,499.3,493.03,495.94,"34,539,236"
6/26/2025,492.98,498.04,492.81,497.45,"21,578,853"
6/25/2025,492.04,494.56,489.39,492.27,"17,495,099"
6/24/2025,488.95,491.85,486.8,490.11,"22,305,642"
6/23/2025,478.21,487.75,472.51,486,"24,863,952"
6/20/2025,482.23,483.46,476.87,477.4,"37,576,206"
6/18/2025,478,481,474.46,480.24,"17,526,452"
6/17/2025,475.4,478.74,474.08,478.04,"15,414,128"
6/16/2025,475.21,480.69,475,479.14,"15,626,104"
6/13/2025,476.41,479.18,472.76,474.96,"16,814,456"
6/12/2025,475.02,480.42,473.52,478.87,"18,950,582"
6/11/2025,470.02,475.47,469.66,472.62,"16,399,176"
6/10/2025,471.19,472.8,466.96,470.92,"15,375,944"
6/9/2025,469.7,473.43,468.62,472.75,"16,469,932"
6/6/2025,470.09,473.34,468.78,470.38,"15,285,624"
6/5/2025,464.96,469.65,464.03,467.68,"20,154,460"
6/4/2025,464,465.69,463.02,463.87,"14,162,688"
6/3/2025,461.47,464.14,460.86,462.97,"15,743,760"
6/2/2025,457.14,462.11,456.89,461.97,"16,626,495"
5/30/2025,459.72,461.68,455.54,460.36,"34,770,475"
5/29/2025,461.55,461.72,455.31,458.68,"13,982,211"
5/28/2025,461.22,462.52,456.93,457.36,"17,086,261"
5/27/2025,456.48,460.95,456.12,460.69,"20,974,293"
5/23/2025,449.98,453.69,448.91,450.18,"16,883,509"
5/22/2025,454.95,460.25,453.9,454.86,"18,025,612"
5/21/2025,454.57,457.78,451.81,452.57,"19,216,906"
5/20/2025,455.59,458.34,454.32,458.17,"15,441,808"
5/19/2025,450.88,459.59,450.8,458.87,"21,336,509"
5/16/2025,452.05,454.36,448.73,454.27,"23,849,781"
5/15/2025,450.77,456.19,450.43,453.13,"21,992,323"
5/14/2025,448.14,453.9,448.14,452.94,"19,902,796"
5/13/2025,447.78,450.67,445.36,449.14,"23,618,819"
5/12/2025,445.94,449.37,439.78,449.26,"22,821,935"
5/9/2025,440,440.74,435.88,438.73,"15,324,233"
5/8/2025,437.93,443.67,435.66,438.17,"23,491,330"
5/7/2025,433.84,438.12,431.11,433.35,"23,307,241"
5/6/2025,432.2,437.73,431.17,433.31,"15,104,204"
5/5/2025,432.87,439.5,432.11,436.17,"20,136,053"
5/2/2025,431.74,439.44,429.99,435.28,"30,757,434"
5/1/2025,431.11,436.99,424.9,425.4,"58,938,100"
4/30/2025,390.3,396.66,384.44,395.26,"36,461,075"
4/29/2025,391.3,395.1,390.38,394.04,"14,973,976"
4/28/2025,391.96,392.74,386.64,391.16,"16,579,430"
4/25/2025,387,392.16,384.6,391.85,"18,973,165"
4/24/2025,375.7,388.45,375.19,387.3,"22,232,289"
4/23/2025,376.06,380.39,373.02,374.39,"20,545,526"
4/22/2025,363.38,367.77,359.86,366.82,"19,484,993"
4/21/2025,362.82,364.48,355.67,359.12,"20,807,279"
4/17/2025,373.75,374.32,366.89,367.78,"21,120,192"
4/16/2025,380.67,381.61,368,371.61,"21,967,826"
4/15/2025,388.51,391.89,384.16,385.73,"17,199,890"
4/14/2025,393.22,394.65,384.21,387.81,"19,251,172"
4/11/2025,380.64,390.05,378.89,388.45,"23,839,220"
4/10/2025,382.06,383.9,367.8,381.35,"38,024,368"
4/9/2025,353.54,393.23,353.1,390.49,"50,199,696"
4/8/2025,368.26,373.65,350.25,354.56,"35,868,918"
4/7/2025,350.88,371,344.79,357.86,"50,424,998"
4/4/2025,364.13,374.59,359.48,359.84,"49,209,854"
4/3/2025,374.79,377.48,369.35,373.11,"30,197,997"
4/2/2025,377.97,385.08,376.62,382.14,"16,092,555"
4/1/2025,374.65,382.85,373.23,382.19,"19,689,503"
3/31/2025,372.54,377.07,367.24,375.39,"35,184,676"
3/28/2025,388.08,389.13,376.93,378.8,"21,632,016"
3/27/2025,390.13,392.24,387.4,390.58,"13,766,761"
3/26/2025,395,395.31,388.57,389.97,"16,132,906"
3/25/2025,393.92,396.36,392.64,395.16,"15,774,968"
3/24/2025,395.4,395.4,389.81,393.08,"21,004,548"
3/21/2025,383.22,391.74,382.8,391.26,"39,675,928"
3/20/2025,385.74,391.79,383.28,386.84,"18,470,542"
3/19/2025,385.53,389.68,384,387.82,"19,185,532"
3/18/2025,387.07,387.37,381.1,383.52,"19,486,850"
3/17/2025,386.7,392.71,385.57,388.7,"22,474,272"
3/14/2025,379.78,390.23,379.51,388.56,"19,952,846"
3/13/2025,383.16,385.32,377.45,378.77,"20,473,017"
3/12/2025,382.95,385.22,378.95,383.27,"24,253,567"
3/11/2025,379,386,376.91,380.45,"30,380,177"
3/10/2025,385.84,386.4,377.22,380.16,"32,840,134"
3/7/2025,392.32,394.8,385.54,393.31,"22,034,087"
3/6/2025,394.28,402.15,392.68,396.89,"23,304,625"
3/5/2025,389.34,401.67,388.81,401.02,"23,433,132"
3/4/2025,383.4,392.58,381,388.61,"29,342,923"
3/3/2025,398.82,398.82,386.16,388.49,"23,007,726"
2/28/2025,392.66,397.63,386.57,396.99,"32,845,658"
2/27/2025,401.27,405.74,392.17,392.53,"21,127,406"
2/26/2025,398.01,403.6,394.25,399.73,"19,618,954"
2/25/2025,401.1,401.92,396.7,397.9,"29,387,402"
2/24/2025,408.51,409.37,399.32,404,"26,443,656"
2/21/2025,417.34,418.05,407.89,408.21,"27,524,799"
2/20/2025,415.29,419.31,412.54,416.13,"23,508,728"
2/19/2025,407.88,415.49,407.65,414.77,"24,114,197"
2/18/2025,408,410.6,406.5,409.64,"21,423,051"
2/14/2025,407.79,408.91,405.88,408.43,"22,758,464"
2/13/2025,407,411,406.36,410.54,"23,891,731"
2/12/2025,407.21,410.75,404.37,409.04,"19,121,734"
2/11/2025,409.64,412.49,409.3,411.44,"18,140,592"
2/10/2025,413.71,415.46,410.92,412.22,"20,817,919"
2/7/2025,416.48,418.65,408.1,409.75,"22,886,844"
2/6/2025,414,418.2,414,415.82,"16,309,755"
2/5/2025,412.35,413.83,410.4,413.29,"16,336,188"
2/4/2025,412.69,413.92,409.74,412.37,"20,532,096"
2/3/2025,411.6,415.41,408.66,410.92,"25,679,149"
1/31/2025,418.98,420.69,414.91,415.06,"34,223,388"
1/30/2025,418.77,422.86,413.16,414.99,"54,586,260"
1/29/2025,446.69,446.88,440.4,442.33,"23,581,370"
1/28/2025,434.6,448.38,431.38,447.2,"23,491,703"
1/27/2025,424.01,435.2,423.5,434.56,"35,647,805"
1/24/2025,445.16,446.65,441.4,444.06,"15,549,453"
1/23/2025,442,446.75,441.5,446.71,"18,389,270"
1/22/2025,437.56,447.27,436,446.2,"27,803,811"
1/21/2025,430.2,430.9,425.6,428.5,"26,085,703"
1/17/2025,434.09,434.48,428.17,429.03,"26,197,507"
1/16/2025,428.7,429.49,424.39,424.58,"15,300,023"
1/15/2025,419.13,428.15,418.27,426.31,"19,637,838"
1/14/2025,417.81,419.74,410.72,415.67,"16,935,856"
1/13/2025,415.24,418.5,412.29,417.19,"17,604,780"
1/10/2025,424.63,424.71,415.02,418.95,"20,201,132"
1/8/2025,423.46,426.97,421.54,424.56,"15,054,575"
1/7/2025,429,430.65,420.8,422.37,"18,139,065"
1/6/2025,428,434.32,425.48,427.85,"20,573,648"
1/3/2025,421.08,424.03,419.54,423.35,"16,662,943"
1/2/2025,425.53,426.07,414.85,418.58,"16,896,469"
12/31/2024,426.1,426.73,420.66,421.5,"13,246,509"
12/30/2024,426.06,427.55,421.9,424.83,"13,158,703"
12/27/2024,434.6,435.22,426.35,430.53,"18,117,713"
12/26/2024,439.08,440.94,436.63,438.11,"8,199,927"
12/24/2024,434.65,439.6,434.19,439.33,"7,164,543"
12/23/2024,436.74,437.65,432.83,435.25,"19,152,519"
12/20/2024,433.11,443.74,428.63,436.6,"64,263,694"
12/19/2024,441.62,443.18,436.32,437.03,"22,963,681"
12/18/2024,451.32,452.65,437.02,437.39,"24,444,545"
12/17/2024,451.01,455.29,449.57,454.46,"22,733,494"
12/16/2024,447.27,452.18,445.28,451.59,"23,598,834"
12/13/2024,448.44,451.43,445.58,447.27,"20,177,833"
12/12/2024,449.11,456.16,449.11,449.56,"20,834,779"
12/11/2024,444.05,450.35,444.05,448.99,"19,200,208"
12/10/2024,444.39,449.62,441.6,443.33,"18,469,459"
12/9/2024,442.6,448.33,440.5,446.02,"19,144,388"
12/6/2024,442.3,446.1,441.77,443.57,"18,821,002"
12/5/2024,437.92,444.66,436.17,442.62,"21,697,775"
12/4/2024,433.03,439.67,432.63,437.42,"26,009,429"
12/3/2024,429.84,432.47,427.74,431.2,"18,301,987"
12/2/2024,421.57,433,421.31,430.98,"20,207,223"
11/29/2024,420.09,424.88,417.8,423.46,"16,271,921"
11/27/2024,425.11,427.23,422.02,422.99,"18,332,444"
11/26/2024,419.59,429.04,418.85,427.99,"23,458,889"
11/25/2024,418.38,421.08,414.85,418.79,"27,691,090"
11/22/2024,411.37,417.4,411.06,417,"24,814,626"
11/21/2024,419.5,419.78,410.29,412.87,"20,780,162"
11/20/2024,416.87,417.29,410.58,415.49,"19,191,655"
11/19/2024,413.11,417.94,411.55,417.79,"18,133,529"
11/18/2024,414.87,418.4,412.1,415.76,"24,742,013"
11/15/2024,419.82,422.8,413.64,415,"28,247,644"
11/14/2024,425,428.17,420,426.89,"30,246,881"
11/13/2024,421.64,429.33,418.21,425.2,"21,502,185"
11/12/2024,418.25,424.44,417.2,423.03,"19,401,204"
11/11/2024,422.52,424.81,416,418.01,"24,503,321"
11/8/2024,425.32,426.5,421.78,422.54,"16,891,414"
11/7/2024,421.28,426.85,419.88,425.43,"19,901,782"
11/6/2024,412.42,420.45,410.52,420.18,"26,681,842"
11/5/2024,408.37,414.9,408.08,411.46,"17,626,011"
11/4/2024,409.8,410.42,405.57,408.46,"19,672,286"
11/1/2024,409.01,415.5,407.5,410.37,"24,230,442"
10/31/2024,415.36,416.16,406.3,406.35,"53,970,981"
10/30/2024,437.44,438.5,432.1,432.53,"29,749,149"
10/29/2024,428,433.17,425.8,431.95,"17,644,080"
10/28/2024,431.66,431.94,426.3,426.59,"14,882,444"
10/25/2024,426.76,432.52,426.57,428.15,"16,899,064"
10/24/2024,425.33,425.98,422.4,424.73,"13,581,631"
10/23/2024,430.86,431.08,422.53,424.6,"19,654,379"
10/22/2024,418.49,430.58,418.04,427.51,"25,482,197"
10/21/2024,416.12,418.96,413.75,418.78,"14,206,115"
10/18/2024,417.14,419.65,416.26,418.16,"17,145,317"
10/17/2024,422.36,422.5,415.59,416.72,"14,820,004"
10/16/2024,415.17,416.36,410.48,416.12,"15,508,932"
10/15/2024,422.18,422.48,415.26,418.74,"18,900,201"
10/14/2024,417.77,424.04,417.52,419.14,"16,653,086"
10/11/2024,416.14,417.13,413.25,416.32,"14,144,944"
10/10/2024,415.23,417.35,413.15,415.84,"13,848,376"
10/9/2024,415.86,420.38,414.3,417.46,"14,974,257"
10/8/2024,410.9,415.66,408.17,414.71,"19,229,261"
10/7/2024,416,417.11,409,409.54,"20,919,761"
10/4/2024,418.24,419.75,414.97,416.06,"19,190,913"
10/3/2024,417.63,419.55,414.29,416.54,"13,686,421"
10/2/2024,422.58,422.82,416.71,417.13,"16,582,257"
10/1/2024,428.45,428.48,418.81,420.69,"19,092,945"
9/30/2024,428.21,430.42,425.37,430.3,"16,854,606"
9/27/2024,431.52,431.85,427.47,428.02,"14,896,131"
9/26/2024,435.09,435.3,429.13,431.31,"14,492,044"
9/25/2024,429.83,433.12,428.57,432.11,"13,396,364"
9/24/2024,433,433.35,426.1,429.17,"17,015,754"
9/23/2024,434.28,436.46,430.39,433.51,"15,128,891"
9/20/2024,437.22,439.24,434.22,435.27,"55,167,106"
9/19/2024,441.23,441.5,436.9,438.69,"21,706,559"
9/18/2024,435,436.03,430.41,430.81,"18,898,042"
9/17/2024,440.23,441.85,432.27,435.15,"18,874,231"
9/16/2024,430.6,433.53,428.22,431.34,"13,834,697"
9/13/2024,425.83,431.83,425.46,430.59,"15,874,555"
9/12/2024,423.31,427.37,419.75,427,"17,418,759"
9/11/2024,415.5,423.99,409.58,423.04,"19,266,923"
9/10/2024,408.2,416.33,407.7,414.2,"19,594,287"
9/9/2024,407.24,408.65,402.15,405.72,"15,295,134"
9/6/2024,409.06,410.65,400.8,401.7,"19,609,526"
9/5/2024,407.62,413.1,406.13,408.39,"14,195,516"
9/4/2024,405.91,411.24,404.37,408.9,"15,135,806"
9/3/2024,417.91,419.88,407.03,409.44,"20,313,603"
8/30/2024,415.6,417.49,412.13,417.14,"24,308,324"
8/29/2024,414.94,422.05,410.6,413.12,"17,045,241"
8/28/2024,414.88,415,407.31,410.6,"14,882,660"
8/27/2024,412.86,414.36,410.25,413.84,"13,492,911"
8/26/2024,416.37,417.28,411.34,413.49,"13,152,830"
8/23/2024,416.98,419.26,412.09,416.79,"18,493,784"
8/22/2024,424.36,426.79,414.61,415.55,"19,361,901"
8/21/2024,424.08,426.4,421.72,424.14,"16,067,298"
8/20/2024,421.7,425.86,421.64,424.8,"16,387,581"
8/19/2024,418.96,421.75,416.46,421.53,"15,233,957"
8/16/2024,420.6,421.34,417.3,418.47,"22,775,593"
8/15/2024,419.8,421.11,417.66,421.03,"20,752,144"
8/14/2024,414.8,417.72,412.45,416.86,"18,266,980"
8/13/2024,409.59,414.95,409.57,414.01,"19,414,271"
8/12/2024,407.06,408.76,404.24,406.81,"16,762,883"
8/9/2024,404.03,408.05,402.26,406.02,"19,276,666"
8/8/2024,402.44,405.86,399.94,402.69,"20,203,030"
8/7/2024,408.64,410.08,397.47,398.43,"20,650,906"
8/6/2024,400,405.67,398.5,399.61,"24,946,525"
8/5/2024,389.17,401.04,385.58,395.15,"40,709,238"
8/2/2024,412.49,415,404.34,408.49,"29,437,900"
8/1/2024,420.79,427.46,413.09,417.11,"30,296,400"
7/31/2024,420.5,421.78,412.21,418.35,"42,891,366"
7/30/2024,427.72,429.05,417.36,422.92,"32,687,578"
7/29/2024,431.58,432.15,424.7,426.73,"15,125,836"
7/26/2024,418.2,428.92,417.27,425.27,"23,583,839"
7/25/2024,428.8,429.8,417.51,418.4,"29,943,795"
7/24/2024,440.45,441.48,427.59,428.9,"26,805,800"
7/23/2024,443.9,448.39,443.1,444.85,"13,107,050"
7/22/2024,441.79,444.6,438.91,442.94,"15,808,755"
7/19/2024,433.1,441.14,432,437.11,"20,940,417"
7/18/2024,444.34,444.65,434.4,440.37,"20,794,822"
7/17/2024,442.59,444.85,439.18,443.52,"21,754,021"
7/16/2024,454.22,454.3,446.66,449.52,"17,175,679"
7/15/2024,453.3,457.26,451.43,453.96,"14,429,447"
7/12/2024,454.33,456.36,450.65,453.55,"16,324,274"
7/11/2024,462.98,464.78,451.55,454.7,"23,111,175"
7/10/2024,461.22,466.46,458.86,466.25,"18,196,100"
7/9/2024,467,467.33,458,459.54,"17,228,507"
7/8/2024,466.55,467.7,464.46,466.24,"12,962,321"
7/5/2024,459.61,468.35,458.97,467.56,"16,000,290"
7/3/2024,458.19,461.02,457.88,460.77,"9,932,830"
7/2/2024,453.2,459.59,453.11,459.28,"13,979,779"
7/1/2024,448.66,457.37,445.66,456.73,"17,662,818"
6/28/2024,453.07,455.38,446.41,446.95,"28,362,271"
6/27/2024,452.18,456.17,451.77,452.85,"14,806,324"
6/26/2024,449,453.6,448.19,452.16,"16,507,030"
6/25/2024,448.25,451.42,446.75,450.95,"16,747,529"
6/24/2024,449.8,452.75,446.41,447.67,"15,913,719"
6/21/2024,447.38,450.58,446.51,449.78,"34,486,172"
6/20/2024,446.3,446.53,441.27,445.7,"19,877,378"
6/18/2024,449.71,450.14,444.89,446.34,"17,112,504"
6/17/2024,442.59,450.94,440.72,448.37,"20,790,030"
6/14/2024,438.28,443.14,436.72,442.57,"13,581,985"
6/13/2024,440.85,443.39,439.37,441.58,"15,960,565"
6/12/2024,435.32,443.4,433.25,441.06,"22,366,233"
6/11/2024,425.48,432.82,425.25,432.68,"14,551,101"
6/10/2024,424.7,428.08,423.89,427.87,"14,003,034"
6/7/2024,426.2,426.28,423,423.85,"13,621,650"
6/6/2024,424.01,425.31,420.58,424.52,"14,861,251"
6/5/2024,417.81,424.08,416.3,424.01,"16,988,038"
6/4/2024,412.43,416.44,409.68,416.07,"14,348,917"
6/3/2024,415.53,416.43,408.92,413.52,"17,484,675"
5/31/2024,416.75,416.75,404.51,415.13,"47,995,250"
5/30/2024,424.3,424.3,414.24,414.67,"28,424,847"
5/29/2024,425.69,430.94,425.69,429.17,"15,517,130"
5/28/2024,429.63,430.82,426.6,430.32,"15,718,024"
5/24/2024,427.19,431.06,424.41,430.16,"11,855,285"
5/23/2024,432.97,433.6,425.42,427,"17,211,689"
5/22/2024,430.09,432.41,427.13,430.52,"18,073,698"
5/21/2024,426.83,432.97,424.85,429.04,"21,453,255"
5/20/2024,420.21,426.77,419.99,425.34,"16,272,137"
5/17/2024,422.54,422.92,418.03,420.21,"15,352,239"
5/16/2024,421.8,425.42,420.35,420.99,"17,530,050"
5/15/2024,417.9,423.81,417.27,423.08,"22,239,533"
5/14/2024,412.02,417.49,411.55,416.56,"15,109,306"
5/13/2024,418.01,418.35,410.82,413.72,"15,440,226"
5/10/2024,412.94,415.38,411.8,414.74,"13,402,281"
5/9/2024,410.57,412.72,409.1,412.32,"14,689,727"
5/8/2024,408.17,412.23,406.71,410.54,"11,792,308"
5/7/2024,414.66,414.67,409.09,409.34,"20,018,228"
5/6/2024,408.76,413.93,406.37,413.54,"16,996,639"
5/3/2024,402.28,407.15,401.86,406.66,"17,446,724"
5/2/2024,397.66,399.93,394.65,397.84,"17,709,364"
5/1/2024,392.61,401.72,390.31,394.94,"23,562,481"
4/30/2024,401.49,402.16,389.17,389.33,"28,781,374"
4/29/2024,405.25,406.32,399.19,402.25,"19,582,091"
4/26/2024,412.17,413,405.76,406.32,"29,694,654"
4/25/2024,394.03,399.89,388.03,399.04,"40,586,450"
4/24/2024,409.56,412.47,406.78,409.06,"15,065,330"
4/23/2024,404.24,408.2,403.06,407.57,"15,734,501"
4/22/2024,400.08,402.85,395.75,400.96,"20,286,875"
4/19/2024,404.03,405.48,397.77,399.12,"30,565,789"
4/18/2024,410.63,411.89,403.95,404.27,"21,029,917"
4/17/2024,417.25,418.88,410.33,411.84,"15,855,485"
4/16/2024,414.57,418.4,413.73,414.58,"16,765,616"
4/15/2024,426.6,426.82,413.43,413.64,"20,273,538"
4/12/2024,424.05,425.18,419.77,421.9,"19,253,750"
4/11/2024,425.82,429.37,422.36,427.93,"17,966,423"
4/10/2024,422.19,424.03,419.7,423.26,"16,216,581"
4/9/2024,426.44,427.74,421.62,426.28,"12,512,289"
4/8/2024,425.17,427.28,423.3,424.59,"14,272,387"
4/5/2024,420.01,426.51,418.32,425.52,"16,554,761"
4/4/2024,424.99,428.67,417.57,417.88,"19,370,875"
4/3/2024,419.73,423.26,419.09,420.45,"16,502,264"
4/2/2024,420.11,422.38,417.84,421.44,"17,911,992"
4/1/2024,423.95,427.89,422.22,424.57,"16,315,961"
3/28/2024,420.96,421.87,419.12,420.72,"21,871,161"
3/27/2024,424.44,424.45,419.01,421.43,"16,704,978"
3/26/2024,425.61,425.99,421.35,421.65,"16,725,647"
3/25/2024,425.24,427.41,421.61,422.86,"18,060,450"
3/22/2024,429.7,429.86,426.07,428.74,"17,648,473"
3/21/2024,429.83,430.82,427.16,429.37,"21,296,222"
3/20/2024,422,425.96,420.66,425.23,"17,860,085"
3/19/2024,417.83,421.67,415.55,421.41,"19,837,915"
3/18/2024,414.25,420.73,413.78,417.32,"20,105,977"
3/15/2024,419.29,422.6,412.79,416.42,"45,079,903"
3/14/2024,420.24,427.82,417.99,425.22,"34,157,299"
3/13/2024,418.1,418.18,411.45,415.1,"17,115,931"
3/12/2024,407.62,415.57,406.79,415.28,"22,457,003"
3/11/2024,403.76,405.68,401.26,404.52,"16,120,752"
3/8/2024,407.96,410.42,404.33,406.22,"18,002,186"
3/7/2024,406.12,409.78,402.24,409.14,"18,718,479"
3/6/2024,402.97,405.16,398.39,402.09,"22,344,149"
3/5/2024,413.96,414.25,400.64,402.65,"26,919,177"
3/4/2024,413.44,417.35,412.32,414.92,"17,595,956"
3/1/2024,411.27,415.87,410.88,415.5,"17,823,445"
2/29/2024,408.64,414.2,405.92,413.64,"31,947,263"
2/28/2024,408.18,409.3,405.32,407.72,"13,183,125"
2/27/2024,407.99,408.32,403.85,407.48,"14,835,827"
2/26/2024,411.46,412.16,407.36,407.54,"16,193,505"
2/23/2024,415.67,415.86,408.97,410.34,"16,295,879"
2/22/2024,410.19,412.83,408.57,411.65,"27,009,869"
2/21/2024,400.17,402.29,397.22,402.18,"18,631,072"
2/20/2024,403.24,404.49,398.01,402.79,"24,307,915"
2/16/2024,407.96,408.29,403.44,404.06,"22,296,495"
2/15/2024,408.14,409.13,404.29,406.56,"21,825,525"
2/14/2024,408.07,409.84,404.57,409.49,"20,401,190"
2/13/2024,404.94,410.07,403.39,406.32,"27,824,936"
2/12/2024,420.56,420.74,414.75,415.26,"21,202,921"
2/9/2024,415.25,420.82,415.09,420.55,"22,032,844"
2/8/2024,414.05,415.56,412.53,414.11,"21,225,257"
2/7/2024,407.44,414.3,407.4,414.05,"22,340,526"
2/6/2024,405.88,407.97,402.91,405.49,"18,382,624"
2/5/2024,409.9,411.16,403.99,405.65,"25,352,286"
2/2/2024,403.81,412.65,403.56,411.22,"28,256,670"
2/1/2024,401.83,408,401.8,403.78,"30,657,726"
1/31/2024,406.96,415.32,397.21,397.58,"47,871,097"
1/30/2024,412.26,413.05,406.45,408.59,"33,477,610"
1/29/2024,406.06,409.98,404.33,409.72,"24,510,236"
1/26/2024,404.37,406.17,402.43,403.93,"17,803,271"
1/25/2024,404.32,407.01,402.53,404.87,"21,021,155"
1/24/2024,401.54,405.63,400.45,402.56,"24,866,953"
1/23/2024,395.75,399.38,393.93,398.9,"20,525,882"
1/22/2024,400.02,400.62,393.59,396.51,"27,016,902"
1/19/2024,395.76,398.67,393.5,398.67,"29,331,136"
1/18/2024,391.72,393.99,390.12,393.87,"23,392,068"
1/17/2024,387.98,390.11,384.81,389.47,"22,234,108"
1/16/2024,393.66,394.03,387.62,390.27,"27,202,268"
1/12/2024,385.49,388.68,384.65,388.47,"21,661,153"
1/11/2024,386,390.68,380.38,384.63,"27,850,846"
1/10/2024,376.37,384.17,376.32,382.77,"25,514,245"
1/9/2024,372.01,375.99,371.19,375.79,"20,829,953"
1/8/2024,369.3,375.2,369.01,374.69,"23,133,967"
1/5/2024,368.97,372.06,366.5,367.75,"21,004,575"
1/4/2024,370.67,373.1,367.17,367.94,"20,901,502"
1/3/2024,369.01,373.26,368.51,370.6,"23,083,465"
1/2/2024,373.86,375.9,366.77,370.87,"25,258,633"
12/29/2023,376,377.16,373.48,376.04,"18,730,838"
12/28/2023,375.37,376.46,374.16,375.28,"14,327,013"
12/27/2023,373.69,375.06,372.81,374.07,"14,905,412"
12/26/2023,375,376.94,373.5,374.66,"12,673,050"
12/22/2023,373.68,375.18,372.71,374.58,"17,107,484"
12/21/2023,372.56,374.41,370.04,373.54,"17,708,006"
12/20/2023,375,376.03,370.53,370.62,"26,316,650"
12/19/2023,371.49,373.26,369.84,373.26,"20,603,658"
12/18/2023,369.45,373,368.68,372.65,"21,802,878"
12/15/2023,366.85,372.4,366.28,370.73,"78,502,324"
12/14/2023,373.31,373.76,364.13,365.93,"43,277,461"
12/13/2023,376.02,377.64,370.77,374.37,"30,955,531"
12/12/2023,370.85,374.42,370.46,374.38,"24,838,253"
12/11/2023,368.48,371.6,366.1,371.3,"27,708,757"
12/8/2023,369.2,374.46,368.23,374.23,"20,154,366"
12/7/2023,368.23,371.45,366.32,370.95,"23,118,864"
12/6/2023,373.54,374.18,368.03,368.8,"21,182,072"
12/5/2023,366.45,373.08,365.62,372.52,"23,065,035"
12/4/2023,369.1,369.52,362.9,369.14,"32,063,305"
12/1/2023,376.76,378.16,371.31,374.51,"33,040,472"
11/30/2023,378.49,380.09,375.47,378.91,"30,554,415"
11/29/2023,383.76,384.3,377.44,378.85,"28,963,399"
11/28/2023,378.35,383,378.16,382.7,"20,453,112"
11/27/2023,376.78,380.64,376.2,378.61,"22,179,228"
11/24/2023,377.33,377.97,375.14,377.43,"10,176,649"
11/22/2023,378,379.79,374.97,377.85,"23,361,184"
11/21/2023,375.67,376.22,371.12,373.07,"28,423,145"
11/20/2023,371.22,378.87,371,377.44,"52,528,964"
11/17/2023,373.61,374.37,367,369.85,"40,325,371"
11/16/2023,370.96,376.35,370.18,376.17,"27,182,315"
11/15/2023,371.28,373.13,367.11,369.67,"26,860,095"
11/14/2023,371.01,371.95,367.35,370.27,"27,683,862"
11/13/2023,368.22,368.47,365.9,366.68,"19,986,506"
11/10/2023,361.49,370.1,361.07,369.67,"28,065,164"
11/9/2023,362.3,364.79,360.36,360.69,"24,847,331"
11/8/2023,361.68,363.87,360.55,363.2,"26,767,828"
11/7/2023,359.4,362.46,357.63,360.53,"25,833,931"
11/6/2023,353.45,357.54,353.35,356.53,"23,828,301"
11/3/2023,349.63,354.39,347.33,352.8,"23,637,673"
11/2/2023,347.24,348.83,344.77,348.32,"24,348,072"
11/1/2023,339.79,347.42,339.65,346.07,"28,158,819"
10/31/2023,338.85,339,334.69,338.11,"20,265,282"
10/30/2023,333.41,339.45,331.83,337.31,"22,828,082"
10/27/2023,330.43,336.72,328.4,329.81,"29,856,522"
10/26/2023,340.54,341.63,326.94,327.89,"37,828,543"
10/25/2023,345.02,346.2,337.62,340.67,"55,053,828"
10/24/2023,331.3,331.84,327.6,330.53,"31,153,571"
10/23/2023,325.47,332.73,324.39,329.32,"24,374,748"
10/20/2023,331.72,331.92,325.45,326.67,"25,027,715"
10/19/2023,332.15,336.88,330.91,331.32,"25,052,071"
10/18/2023,332.49,335.59,328.3,330.11,"23,153,602"
10/17/2023,329.59,333.46,327.41,332.06,"18,338,523"
10/16/2023,331.05,336.14,330.6,332.64,"22,158,048"
10/13/2023,332.38,333.83,326.36,327.73,"21,085,695"
10/12/2023,330.57,333.63,328.72,331.16,"19,313,098"
10/11/2023,331.21,332.82,329.14,332.42,"20,063,246"
10/10/2023,330.96,331.1,327.67,328.39,"20,557,094"
10/9/2023,324.75,330.3,323.18,329.82,"19,891,180"
10/6/2023,316.55,329.19,316.3,327.26,"25,673,630"
10/5/2023,319.09,319.98,314.9,319.36,"16,965,629"
10/4/2023,314.03,320.04,314,318.96,"20,720,144"
10/3/2023,320.83,321.39,311.22,313.39,"21,033,492"
10/2/2023,316.28,321.89,315.18,321.8,"20,570,006"
9/29/2023,317.75,319.47,314.98,315.75,"24,147,298"
9/28/2023,310.99,315.48,309.45,313.64,"19,683,564"
9/27/2023,312.3,314.3,309.69,312.79,"19,410,082"
9/26/2023,315.13,315.88,310.02,312.14,"26,297,573"
9/25/2023,316.59,317.67,315,317.54,"17,835,964"
9/22/2023,321.32,321.45,316.15,317.01,"21,447,887"
9/21/2023,319.26,325.35,315,319.53,"35,560,362"
9/20/2023,329.51,329.59,320.51,320.77,"21,436,525"
9/19/2023,326.17,329.39,324.51,328.65,"16,514,487"
9/18/2023,327.8,330.4,326.36,329.06,"16,834,208"
9/15/2023,336.92,337.4,329.65,330.22,"37,679,792"
9/14/2023,339.15,340.86,336.57,338.7,"20,267,048"
9/13/2023,331.31,336.85,331.17,336.06,"16,544,412"
9/12/2023,335.82,336.79,331.48,331.77,"17,565,482"
9/11/2023,337.24,338.42,335.43,337.94,"16,583,324"
9/8/2023,330.09,336.16,329.46,334.27,"19,548,165"
9/7/2023,331.29,333.08,329.03,329.91,"18,380,995"
9/6/2023,333.38,334.46,330.18,332.88,"17,535,773"
9/5/2023,329,334.85,328.66,333.55,"18,553,859"
9/1/2023,331.31,331.99,326.78,328.66,"14,942,024"
8/31/2023,329.2,330.91,326.78,327.76,"26,410,954"
8/30/2023,328.67,329.81,326.45,328.79,"15,222,110"
8/29/2023,321.88,328.98,321.88,328.41,"19,284,590"
8/28/2023,325.66,326.15,321.72,323.7,"14,808,482"
8/25/2023,321.47,325.36,318.8,322.98,"21,684,104"
8/24/2023,332.85,332.98,319.96,319.97,"23,281,434"
8/23/2023,323.82,329.2,323.46,327,"21,166,382"
8/22/2023,325.5,326.08,321.46,322.46,"16,102,024"
8/21/2023,317.93,322.77,317.04,321.88,"24,039,956"
8/18/2023,314.49,318.38,311.55,316.48,"24,755,012"
8/17/2023,320.54,321.87,316.21,316.88,"21,257,161"
8/16/2023,320.8,324.42,319.8,320.4,"20,698,864"
8/15/2023,323,325.09,320.9,321.86,"16,966,285"
8/14/2023,321.39,324.06,320.08,324.04,"18,836,139"
8/11/2023,320.26,322.41,319.21,321.01,"24,355,491"
8/10/2023,326.02,328.26,321.18,322.93,"20,113,725"
8/9/2023,326.47,327.11,321.05,322.23,"22,373,268"
8/8/2023,326.96,328.75,323,326.05,"22,327,574"
8/7/2023,328.37,331.11,327.52,330.11,"17,741,526"
8/4/2023,331.88,335.14,327.24,327.78,"23,741,484"
8/3/2023,326,329.88,325.95,326.66,"18,360,352"
8/2/2023,333.63,333.63,326.36,327.5,"27,761,257"
8/1/2023,335.19,338.54,333.7,336.34,"18,381,253"
7/31/2023,336.92,337.7,333.36,335.92,"25,446,022"
7/28/2023,333.67,340.01,333.17,338.37,"28,484,868"
7/27/2023,340.48,341.33,329.05,330.72,"39,635,262"
7/26/2023,341.44,344.67,333.11,337.77,"58,383,702"
7/25/2023,347.11,351.89,345.07,350.98,"41,637,739"
7/24/2023,345.85,346.92,342.31,345.11,"26,719,207"
7/21/2023,349.15,350.3,339.83,343.77,"69,405,382"
7/20/2023,353.57,357.97,345.37,346.87,"33,778,395"
7/19/2023,361.75,362.46,352.44,355.08,"39,732,901"
7/18/2023,345.83,366.78,342.17,359.49,"64,872,705"
7/17/2023,345.68,346.99,342.2,345.73,"20,363,927"
7/14/2023,347.59,351.43,344.31,345.24,"28,352,729"
7/13/2023,339.56,343.74,339.02,342.66,"20,567,159"
7/12/2023,336.6,341.65,335.67,337.2,"29,995,262"
7/11/2023,331.06,332.86,327,332.47,"26,698,218"
7/10/2023,334.6,335.23,327.59,331.83,"32,791,449"
7/7/2023,339.32,341.79,337,337.22,"21,214,824"
7/6/2023,337.3,342.99,335.5,341.27,"28,195,534"
7/5/2023,335.09,341.65,334.73,338.15,"18,172,378"
7/3/2023,339.19,340.9,336.57,337.99,"12,508,692"
6/30/2023,337.75,342.73,337.2,340.54,"26,832,756"
6/29/2023,334.71,336.11,332.62,335.05,"16,997,042"
6/28/2023,334.66,337.98,333.81,335.85,"20,259,523"
6/27/2023,331.86,336.15,329.3,334.57,"24,354,110"
6/26/2023,333.72,336.11,328.49,328.6,"21,520,582"
6/23/2023,334.36,337.96,333.45,335.02,"23,146,901"
6/22/2023,334.12,340.12,333.34,339.71,"23,556,764"
6/21/2023,336.37,337.73,332.07,333.56,"25,117,799"
6/20/2023,339.31,342.08,335.86,338.05,"26,375,407"
6/16/2023,351.32,351.47,341.95,342.33,"46,551,985"
6/15/2023,337.48,349.84,337.2,348.1,"38,899,075"
6/14/2023,334.34,339.04,332.81,337.34,"26,003,791"
6/13/2023,334.47,336.98,330.39,334.29,"22,951,279"
6/12/2023,328.58,332.1,325.16,331.85,"24,306,753"
6/9/2023,324.99,329.99,324.41,326.79,"22,528,950"
6/8/2023,323.94,326.64,323.35,325.26,"23,277,708"
6/7/2023,331.65,334.49,322.5,323.38,"40,717,129"
6/6/2023,335.33,335.37,332.17,333.68,"20,396,223"
6/5/2023,335.22,338.56,334.66,335.94,"21,307,053"
6/2/2023,334.25,337.5,332.55,335.4,"25,873,769"
6/1/2023,325.93,333.53,324.72,332.58,"26,773,851"
5/31/2023,332.29,335.94,327.33,328.39,"45,950,553"
5/30/2023,335.23,335.74,330.52,331.21,"29,503,070"
5/26/2023,324.02,333.4,323.88,332.89,"36,630,633"
5/25/2023,323.24,326.9,320,325.92,"43,301,743"
5/24/2023,314.73,316.5,312.61,313.85,"23,384,887"
5/23/2023,320.03,322.72,315.25,315.26,"30,797,173"
5/22/2023,318.6,322.59,318.01,321.18,"24,115,664"
5/19/2023,316.74,318.75,316.37,318.34,"27,546,701"
5/18/2023,314.53,319.04,313.72,318.52,"27,275,991"
5/17/2023,312.29,314.43,310.74,314,"24,315,012"
5/16/2023,309.83,313.71,309.83,311.74,"26,730,347"
5/15/2023,309.1,309.91,307.59,309.46,"16,336,547"
5/12/2023,310.55,310.65,306.6,308.97,"19,774,696"
5/11/2023,310.1,311.12,306.26,310.11,"31,680,179"
5/10/2023,308.62,313,307.67,312.31,"30,078,044"
5/9/2023,308,310.04,306.31,307,"21,340,829"
5/8/2023,310.13,310.2,306.09,308.65,"21,318,613"
5/5/2023,305.72,311.97,304.27,310.65,"28,197,052"
5/4/2023,306.24,307.76,303.4,305.41,"22,519,907"
5/3/2023,306.62,308.61,304.09,304.4,"22,360,754"
5/2/2023,307.76,309.18,303.91,305.41,"26,404,431"
5/1/2023,306.97,308.6,305.15,305.56,"21,294,115"
4/28/2023,304.01,308.93,303.31,307.26,"36,469,613"
4/27/2023,295.97,305.2,295.25,304.83,"46,462,638"
4/26/2023,296.7,299.57,292.73,295.37,"64,599,182"
4/25/2023,279.51,281.6,275.37,275.42,"45,772,236"
4/24/2023,282.09,284.95,278.72,281.77,"26,611,014"
4/21/2023,285.01,286.27,283.06,285.76,"21,676,387"
4/20/2023,285.25,289.03,285.08,286.11,"23,244,363"
4/19/2023,285.99,289.05,284.54,288.45,"17,150,271"
4/18/2023,291.57,291.76,287.01,288.37,"20,161,845"
4/17/2023,289.93,291.6,286.16,288.8,"23,836,223"
4/14/2023,287,288.48,283.69,286.14,"20,987,917"
4/13/2023,283.59,289.9,283.17,289.84,"24,222,678"
4/12/2023,284.79,287.01,281.96,283.49,"27,403,432"
4/11/2023,285.75,285.98,281.64,282.83,"27,276,589"
4/10/2023,289.21,289.6,284.71,289.39,"23,102,994"
4/6/2023,283.21,292.08,282.03,291.6,"29,770,334"
4/5/2023,285.85,287.15,282.92,284.34,"22,064,770"
4/4/2023,287.23,290.45,285.67,287.18,"25,824,299"
4/3/2023,286.52,288.27,283.95,287.23,"24,883,342"
3/31/2023,283.73,289.27,283,288.3,"32,765,976"
3/30/2023,284.23,284.46,281.48,284.05,"25,053,410"
3/29/2023,278.96,281.14,278.41,280.51,"25,087,032"
3/28/2023,275.79,276.14,272.05,275.23,"21,878,647"
3/27/2023,280.5,281.46,275.52,276.38,"26,840,212"
3/24/2023,277.24,280.63,275.28,280.57,"28,199,962"
3/23/2023,277.94,281.06,275.2,277.66,"36,610,879"
3/22/2023,273.4,281.04,272.18,272.29,"34,873,330"
3/21/2023,274.88,275,269.52,273.78,"34,558,704"
3/20/2023,276.98,277.48,269.85,272.23,"43,466,649"
3/17/2023,278.26,283.33,276.32,279.43,"69,527,371"
3/16/2023,265.21,276.56,263.28,276.2,"54,832,140"
3/15/2023,259.98,266.48,259.21,265.44,"46,028,047"
3/14/2023,256.75,261.07,255.86,260.79,"33,620,293"
3/13/2023,247.4,257.91,245.73,253.92,"33,339,721"
3/10/2023,251.08,252.79,247.6,248.59,"28,333,930"
3/9/2023,255.82,259.56,251.58,252.32,"26,653,387"
3/8/2023,254.04,254.54,250.81,253.7,"17,340,217"
3/7/2023,256.3,257.69,253.39,254.15,"21,473,179"
3/6/2023,256.43,260.12,255.98,256.87,"24,109,849"
3/3/2023,252.19,255.62,251.39,255.29,"30,760,136"
3/2/2023,246.55,251.4,245.61,251.11,"24,833,646"
3/1/2023,250.76,250.93,245.79,246.27,"27,565,259"
2/28/2023,249.07,251.49,248.73,249.42,"22,490,950"
2/27/2023,252.46,252.82,249.39,250.16,"21,190,042"
2/24/2023,249.96,251,248.1,249.22,"24,990,905"
2/23/2023,255.56,256.84,250.48,254.77,"29,219,095"
2/22/2023,254.09,254.34,250.34,251.51,"22,491,056"
2/21/2023,254.48,255.49,251.59,252.67,"28,397,444"
2/17/2023,259.39,260.09,256,258.06,"30,000,055"
2/16/2023,264.02,266.74,261.9,262.15,"29,603,616"
2/15/2023,268.32,270.73,266.18,269.32,"28,962,163"
2/14/2023,272.67,274.97,269.28,272.17,"37,047,924"
2/13/2023,267.64,274.6,267.15,271.32,"44,630,921"
2/10/2023,261.53,264.09,260.66,263.1,"25,818,489"
2/9/2023,273.8,273.98,262.8,263.62,"42,375,102"
2/8/2023,273.2,276.76,266.21,266.73,"54,686,049"
2/7/2023,260.53,268.78,260.08,267.56,"50,841,365"
2/6/2023,257.44,258.3,254.78,256.77,"22,517,997"
2/3/2023,259.54,264.2,257.1,258.35,"29,077,256"
2/2/2023,258.82,264.69,257.25,264.6,"39,940,437"
2/1/2023,248,255.18,245.47,252.75,"31,259,912"
1/31/2023,243.45,247.95,242.95,247.81,"26,541,072"
1/30/2023,244.51,245.6,242.2,242.71,"25,867,365"
1/27/2023,248.99,249.83,246.83,248.16,"26,498,939"
1/26/2023,243.65,248.31,242,248,"33,454,491"
1/25/2023,234.48,243.3,230.9,240.61,"66,526,641"
1/24/2023,242.5,243.95,240.44,242.04,"40,234,444"
1/23/2023,241.1,245.17,239.65,242.58,"31,933,951"
1/20/2023,234.86,240.74,234.51,240.22,"35,389,809"
1/19/2023,233.78,235.52,230.68,231.93,"28,623,033"
1/18/2023,241.57,242.38,235.52,235.81,"30,028,692"
1/17/2023,237.97,240.91,237.09,240.35,"29,831,257"
1/13/2023,237,239.37,234.92,239.23,"21,333,265"
1/12/2023,235.26,239.9,233.56,238.51,"27,269,486"
1/11/2023,231.29,235.95,231.11,235.77,"28,669,331"
1/10/2023,227.76,231.31,227.33,228.85,"27,033,881"
1/9/2023,226.45,231.24,226.41,227.12,"27,369,784"
1/6/2023,223,225.76,219.35,224.93,"43,613,574"
1/5/2023,227.2,227.55,221.76,222.31,"39,585,623"
1/4/2023,232.28,232.87,225.96,229.1,"50,623,394"
1/3/2023,243.08,245.75,237.4,239.58,"25,740,036"
12/30/2022,238.21,239.96,236.66,239.82,"21,938,472"
12/29/2022,235.65,241.92,235.65,241.01,"19,770,693"
12/28/2022,236.89,239.72,234.17,234.53,"17,457,104"
12/27/2022,238.7,238.93,235.83,236.96,"16,688,648"
12/23/2022,236.11,238.87,233.94,238.73,"21,206,982"
12/22/2022,241.26,241.99,233.87,238.19,"28,651,664"
12/21/2022,241.69,245.62,240.11,244.43,"23,690,607"
12/20/2022,239.4,242.91,238.42,241.8,"25,150,802"
12/19/2022,244.86,245.21,238.71,240.45,"29,696,436"
12/16/2022,248.55,249.84,243.51,244.69,"86,101,994"
12/15/2022,253.72,254.2,247.34,249.01,"35,568,093"
12/14/2022,257.13,262.59,254.31,257.22,"35,410,933"
12/13/2022,261.69,263.92,253.07,256.92,"42,196,884"
12/12/2022,247.45,252.54,247.17,252.51,"30,665,069"
12/9/2022,244.7,248.31,244.16,245.42,"20,609,743"
12/8/2022,244.84,248.74,243.06,247.4,"22,611,757"
12/7/2022,244.83,246.16,242.21,244.37,"20,481,522"
12/6/2022,250.82,251.86,243.78,245.12,"22,463,727"
12/5/2022,252.01,253.82,248.06,250.2,"23,435,294"
12/2/2022,249.82,256.06,249.69,255.02,"21,528,520"
12/1/2022,253.87,256.12,250.92,254.69,"26,041,524"
11/30/2022,240.57,255.33,239.86,255.14,"47,594,239"
11/29/2022,241.4,242.79,238.21,240.33,"17,956,313"
11/28/2022,246.08,246.65,240.8,241.76,"24,810,271"
11/25/2022,247.31,248.7,246.73,247.49,"9,200,772"
11/23/2022,245.11,248.28,244.27,247.58,"19,508,462"
11/22/2022,243.59,245.31,240.71,245.03,"19,665,699"
11/21/2022,241.43,244.67,241.19,242.05,"26,394,700"
11/18/2022,243.51,243.74,239.03,241.22,"27,613,523"
11/17/2022,237.78,243.25,237.63,241.68,"23,123,544"
11/16/2022,242.79,243.8,240.42,241.73,"24,093,272"
11/15/2022,245.66,247,240.03,241.97,"31,390,117"
11/14/2022,241.99,243.91,239.21,241.55,"31,123,340"
11/11/2022,242.99,247.99,241.93,247.11,"34,620,246"
11/10/2022,235.43,243.33,235,242.98,"46,268,021"
11/9/2022,227.37,228.63,224.33,224.51,"27,852,910"
11/8/2022,228.7,231.65,225.84,228.87,"28,192,548"
11/7/2022,221.99,228.41,221.28,227.87,"33,497,979"
11/4/2022,217.55,221.59,213.43,221.39,"36,789,063"
11/3/2022,220.09,220.41,213.98,214.25,"36,633,922"
11/2/2022,229.46,231.3,220.04,220.1,"38,407,008"
11/1/2022,234.6,235.74,227.33,228.17,"30,592,271"
10/31/2022,233.76,234.92,231.15,232.13,"28,357,265"
10/28/2022,226.24,236.6,226.05,235.87,"40,647,724"
10/27/2022,231.04,233.69,225.78,226.75,"40,424,645"
10/26/2022,231.17,238.3,230.06,231.32,"82,684,846"
10/25/2022,247.26,251.04,245.83,250.66,"34,775,505"
10/24/2022,243.76,247.84,241.3,247.25,"24,911,212"
10/21/2022,234.74,243,234.5,242.12,"26,299,733"
10/20/2022,235.77,241.31,234.87,236.15,"21,811,015"
10/19/2022,237.04,239.61,234.29,236.48,"19,985,698"
10/18/2022,243.24,243.93,235.37,238.5,"26,329,591"
10/17/2022,235.82,238.96,235.14,237.53,"28,142,268"
10/14/2022,235.54,237.24,228.34,228.56,"30,198,588"
10/13/2022,219.85,236.1,219.13,234.24,"42,551,818"
10/12/2022,225.4,227.86,223.96,225.75,"21,903,937"
10/11/2022,227.62,229.06,224.11,225.41,"30,473,954"
10/10/2022,233.05,234.56,226.73,229.25,"29,743,608"
10/7/2022,240.9,241.32,233.17,234.24,"37,769,602"
10/6/2022,247.93,250.34,246.08,246.79,"20,239,886"
10/5/2022,245.99,250.58,244.1,249.2,"20,347,136"
10/4/2022,245.09,250.36,244.98,248.88,"34,888,416"
10/3/2022,235.41,241.61,234.66,240.74,"28,880,357"
9/30/2022,238.29,240.54,232.73,232.9,"35,694,832"
9/29/2022,238.89,239.95,234.41,237.5,"27,484,233"
9/28/2022,236.81,242.33,234.73,241.07,"29,029,679"
9/27/2022,239.98,241.8,234.5,236.41,"27,018,732"
9/26/2022,237.05,241.45,236.9,237.45,"27,694,190"
9/23/2022,239.54,241.13,235.2,237.92,"34,176,048"
9/22/2022,237.87,243.86,237.57,240.98,"31,061,162"
9/21/2022,244.27,247.66,238.9,238.95,"28,625,557"
9/20/2022,242.07,243.51,239.64,242.45,"26,660,299"
9/19/2022,242.47,245.14,240.85,244.52,"26,826,931"
9/16/2022,244.26,245.3,242.06,244.74,"39,791,768"
9/15/2022,249.77,251.4,244.02,245.38,"31,530,948"
9/14/2022,253.53,254.23,249.86,252.22,"23,912,954"
9/13/2022,258.84,260.4,251.59,251.99,"33,353,318"
9/12/2022,265.78,267.45,265.16,266.65,"18,747,690"
9/9/2022,260.5,265.23,260.29,264.46,"22,093,190"
9/8/2022,257.51,260.43,254.79,258.52,"20,319,911"
9/7/2022,254.7,258.83,253.22,258.09,"24,126,700"
9/6/2022,256.2,257.83,251.94,253.25,"21,328,242"
9/2/2022,261.7,264.74,254.47,256.06,"22,855,380"
9/1/2022,258.87,260.89,255.41,260.4,"23,263,431"
8/31/2022,265.39,267.11,261.33,261.47,"24,791,834"
8/30/2022,266.67,267.05,260.66,262.97,"22,767,071"
8/29/2022,265.85,267.4,263.85,265.23,"20,338,544"
8/26/2022,279.08,280.34,267.98,268.09,"27,549,307"
8/25/2022,277.33,279.02,274.52,278.85,"16,583,407"
8/24/2022,275.41,277.23,275.11,275.79,"18,137,019"
8/23/2022,276.44,278.86,275.4,276.44,"17,527,409"
8/22/2022,282.08,282.46,277.22,277.75,"25,061,070"
8/19/2022,288.9,289.25,285.56,286.15,"20,570,033"
8/18/2022,290.19,291.91,289.08,290.17,"17,186,192"
8/17/2022,289.74,293.35,289.47,291.32,"18,253,358"
8/16/2022,291.99,294.04,290.42,292.71,"18,102,882"
8/15/2022,291,294.18,290.11,293.47,"18,085,654"
8/12/2022,288.48,291.91,286.94,291.91,"22,619,675"
8/11/2022,290.85,291.21,286.51,287.02,"20,065,938"
8/10/2022,288.17,289.81,286.94,289.16,"24,687,845"
8/9/2022,279.64,283.08,277.61,282.3,"23,405,238"
8/8/2022,284.05,285.92,279.32,280.32,"18,757,818"
8/5/2022,279.15,283.65,278.68,282.91,"16,774,606"
8/4/2022,281.8,283.8,280.17,283.65,"18,098,668"
8/3/2022,276.76,283.5,276.61,282.47,"23,518,874"
8/2/2022,276,277.89,272.38,274.82,"22,754,184"
8/1/2022,277.82,281.28,275.84,278.01,"21,539,580"
7/29/2022,277.7,282,276.63,280.74,"32,152,752"
7/28/2022,269.75,277.84,267.87,276.41,"33,459,327"
7/27/2022,261.16,270.05,258.85,268.74,"45,994,049"
7/26/2022,259.86,259.88,249.57,251.9,"39,347,957"
7/25/2022,261,261.5,256.81,258.83,"21,055,998"
7/22/2022,265.24,265.33,259.07,260.36,"21,881,290"
7/21/2022,259.79,264.89,257.03,264.84,"22,404,675"
7/20/2022,259.9,264.87,258.91,262.27,"22,788,282"
7/19/2022,257.58,259.72,253.68,259.53,"25,012,562"
7/18/2022,259.75,260.84,253.3,254.25,"20,975,034"
7/15/2022,255.72,260.37,254.77,256.72,"29,774,050"
7/14/2022,250.57,255.14,245.94,254.08,"25,102,823"
7/13/2022,250.19,253.55,248.11,252.72,"29,497,423"
7/12/2022,265.88,265.94,252.04,253.67,"35,868,450"
7/11/2022,265.65,266.53,262.18,264.51,"19,519,108"
7/8/2022,264.79,268.1,263.29,267.66,"19,658,751"
7/7/2022,265.12,269.06,265.02,268.4,"20,859,874"
7/6/2022,263.75,267.99,262.4,266.21,"23,824,419"
7/5/2022,256.16,262.98,254.74,262.85,"22,971,634"
7/1/2022,256.39,259.77,254.61,259.58,"22,837,692"
6/30/2022,257.05,259.53,252.9,256.83,"31,730,868"
6/29/2022,257.59,261.97,255.76,260.26,"20,069,839"
6/28/2022,263.98,266.91,256.32,256.48,"27,380,247"
6/27/2022,268.21,268.3,263.28,264.89,"24,615,114"
6/24/2022,261.81,267.98,261.72,267.7,"33,923,231"
6/23/2022,255.57,259.37,253.63,258.86,"25,861,449"
6/22/2022,251.89,257.17,250.37,253.13,"25,961,215"
6/21/2022,250.26,254.75,249.51,253.74,"29,928,297"
6/17/2022,244.7,250.5,244.03,247.65,"43,084,780"
6/16/2022,245.98,247.42,243.02,244.97,"33,169,160"
6/15/2022,248.31,255.3,246.42,251.76,"33,111,729"
6/14/2022,243.86,245.74,241.51,244.49,"28,651,487"
6/13/2022,245.11,249.02,241.53,242.26,"46,135,788"
6/10/2022,260.58,260.58,252.53,252.99,"31,445,841"
6/9/2022,267.78,272.71,264.63,264.79,"26,439,728"
6/8/2022,271.71,273,269.61,270.41,"17,372,341"
6/7/2022,266.64,273.13,265.94,272.5,"22,860,677"
6/6/2022,272.06,274.18,267.22,268.75,"22,400,342"
6/3/2022,270.31,273.45,268.41,270.02,"28,058,958"
6/2/2022,264.45,274.65,261.6,274.58,"44,008,209"
6/1/2022,275.2,277.69,270.04,272.42,"25,292,174"
5/31/2022,272.53,274.77,268.93,271.87,"37,827,695"
5/27/2022,268.48,273.34,267.56,273.24,"26,910,806"
5/26/2022,262.27,267.11,261.43,265.9,"25,002,105"
5/25/2022,258.14,264.58,257.13,262.52,"28,547,947"
5/24/2022,257.89,261.33,253.5,259.62,"29,043,904"
5/23/2022,255.49,261.5,253.43,260.65,"33,175,379"
5/20/2022,257.24,258.54,246.44,252.56,"39,199,279"
5/19/2022,253.9,257.67,251.88,253.14,"32,692,286"
5/18/2022,263,263.6,252.77,254.08,"31,355,985"
5/17/2022,266.11,268.33,262.46,266.82,"28,828,799"
5/16/2022,259.96,265.82,255.78,261.5,"32,550,933"
5/13/2022,257.35,263.04,255.35,261.12,"34,925,093"
5/12/2022,257.69,259.88,250.02,255.35,"51,033,802"
5/11/2022,265.68,271.36,259.3,260.55,"48,975,898"
5/10/2022,271.69,273.75,265.07,269.5,"39,336,424"
5/9/2022,270.06,272.36,263.32,264.58,"47,725,952"
5/6/2022,274.81,279.25,271.27,274.73,"37,780,322"
5/5/2022,285.54,286.35,274.34,277.35,"43,260,386"
5/4/2022,282.59,290.88,276.73,289.98,"33,599,320"
5/3/2022,283.96,284.13,280.15,281.78,"25,978,605"
5/2/2022,277.71,284.94,276.22,284.47,"35,151,105"
4/29/2022,288.61,289.88,276.5,277.52,"37,073,923"
4/28/2022,285.19,290.98,281.46,289.63,"33,646,570"
4/27/2022,282.1,290.97,279.16,283.22,"63,477,694"
4/26/2022,277.5,278.36,270,270.22,"46,518,445"
4/25/2022,273.29,281.11,270.77,280.72,"35,678,852"
4/22/2022,281.68,283.2,273.38,274.03,"29,405,798"
4/21/2022,288.58,293.3,280.06,280.81,"29,454,587"
4/20/2022,289.4,289.7,285.37,286.36,"22,906,667"
4/19/2022,279.38,286.17,278.41,285.3,"22,297,720"
4/18/2022,278.91,282.46,278.34,280.52,"20,778,000"
4/14/2022,288.09,288.31,279.32,279.83,"28,221,607"
4/13/2022,282.73,288.58,281.3,287.62,"21,907,176"
4/12/2022,289.24,290.74,280.49,282.06,"30,966,721"
4/11/2022,291.79,292.61,285,285.26,"34,569,264"
4/8/2022,300.44,301.12,296.28,296.97,"24,361,917"
4/7/2022,296.66,303.65,296.35,301.37,"31,411,155"
4/6/2022,305.19,307,296.71,299.5,"40,110,372"
4/5/2022,313.27,314.87,309.87,310.88,"23,156,719"
4/4/2022,310.09,315.11,309.71,314.97,"24,335,868"
4/1/2022,309.37,310.13,305.54,309.42,"27,110,529"
3/31/2022,313.9,315.14,307.89,308.31,"33,422,070"
3/30/2022,313.76,315.95,311.58,313.86,"28,163,555"
3/29/2022,313.91,315.82,309.05,315.41,"30,393,403"
3/28/2022,304.33,310.8,304.33,310.7,"29,578,188"
3/25/2022,305.23,305.5,299.29,303.68,"22,566,453"
3/24/2022,299.14,304.2,298.32,304.1,"24,484,456"
3/23/2022,300.51,303.23,297.72,299.49,"25,715,377"
3/22/2022,299.8,305,298.77,304.06,"27,599,689"
3/21/2022,298.89,300.14,294.9,299.16,"28,351,245"
3/18/2022,295.37,301,292.73,300.43,"43,390,625"
3/17/2022,293.29,295.61,289.37,295.22,"30,816,633"
3/16/2022,289.11,294.57,283.2,294.39,"37,826,329"
3/15/2022,280.35,287.82,278.73,287.15,"34,245,085"
3/14/2022,280.34,285.4,275.82,276.44,"30,660,747"
3/11/2022,287.96,289.51,279.43,280.07,"27,209,330"
3/10/2022,283.02,286.6,280.58,285.59,"30,628,012"
3/9/2022,283.44,289.6,280.78,288.5,"35,204,480"
3/8/2022,277.8,283.96,270,275.85,"48,159,475"
3/7/2022,288.53,289.69,278.53,278.91,"43,157,178"
3/4/2022,294.29,295.66,287.17,289.86,"32,369,655"
3/3/2022,302.89,303.13,294.05,295.92,"27,314,469"
3/2/2022,295.36,301.47,293.7,300.19,"31,873,007"
3/1/2022,296.4,299.97,292.15,294.95,"31,217,778"
2/28/2022,294.31,299.14,293,298.79,"34,627,457"
2/25/2022,295.14,297.63,291.66,297.31,"32,546,721"
2/24/2022,272.51,295.16,271.52,294.59,"56,989,686"
2/23/2022,290.18,291.7,280.1,280.27,"37,811,167"
2/22/2022,285,291.54,284.5,287.72,"41,736,117"
2/18/2022,293.05,293.86,286.31,287.93,"34,264,008"
2/17/2022,296.36,296.8,290,290.73,"32,461,580"
2/16/2022,298.37,300.87,293.68,299.5,"29,982,121"
2/15/2022,300.01,300.8,297.02,300.47,"27,379,488"
2/14/2022,293.77,296.76,291.35,295,"36,359,487"
2/11/2022,303.19,304.29,294.22,295.04,"39,175,620"
2/10/2022,304.04,309.12,300.7,302.38,"45,386,199"
2/9/2022,309.87,311.93,307.39,311.21,"31,284,671"
2/8/2022,301.25,305.56,299.95,304.56,"32,421,188"
2/7/2022,306.17,307.84,299.9,300.95,"28,533,286"
2/4/2022,300.21,308.8,299.97,305.94,"35,096,488"
2/3/2022,309.49,311.23,299.96,301.25,"43,729,972"
2/2/2022,309.63,315.12,308.88,313.46,"36,635,989"
2/1/2022,310.41,310.63,305.13,308.76,"40,950,396"
1/31/2022,308.95,312.38,306.37,310.98,"46,444,536"
1/28/2022,300.23,308.48,294.45,308.26,"49,743,698"
1/27/2022,302.66,307.3,297.93,299.84,"53,481,317"
1/26/2022,307.99,308.5,293.03,296.71,"90,428,853"
1/25/2022,291.52,294.99,285.17,288.49,"72,848,638"
1/24/2022,292.2,297.11,276.05,296.37,"86,035,393"
1/21/2022,302.69,304.11,295.61,296.03,"57,984,403"
1/20/2022,309.07,311.65,301.14,301.6,"35,380,675"
1/19/2022,306.29,313.91,302.7,303.33,"45,933,855"
1/18/2022,304.07,309.8,301.74,302.65,"42,434,112"
1/14/2022,304.25,310.82,303.75,310.2,"39,846,414"
1/13/2022,320.47,320.88,304,304.8,"45,365,979"
1/12/2022,319.67,323.41,317.08,318.27,"34,372,217"
1/11/2022,313.38,316.61,309.89,314.98,"29,386,774"
1/10/2022,309.49,314.72,304.69,314.27,"44,289,467"
1/7/2022,314.15,316.5,310.09,314.04,"32,720,018"
1/6/2022,313.15,318.7,311.49,313.88,"39,646,148"
1/5/2022,325.86,326.07,315.98,316.38,"40,054,327"
1/4/2022,334.83,335.2,326.12,329.01,"32,674,306"
1/3/2022,335.35,338,329.78,334.75,"28,918,013"
12/31/2021,338.51,339.36,335.85,336.32,"18,000,797"
12/30/2021,341.91,343.13,338.82,339.32,"15,994,471"
12/29/2021,341.3,344.3,339.68,341.95,"15,041,956"
12/28/2021,343.15,343.81,340.32,341.25,"15,661,467"
12/27/2021,335.46,342.48,335.43,342.45,"19,947,029"
12/23/2021,332.75,336.39,332.73,334.69,"19,617,848"
12/22/2021,328.3,333.61,325.75,333.2,"24,831,493"
12/21/2021,323.29,327.73,319.8,327.29,"24,740,597"
12/20/2021,320.05,322.8,317.57,319.91,"28,326,532"
12/17/2021,320.88,324.92,317.25,323.8,"47,983,713"
12/16/2021,335.71,336.76,323.02,324.9,"35,034,831"
12/15/2021,328.61,335.19,324.5,334.65,"35,381,122"
12/14/2021,333.22,334.64,324.11,328.34,"44,438,699"
12/13/2021,340.68,343.79,339.08,339.4,"28,899,431"
12/10/2021,334.98,343,334.79,342.54,"38,095,694"
12/9/2021,334.41,336.49,332.12,333.1,"22,214,158"
12/8/2021,335.31,335.5,330.8,334.97,"24,760,988"
12/7/2021,331.64,335.8,330.1,334.92,"31,021,936"
12/6/2021,323.95,327.45,319.23,326.19,"30,032,556"
12/3/2021,331.99,332.7,318.03,323.01,"41,779,279"
12/2/2021,330.3,333.49,327.8,329.49,"30,765,980"
12/1/2021,335.13,339.28,329.39,330.08,"33,401,146"
11/30/2021,335.32,337.78,328.99,330.59,"42,885,609"
11/29/2021,334.94,339.03,334.74,336.63,"28,563,481"
11/26/2021,334.35,337.93,328.12,329.68,"24,217,242"
11/24/2021,336.28,338.16,333.91,337.91,"21,661,307"
11/23/2021,337.05,339.45,333.56,337.68,"30,427,563"
11/22/2021,344.62,349.67,339.55,339.83,"31,031,113"
11/19/2021,342.64,345.1,342.2,343.11,"21,963,403"
11/18/2021,338.18,342.45,337.12,341.27,"22,463,533"
11/17/2021,338.94,342.19,338,339.12,"19,053,380"
11/16/2021,335.68,340.67,335.51,339.51,"20,886,832"
11/15/2021,337.54,337.88,334.03,336.07,"16,723,009"
11/12/2021,333.92,337.23,333.79,336.72,"23,831,049"
11/11/2021,331.25,333.77,330.51,332.43,"16,849,844"
11/10/2021,334.57,334.63,329.92,330.8,"25,500,938"
11/9/2021,337.11,338.72,334.53,335.95,"21,307,370"
11/8/2021,337.3,337.65,334.44,336.99,"20,897,001"
11/5/2021,338.51,338.79,334.42,336.06,"22,570,098"
11/4/2021,332.89,336.54,329.51,336.44,"23,992,202"
11/3/2021,333.9,334.9,330.65,334,"21,500,082"
11/2/2021,330.31,333.45,330,333.13,"26,487,109"
11/1/2021,331.36,331.49,326.37,329.37,"27,073,182"
10/29/2021,324.13,332,323.9,331.62,"34,765,982"
10/28/2021,324.33,324.87,321.36,324.35,"26,297,943"
10/27/2021,316,326.1,316,323.17,"52,588,690"
10/26/2021,311,312.4,308.6,310.11,"28,107,349"
10/25/2021,309.36,309.4,306.46,308.13,"17,554,469"
10/22/2021,310.4,311.09,307.8,309.16,"17,449,332"
10/21/2021,307.17,311.02,306.36,310.76,"16,918,100"
10/20/2021,309.21,309.7,306.11,307.41,"16,537,069"
10/19/2021,308.35,309.3,307.22,308.23,"17,682,139"
10/18/2021,303.57,308.21,302.69,307.29,"22,729,297"
10/15/2021,302.34,304.45,300.52,304.21,"25,384,803"
10/14/2021,299.21,303.27,297.83,302.75,"27,262,902"
10/13/2021,294.91,297.28,293.49,296.31,"23,424,025"
10/12/2021,295.34,295.44,292.35,292.88,"17,974,143"
10/11/2021,292.92,297.97,292.75,294.23,"19,298,634"
10/8/2021,296.22,296.64,293.76,294.85,"17,685,700"
10/7/2021,295.18,296.64,293.92,294.85,"20,430,471"
10/6/2021,285.78,293.63,285.51,293.11,"28,002,559"
10/5/2021,284.05,290.4,284.05,288.76,"24,993,024"
10/4/2021,287.4,287.75,280.25,283.11,"31,350,747"
10/1/2021,282.12,289.98,281.29,289.1,"30,086,280"
9/30/2021,285.71,287.83,281.62,281.92,"32,343,635"
9/29/2021,285.1,286.77,283.01,284,"26,353,696"
9/28/2021,289.8,290.78,282.75,283.52,"43,186,237"
9/27/2021,296.14,296.47,292.94,294.17,"23,571,742"
9/24/2021,298.23,299.8,296.93,299.35,"14,998,978"
9/23/2021,298.85,300.9,297.53,299.56,"18,604,601"
9/22/2021,296.73,300.22,294.51,298.58,"26,626,342"
9/21/2021,295.69,297.54,294.07,294.8,"22,364,103"
9/20/2021,296.33,298.72,289.52,294.3,"38,278,661"
9/17/2021,304.17,304.5,299.53,299.87,"41,372,457"
9/16/2021,303.76,305.31,300.76,305.22,"19,550,815"
9/15/2021,303.26,305.32,301.82,304.82,"28,356,304"
9/14/2021,299.56,301.39,298.1,299.79,"21,853,433"
9/13/2021,297.55,298.54,294.08,296.99,"23,652,949"
9/10/2021,298.42,299.92,295.38,295.71,"19,633,363"
9/9/2021,300.82,302.14,297,297.25,"19,927,000"
9/8/2021,299.78,300.61,297.47,300.21,"15,046,819"
9/7/2021,301.01,301.09,298.2,300.18,"17,184,083"
9/3/2021,300.99,302.6,300.26,301.14,"14,751,610"
9/2/2021,302.2,303.36,300.18,301.15,"16,290,545"
9/1/2021,302.87,305.19,301.49,301.83,"18,983,826"
8/31/2021,304.42,304.5,301.5,301.88,"26,285,338"
8/30/2021,301.12,304.22,301.06,303.59,"16,348,072"
8/27/2021,298.99,300.87,296.83,299.72,"22,605,726"
8/26/2021,300.99,302.43,298.95,299.09,"17,666,084"
8/25/2021,304.3,304.59,300.42,302.01,"20,006,057"
8/24/2021,305.02,305.65,302,302.62,"18,175,774"
8/23/2021,303.25,305.4,301.85,304.65,"22,830,157"
8/20/2021,299.72,305.84,298.06,304.36,"40,817,646"
8/19/2021,288.69,297.47,288.64,296.77,"29,850,461"
8/18/2021,292.04,294.82,290.27,290.73,"21,812,985"
8/17/2021,292.39,293.43,291.08,293.08,"20,075,250"
8/16/2021,293.19,294.82,290.02,294.6,"22,516,027"
8/13/2021,289.48,292.9,289.3,292.85,"18,249,046"
8/12/2021,286.63,289.97,286.34,289.81,"14,570,391"
8/11/2021,287.21,288.66,285.86,286.95,"13,955,934"
8/10/2021,288.8,289.25,285.2,286.44,"18,616,578"
8/9/2021,289.75,291.55,287.81,288.33,"16,117,629"
8/6/2021,288.51,289.5,287.62,289.46,"16,589,336"
8/5/2021,286.88,289.63,286.1,289.52,"13,900,167"
8/4/2021,286.22,287.59,284.65,286.51,"16,191,301"
8/3/2021,285.42,287.23,284,287.12,"17,879,048"
8/2/2021,286.36,286.78,283.74,284.82,"16,267,357"
7/30/2021,285.17,286.66,283.91,284.91,"20,944,846"
7/29/2021,286.24,288.62,286.08,286.5,"18,168,294"
7/28/2021,288.99,290.15,283.83,286.22,"33,566,853"
7/27/2021,289.43,289.58,282.95,286.54,"33,604,073"
7/26/2021,289,289.69,286.64,289.05,"23,176,073"
7/23/2021,287.37,289.99,286.5,289.67,"22,768,071"
7/22/2021,283.84,286.42,283.42,286.14,"23,384,059"
7/21/2021,278.91,281.52,277.29,281.4,"24,364,320"
7/20/2021,278.03,280.97,276.26,279.32,"26,259,741"
7/19/2021,278.93,280.37,274.45,277.01,"32,935,634"
7/16/2021,282.07,284.1,279.46,280.75,"26,186,848"
7/15/2021,282,282.51,279.83,281.03,"22,604,227"
7/14/2021,282.35,283.66,280.55,282.51,"23,113,662"
7/13/2021,277.52,282.85,277.39,280.98,"26,120,128"
7/12/2021,279.16,279.77,276.58,277.32,"18,931,695"
7/9/2021,275.72,278.05,275.32,277.94,"23,916,665"
7/8/2021,276.9,278.73,274.87,277.42,"24,618,591"
7/7/2021,279.4,280.69,277.15,279.93,"23,260,031"
7/6/2021,278.03,279.37,274.3,277.66,"31,565,560"
7/2/2021,272.82,278,272.5,277.65,"26,474,408"
7/1/2021,269.61,271.84,269.6,271.6,"16,725,323"
6/30/2021,270.69,271.36,269.6,270.9,"21,656,457"
6/29/2021,268.87,271.65,267.98,271.4,"19,937,811"
6/28/2021,266.19,268.9,265.91,268.72,"19,590,024"
6/25/2021,266.23,267.25,264.76,265.02,"25,611,113"
6/24/2021,266.16,267.85,265.47,266.69,"21,446,867"
6/23/2021,265.99,266.83,264.43,265.28,"19,518,681"
6/22/2021,262.72,265.79,262.4,265.51,"24,694,090"
6/21/2021,259.82,263.52,257.92,262.63,"26,696,119"
6/18/2021,259.63,262.3,258.75,259.43,"37,202,217"
6/17/2021,256.07,261.75,256.01,260.9,"27,565,537"
6/16/2021,259.4,260.58,254.42,257.38,"27,219,956"
6/15/2021,259.78,259.99,257.68,258.36,"18,038,931"
6/14/2021,257.9,259.95,256.8,259.89,"19,150,507"
6/11/2021,257.99,258.49,256.61,257.89,"18,999,731"
6/10/2021,254.29,257.46,253.67,257.24,"24,563,619"
6/9/2021,253.81,255.53,253.21,253.59,"17,937,634"
6/8/2021,255.16,256.01,252.51,252.57,"22,454,998"
6/7/2021,249.98,254.09,249.81,253.81,"23,079,167"
6/4/2021,247.76,251.65,247.51,250.79,"25,281,094"
6/3/2021,245.22,246.34,243,245.71,"25,307,711"
6/2/2021,248.13,249.27,245.84,247.3,"19,406,705"
6/1/2021,251.23,251.29,246.96,247.4,"23,213,310"
5/28/2021,251,252.08,249.56,249.68,"18,274,942"
5/27/2021,251.17,251.48,249.25,249.31,"24,426,244"
5/26/2021,251.43,252.94,250.75,251.49,"17,771,600"
5/25/2021,251.77,252.75,250.82,251.72,"17,704,303"
5/24/2021,247.79,251.16,247.51,250.78,"21,411,547"
5/21/2021,247.57,248.33,244.74,245.17,"21,863,058"
5/20/2021,243.96,247.95,243.86,246.48,"21,800,716"
5/19/2021,239.31,243.23,238.6,243.12,"25,739,807"
5/18/2021,246.27,246.41,242.9,243.08,"20,167,975"
5/17/2021,246.55,246.59,243.52,245.18,"24,970,168"
5/14/2021,245.58,249.18,245.49,248.15,"23,901,081"
5/13/2021,241.8,245.6,241.42,243.03,"29,624,298"
5/12/2021,242.17,244.38,238.07,239,"36,684,370"
5/11/2021,244.55,246.6,242.57,246.23,"33,641,589"
5/10/2021,250.87,251.73,247.12,247.18,"29,299,890"
5/7/2021,252.15,254.3,251.17,252.46,"27,032,912"
5/6/2021,246.45,249.86,244.69,249.73,"26,491,085"
5/5/2021,249.06,249.5,245.82,246.47,"21,901,325"
5/4/2021,250.97,251.21,245.76,247.79,"32,756,052"
5/3/2021,253.4,254.35,251.12,251.86,"19,626,568"
4/30/2021,249.74,253.08,249.6,252.18,"30,945,098"
4/29/2021,255.46,256.1,249,252.51,"40,589,023"
4/28/2021,256.08,256.54,252.95,254.56,"46,903,119"
4/27/2021,261.59,263.19,260.12,261.97,"31,014,213"
4/26/2021,261.66,262.44,260.17,261.55,"19,763,346"
4/23/2021,257.88,261.51,257.27,261.15,"21,499,286"
4/22/2021,260.21,261.78,255.64,257.17,"25,606,152"
4/21/2021,258.94,260.68,257.25,260.58,"24,030,383"
4/20/2021,257.82,260.2,256.84,258.26,"19,722,875"
4/19/2021,260.19,261.48,257.82,258.74,"23,209,260"
4/16/2021,259.47,261,257.6,260.74,"24,878,582"
4/15/2021,257.93,259.93,257.73,259.5,"25,627,481"
4/14/2021,257.48,258.83,255.16,255.59,"23,070,938"
4/13/2021,257.26,259.19,256.83,258.49,"23,837,469"
4/12/2021,254.71,257.67,254.62,255.91,"27,148,668"
4/9/2021,252.87,255.99,252.44,255.85,"24,326,833"
4/8/2021,252.77,254.14,252,253.25,"23,625,197"
4/7/2021,247.81,250.93,247.19,249.9,"22,719,835"
4/6/2021,247.61,249.4,246.88,247.86,"22,931,923"
4/5/2021,242.76,249.96,242.7,249.07,"36,910,609"
4/1/2021,238.47,242.84,238.05,242.35,"30,337,982"
3/31/2021,232.91,239.1,232.39,235.77,"43,623,471"
3/30/2021,233.53,233.85,231.1,231.85,"24,792,012"
3/29/2021,236.59,236.8,231.88,235.24,"25,227,455"
3/26/2021,231.55,236.71,231.55,236.48,"25,479,853"
3/25/2021,235.3,236.94,231.57,232.34,"34,061,853"
3/24/2021,237.85,238,235.32,235.46,"25,620,127"
3/23/2021,237.49,241.05,237.07,237.58,"31,638,376"
3/22/2021,230.27,236.9,230.14,235.99,"30,127,005"
3/19/2021,231.02,232.47,229.35,230.35,"46,430,730"
3/18/2021,232.56,234.19,230.33,230.72,"34,852,251"
3/17/2021,236.15,238.55,233.23,237.04,"29,562,100"
3/16/2021,236.28,240.06,235.94,237.71,"28,092,196"
3/15/2021,234.96,235.19,231.81,234.81,"26,042,669"
3/12/2021,234.01,235.82,233.23,235.75,"22,653,662"
3/11/2021,234.96,239.17,234.31,237.13,"29,907,586"
3/10/2021,237,237,232.04,232.42,"29,746,812"
3/9/2021,232.88,235.38,231.67,233.78,"33,080,531"
3/8/2021,231.37,233.37,227.13,227.39,"35,267,440"
3/5/2021,229.52,233.27,226.46,231.6,"41,872,770"
3/4/2021,226.74,232.49,224.26,226.73,"44,727,785"
3/3/2021,232.16,233.58,227.26,227.56,"34,029,526"
3/2/2021,237.01,237.3,233.45,233.87,"22,812,459"
3/1/2021,235.9,237.47,233.15,236.94,"25,332,837"
2/26/2021,231.53,235.37,229.54,232.38,"37,819,227"
2/25/2021,232.08,234.59,227.88,228.99,"39,542,235"
2/24/2021,230.01,235.2,229,234.55,"26,339,746"
2/23/2021,230.33,234.83,228.73,233.27,"30,228,704"
2/22/2021,237.42,237.93,232.4,234.51,"36,446,936"
2/19/2021,243.75,243.86,240.18,240.97,"25,262,600"
2/18/2021,241.8,243.93,240.86,243.79,"16,925,563"
2/17/2021,241.32,244.31,240.94,244.2,"21,673,109"
2/16/2021,245.03,246.13,242.92,243.7,"26,728,487"
2/12/2021,243.93,245.3,242.73,244.99,"16,561,079"
2/11/2021,244.78,245.15,242.15,244.49,"15,751,059"
2/10/2021,245,245.92,240.89,242.82,"22,186,706"
2/9/2021,241.87,244.76,241.38,243.77,"23,564,953"
2/8/2021,243.15,243.68,240.81,242.47,"22,211,929"
2/5/2021,242.23,243.28,240.42,242.2,"18,054,752"
2/4/2021,242.66,243.24,240.37,242.01,"25,296,100"
2/3/2021,239.57,245.09,239.26,243,"27,158,104"
2/2/2021,241.3,242.31,238.69,239.51,"25,916,337"
2/1/2021,235.06,242.5,232.43,239.65,"33,314,193"
1/29/2021,235.99,238.02,231.35,231.96,"42,503,138"
1/28/2021,235.61,242.64,235.09,238.93,"49,111,159"
1/27/2021,238,240.44,230.14,232.9,"69,870,638"
1/26/2021,231.86,234.18,230.08,232.33,"49,169,601"
1/25/2021,229.12,229.78,224.22,229.53,"33,152,095"
1/22/2021,227.08,230.07,225.8,225.95,"30,172,663"
1/21/2021,224.7,226.3,222.42,224.97,"30,749,553"
1/20/2021,217.7,225.79,217.29,224.34,"37,777,260"
1/19/2021,213.75,216.98,212.63,216.44,"30,480,859"
1/15/2021,213.52,214.51,212.03,212.65,"31,746,512"
1/14/2021,215.91,217.46,212.74,213.02,"29,346,737"
1/13/2021,214.02,216.76,213.93,216.34,"20,087,080"
1/12/2021,216.5,217.1,213.32,214.93,"23,249,336"
1/11/2021,218.47,218.91,216.73,217.49,"23,047,029"
1/8/2021,218.68,220.58,217.03,219.62,"22,956,206"
1/7/2021,214.04,219.34,213.71,218.29,"27,694,480"
1/6/2021,212.17,216.49,211.94,212.25,"35,930,653"
1/5/2021,217.26,218.52,215.7,217.9,"23,822,953"
1/4/2021,222.53,223,214.81,217.69,"37,130,139"
12/31/2020,221.7,223,219.68,222.42,"20,942,132"
12/30/2020,225.23,225.63,221.47,221.68,"20,272,337"
12/29/2020,226.31,227.18,223.58,224.15,"17,403,213"
12/28/2020,224.45,226.03,223.02,224.96,"17,933,496"
