Date,Open,High,Low,Close,Volume,,NFLX (NASD)
12/24/2025,93.11,93.68,92.67,93.64,"12,427,895",,
12/23/2025,93.4,93.81,91.33,93.5,"25,896,234",,
12/22/2025,94.71,94.71,92.91,93.23,"39,484,765",,
12/19/2025,93.57,95.54,93.45,94.39,"78,990,153",,
12/18/2025,95.02,95.81,93.59,94,"37,244,734",,
12/17/2025,95.98,97.33,94.46,94.79,"50,472,781",,
12/16/2025,93.88,94.93,93.32,94.57,"34,264,989",,
12/15/2025,96.02,96.37,93.53,93.77,"40,016,455",,
12/12/2025,95.5,96.92,94.65,95.19,"49,323,122",,
12/11/2025,93.9,94.82,92.76,94.09,"43,949,009",,
12/10/2025,96.74,96.97,92.35,92.71,"74,129,272",,
12/9/2025,97.03,97.24,95.45,96.71,"51,745,577",,
12/8/2025,99.87,99.89,95.3,96.79,"100,906,259",,
12/5/2025,98.78,104.79,97.74,100.24,"133,363,601",,
12/4/2025,103.57,103.8,101.77,103.22,"51,779,136",,
12/3/2025,106.59,106.87,102.03,103.96,"53,593,403",,
12/2/2025,109.21,109.73,107.52,109.35,"25,762,983",,
12/1/2025,106.51,109.34,106.31,109.13,"24,873,385",,
11/28/2025,106.44,107.94,106.24,107.58,"15,021,609",,
11/26/2025,105.74,106.95,105.22,106.14,"27,951,013",,
11/25/2025,106.12,106.3,103.82,104.4,"35,122,559",,
11/24/2025,104.25,108.04,103.32,106.97,"62,918,292",,
11/21/2025,105.13,106.53,103.81,104.31,"41,232,687",,
11/20/2025,111,111.1,105.39,105.67,"36,918,546",,
11/19/2025,113,113.34,108.61,110,"31,868,089",,
11/18/2025,110.29,115.25,109.2,114.09,"43,440,565",,
11/17/2025,110.75,111.85,109.55,110.29,"26,082,730",,
11/14/2025,114.27,114.27,110.72,111.22,"47,607,130",,
11/13/2025,115.85,116.73,114.57,115.42,"40,143,590",,
11/12/2025,113.82,116.43,112.83,115.75,"39,220,570",,
11/11/2025,111.76,113.92,111.28,113.64,"27,965,940",,
11/10/2025,110.67,112.82,110.41,112.01,"36,929,000",,
11/7/2025,109.42,110.82,108.75,110.37,"44,125,340",,
11/6/2025,109.46,110.37,108.51,109.7,"36,531,700",,
11/5/2025,108.5,110.09,107.34,109.85,"35,539,170",,
11/4/2025,110,110.46,108.67,109.3,"38,717,800",,
11/3/2025,113.32,113.35,107.52,110.01,"58,634,390",,
10/31/2025,110.54,113.49,110.2,111.89,"68,665,000",,
10/30/2025,109.44,110.62,108.81,108.9,"41,580,990",,
10/29/2025,109.98,110.85,109.6,110.04,"33,994,870",,
10/28/2025,109.4,111.7,109.3,110.25,"40,209,010",,
10/27/2025,110.07,110.23,108.73,109.46,"46,911,140",,
10/24/2025,111.1,111.45,109.44,109.47,"60,280,250",,
10/23/2025,112.69,112.78,109.97,111.36,"68,497,220",,
10/22/2025,114.29,115.76,111.25,111.64,"147,890,250",,
10/21/2025,124.28,124.86,123.18,124.13,"65,082,340",,
10/20/2025,120.79,124.78,120.69,123.86,"39,862,350",,
10/17/2025,118.36,120.31,117.9,119.94,"29,571,010",,
10/16/2025,121.22,121.67,117.6,118.36,"28,326,190",,
10/15/2025,121.3,121.96,120.16,120.33,"20,251,940",,
10/14/2025,121.48,122.43,120.31,121.54,"23,624,460",,
10/13/2025,122.13,123.11,120.68,121.9,"24,607,830",,
10/10/2025,122.9,124.7,121.91,122.01,"42,797,760",,
10/9/2025,121.43,123.75,121.18,123.11,"28,240,770",,
10/8/2025,119.71,121.74,119.2,121.43,"28,513,530",,
10/7/2025,117.78,120.14,117.75,119.11,"33,090,940",,
10/6/2025,116.04,116.36,114.55,116.33,"29,685,960",,
10/3/2025,116.5,116.8,114.32,115.33,"31,373,650",,
10/2/2025,116.15,116.33,113.4,116.25,"46,854,670",,
10/1/2025,117.55,117.91,116.32,117.09,"41,102,210",,
9/30/2025,120.64,120.85,117.8,119.89,"38,303,040",,
9/29/2025,120.5,122.45,118.75,120.64,"30,331,740",,
9/26/2025,120.54,121.4,120,121.06,"19,449,570",,
9/25/2025,120.31,121.68,119.15,120.82,"19,977,830",,
9/24/2025,121.86,122.15,119.42,120.4,"27,731,270",,
9/23/2025,122.73,122.78,120.85,121.85,"24,991,460",,
9/22/2025,122.19,122.98,121.42,122.74,"25,468,140",,
9/19/2025,121.86,122.99,120.81,122.7,"49,475,900",,
9/18/2025,122.08,123.3,120.55,120.78,"31,691,050",,
9/17/2025,122.1,123.39,120.66,122.85,"34,597,960",,
9/16/2025,120.56,120.9,119.73,120.05,"24,046,860",,
9/15/2025,118.84,120.72,117.32,120.23,"29,092,770",,
9/12/2025,120.31,121.18,118.24,118.84,"37,849,440",,
9/11/2025,125.1,125.34,119.2,120.35,"56,822,860",,
9/10/2025,126.4,126.7,124.64,124.77,"27,010,150",,
9/9/2025,124.67,126.57,124.67,126.33,"22,196,550",,
9/8/2025,124.85,125.2,123.2,124.48,"19,150,530",,
9/5/2025,126,126.71,123.9,124.38,"23,796,730",,
9/4/2025,122.32,125.75,122.31,125.75,"30,235,060",,
9/3/2025,120.51,122.7,120.34,122.62,"24,714,950",,
9/2/2025,119.7,121.54,118.28,121.41,"23,032,690",,
8/29/2025,122.8,122.88,120.12,120.83,"32,098,170",,
8/28/2025,122.28,123.79,121.43,123.15,"19,503,360",,
8/27/2025,122.36,122.92,121.3,122.35,"16,645,260",,
8/26/2025,122.02,123.15,121.22,122.61,"19,857,140",,
8/25/2025,120.17,123.38,119.9,121.81,"28,120,360",,
8/22/2025,120.89,121.36,119.82,120.47,"31,281,330",,
8/21/2025,121.14,122.14,119.76,120.62,"20,471,780",,
8/20/2025,121.8,122.3,119.33,121.39,"24,343,980",,
8/19/2025,124.02,124.1,119.28,121.42,"37,077,310",,
8/18/2025,123.56,125.12,123.55,124.51,"21,110,870",,
8/15/2025,123.4,124.69,122.79,123.9,"27,678,040",,
8/14/2025,120.99,124.41,120.7,123.06,"39,046,680",,
8/13/2025,123.4,123.71,120.3,120.44,"27,623,550",,
8/12/2025,122.5,123.2,120.65,122.53,"22,826,270",,
8/11/2025,121.4,122.31,120.19,121.83,"24,556,480",,
8/8/2025,118.32,121.41,118.04,121.16,"38,166,890",,
8/7/2025,118.18,119.12,116.82,118.04,"26,283,210",,
8/6/2025,115.35,118.14,115.19,117.85,"33,621,610",,
8/5/2025,117.1,117.17,114.47,114.79,"26,607,350",,
8/4/2025,116.77,117.7,116.26,117.1,"22,447,020",,
8/1/2025,116.3,117.85,115.29,115.86,"38,909,500",,
7/31/2025,118.48,119,115.77,115.94,"37,129,490",,
7/30/2025,116.85,118.48,116.61,118.42,"29,227,310",,
7/29/2025,117.9,117.96,116.33,116.87,"27,524,890",,
7/28/2025,118.12,119.78,116.85,117.46,"34,469,580",,
7/25/2025,117.84,118.73,117.44,118.05,"26,292,600",,
7/24/2025,117.78,118.35,116.27,118.08,"38,455,700",,
7/23/2025,118.98,119.26,117.36,117.68,"45,042,640",,
7/22/2025,123.04,123.24,118.75,119.01,"50,629,700",,
7/21/2025,120.6,123.71,119.8,123.33,"56,275,910",,
7/18/2025,124.2,124.65,120.1,120.92,"106,933,060",,
7/17/2025,125.3,127.75,124.48,127.42,"64,698,770",,
7/16/2025,126.17,127.1,124.98,125.03,"32,270,220",,
7/15/2025,126.2,127.12,124.32,126.03,"28,017,310",,
7/14/2025,124.49,127.05,124,126.2,"27,810,480",,
7/11/2025,125.98,126.1,123.13,124.51,"39,571,500",,
7/10/2025,128.55,128.96,124.6,125.06,"42,364,940",,
7/9/2025,127.4,128.83,126.62,128.83,"23,844,770",,
7/8/2025,129.09,129.33,126,127.53,"32,925,250",,
7/7/2025,129.5,129.5,127.6,128.96,"22,737,370",,
7/3/2025,129.2,130.23,127.98,129.72,"20,062,240",,
7/2/2025,129.7,129.99,127.16,128.49,"30,488,010",,
7/1/2025,133.82,133.88,128.22,129.36,"49,935,670",,
6/30/2025,133.1,134.12,132.12,133.91,"32,829,080",,
6/27/2025,130.69,133.13,130.1,132.31,"40,708,570",,
6/26/2025,128,130.73,128,130.67,"26,058,700",,
6/25/2025,128.68,129.8,127.38,127.53,"21,465,100",,
6/24/2025,126.05,128.26,125.5,127.91,"26,633,070",,
6/23/2025,123.8,125.48,121.5,125.35,"26,673,180",,
6/20/2025,123.45,124.85,122.43,123.14,"53,481,930",,
6/18/2025,123,124.2,122.05,122.23,"22,810,470",,
6/17/2025,122,123.24,121.61,122.07,"18,921,260",,
6/16/2025,121.22,122.63,121.22,122.54,"21,127,970",,
6/13/2025,120.66,122.06,120.19,121.22,"22,102,530",,
6/12/2025,122.26,123,121.2,121.5,"20,846,020",,
6/11/2025,120.26,122.83,119.6,121.99,"23,822,800",,
6/10/2025,122.75,122.75,118.06,120.36,"44,544,470",,
6/9/2025,123.89,123.89,122.16,122.45,"24,031,170",,
6/6/2025,125.94,126,123.56,124.15,"25,569,560",,
6/5/2025,124.06,126.28,123.73,125.05,"28,217,970",,
6/4/2025,122.07,124.26,121.99,123.97,"23,593,810",,
6/3/2025,121.99,122.96,121.12,121.79,"23,637,620",,
6/2/2025,120.12,121.94,119.63,121.9,"22,942,160",,
5/30/2025,119.83,121.18,118.09,120.72,"46,967,560",,
5/29/2025,120.8,120.9,117.63,118.49,"33,030,790",,
5/28/2025,121.03,121.59,120.6,120.85,"18,558,500",,
5/27/2025,119.53,121.18,119.31,121.16,"29,204,690",,
5/23/2025,118.4,119.15,117.94,118.54,"21,864,830",,
5/22/2025,119.24,119.87,118.72,118.8,"18,615,880",,
5/21/2025,118.65,121.12,118.65,119.46,"29,766,100",,
5/20/2025,118.68,119.3,117.9,119.2,"21,330,660",,
5/19/2025,117.36,119.16,117.17,119.16,"28,534,150",,
5/16/2025,119.31,119.65,117.94,119.15,"46,983,530",,
5/15/2025,114.77,118.78,114.76,117.8,"44,640,410",,
5/14/2025,112.96,115.29,112.84,115.1,"39,101,470",,
5/13/2025,111.45,114.79,110.63,113.84,"39,978,690",,
5/12/2025,112.43,113,110.29,111,"64,790,790",,
5/9/2025,114.71,115.1,113.32,114.02,"25,696,330",,
5/8/2025,116.16,116.23,113.92,114.44,"37,608,720",,
5/7/2025,113.92,116.4,113.8,115.54,"43,523,940",,
5/6/2025,112.94,114.77,112.64,113.77,"32,566,820",,
5/5/2025,111.48,114.4,110.7,113.41,"56,623,170",,
5/2/2025,113.67,115.94,113.33,115.65,"37,742,820",,
5/1/2025,112.25,114.24,111.18,113.35,"34,994,970",,
4/30/2025,111.27,113.32,110.11,113.17,"42,666,760",,
4/29/2025,110.39,112.78,109.55,112.56,"37,773,290",,
4/28/2025,110,111.4,108.26,111.04,"38,310,880",,
4/25/2025,109.7,110.68,109.1,110.15,"39,500,080",,
4/24/2025,104.8,110.1,104.7,109.69,"63,818,960",,
4/23/2025,104.72,106.13,103.2,104.96,"64,718,760",,
4/22/2025,100.53,106.5,100.45,104.03,"93,688,730",,
4/21/2025,98.44,101.9,97.3,98.79,"97,757,470",,
4/17/2025,96.9,98.47,95.6,97.3,"88,937,350",,
4/16/2025,97.63,98.12,94.92,96.16,"60,661,130",,
4/15/2025,95,99.34,94.8,97.63,"77,119,820",,
4/14/2025,93.27,94.9,91.95,93.13,"40,358,950",,
4/11/2025,92,94.49,90.67,91.83,"40,736,380",,
4/10/2025,93.19,94.12,89.4,92.12,"51,297,550",,
4/9/2025,85.59,95.14,85.44,94.55,"74,979,740",,
4/8/2025,91.24,92.24,85.77,87.04,"56,253,820",,
4/7/2025,82.78,90.67,82.11,86.78,"66,568,230",,
4/4/2025,89.65,90.66,85.39,85.59,"67,988,060",,
4/3/2025,90.18,94.66,90.05,91.71,"58,646,220",,
4/2/2025,92.3,94.95,91.61,93.55,"32,568,860",,
4/1/2025,92.75,93.23,91.15,92.84,"35,199,560",,
3/31/2025,92.05,93.45,90.06,93.25,"46,340,750",,
3/28/2025,97.2,97.5,92.92,93.39,"44,227,170",,
3/27/2025,97.42,98.9,96.64,97.67,"30,472,370",,
3/26/2025,99.38,99.68,96.63,97.07,"35,347,070",,
3/25/2025,97.82,99.87,97.71,99.73,"37,822,450",,
3/24/2025,96.97,97.7,95.16,97.2,"46,778,710",,
3/21/2025,94.16,96.37,94.1,96.03,"59,054,290",,
3/20/2025,95,96.7,94.55,95.08,"44,663,050",,
3/19/2025,93.58,96.8,92.4,95.95,"66,623,610",,
3/18/2025,94,94.82,91.63,93,"60,094,000",,
3/17/2025,94,96.76,93.44,95,"75,431,460",,
3/14/2025,90.15,91.96,90.1,91.8,"52,006,840",,
3/13/2025,91.3,92.19,88.75,89.02,"50,016,980",,
3/12/2025,91.46,92.72,90.1,91.97,"68,658,370",,
3/11/2025,86.74,91.07,86.6,89.51,"73,989,340",,
3/10/2025,87.51,88.13,85.45,86.67,"69,953,090",,
3/7/2025,89.76,90.49,85.81,89.11,"77,374,880",,
3/6/2025,97.3,97.37,89.9,90.64,"78,525,590",,
3/5/2025,97.36,99.56,96.95,99.09,"38,079,350",,
3/4/2025,97.16,98.63,94.82,97.26,"43,928,140",,
3/3/2025,98.3,99.49,96.48,97.37,"39,074,470",,
2/28/2025,96.96,98.23,95.82,98.06,"47,174,090",,
2/27/2025,99.5,100.07,96.18,96.31,"37,665,660",,
2/26/2025,97.76,100.09,97.69,99.01,"33,972,050",,
2/25/2025,98.94,99.44,95.5,97.72,"47,383,040",,
2/24/2025,100.8,101.52,98.45,98.85,"44,262,270",,
2/21/2025,102.94,103.24,99.94,100.32,"37,387,100",,
2/20/2025,104.2,104.5,101.56,102.45,"31,118,310",,
2/19/2025,103.52,104.5,102.45,104.33,"26,000,480",,
2/18/2025,106,106.2,102.37,103.59,"42,293,390",,
2/14/2025,104.5,106.45,104.17,105.86,"31,454,300",,
2/13/2025,102.66,104.6,102.51,104.37,"34,760,680",,
2/12/2025,100.55,102.77,99.83,102.73,"33,889,660",,
2/11/2025,102.08,102.27,100.3,100.81,"33,317,970",,
2/10/2025,102.3,103.29,101.59,102.76,"32,965,660",,
2/7/2025,101.7,102.78,100.57,101.39,"32,128,530",,
2/6/2025,100.79,101.64,100.26,101.57,"31,342,930",,
2/5/2025,98.77,101.18,98.67,101.11,"39,977,330",,
2/4/2025,98.05,100.8,97.85,99.49,"60,001,370",,
2/3/2025,97.3,98.77,96.44,97.89,"37,241,970",,
1/31/2025,97.4,99.03,97.4,97.68,"36,187,180",,
1/30/2025,98.68,99.46,97,97.32,"38,678,250",,
1/29/2025,98,98.76,96.82,97.82,"29,307,280",,
1/28/2025,96.67,97.79,95.73,97.18,"34,339,720",,
1/27/2025,97.11,98.23,96.03,97.19,"46,342,040",,
1/24/2025,98.44,98.63,96.77,97.76,"45,503,970",,
1/23/2025,95.78,98.5,95.39,98.49,"77,521,370",,
1/22/2025,99.8,99.9,95.08,95.4,"142,732,050",,
1/21/2025,86.35,91.64,85.47,86.97,"98,513,510",,
1/17/2025,85.98,86.5,85.21,85.81,"36,175,650",,
1/16/2025,86.1,86.9,84.2,84.24,"40,285,370",,
1/15/2025,83.64,85.08,83.04,84.83,"31,813,830",,
1/14/2025,84.32,84.49,82.35,82.84,"30,376,500",,
1/13/2025,83.15,84.71,82.91,84.03,"30,245,170",,
1/10/2025,86.64,86.64,83.44,83.77,"48,033,120",,
1/8/2025,88,88.62,87.3,87.5,"23,479,490",,
1/7/2025,87.94,88.8,86.91,87.92,"26,498,230",,
1/6/2025,88.88,89.28,87.17,88.18,"34,576,560",,
1/3/2025,89.31,89.88,87.99,88.1,"29,700,190",,
1/2/2025,89.55,89.86,87.7,88.67,"23,156,850",,
12/31/2024,90.18,90.27,88.95,89.13,"18,758,970",,
12/30/2024,89.45,90.82,88.97,90.04,"22,029,700",,
12/27/2024,91.6,91.81,89.45,90.76,"32,261,580",,
12/26/2024,92.84,93.05,91.53,92.41,"23,424,180",,
12/24/2024,91.5,93.59,91.17,93.21,"23,202,930",,
12/23/2024,91.34,91.5,89.91,91.15,"23,393,750",,
12/20/2024,89.32,91.99,89.05,90.91,"45,305,190",,
12/19/2024,90.82,91.26,89.9,90.2,"28,155,120",,
12/18/2024,91.91,92.24,88.66,88.96,"29,381,940",,
12/17/2024,92.15,92.85,91.64,91.91,"24,594,560",,
12/16/2024,92.39,92.89,91.95,92.11,"26,748,920",,
12/13/2024,91.68,92.55,90.96,91.89,"24,858,290",,
12/12/2024,93.34,93.41,92.26,92.55,"24,861,970",,
12/11/2024,92.47,94.18,92.31,93.66,"35,016,910",,
12/10/2024,91.38,92.29,90.96,91.34,"23,885,750",,
12/9/2024,92.8,93.03,90.26,91.37,"33,500,820",,
12/6/2024,91.52,93.53,91.27,93.47,"29,553,830",,
12/5/2024,91.79,92.7,91.11,91.79,"28,353,070",,
12/4/2024,89.8,91.6,89.8,91.11,"26,896,290",,
12/3/2024,89.44,90.27,88.8,90.22,"24,016,340",,
12/2/2024,88.75,90.23,88.41,89.77,"23,889,660",,
11/29/2024,88.22,89.24,87.67,88.68,"20,272,370",,
11/27/2024,87.21,88.1,85.89,87.73,"25,782,220",,
11/26/2024,86.75,88.64,86.73,87.26,"31,382,590",,
11/25/2024,90.21,90.21,86.42,86.56,"60,142,030",,
11/22/2024,89.6,90.6,89.3,89.78,"32,140,200",,
11/21/2024,88.39,90.8,87.72,89.75,"45,112,630",,
11/20/2024,88,89.06,86.84,88.39,"40,938,430",,
11/19/2024,83.98,87.45,83.92,87.13,"38,142,270",,
11/18/2024,81.55,84.85,80.93,84.71,"40,840,810",,
11/15/2024,83.2,83.2,81.65,82.4,"36,737,200",,
11/14/2024,83.37,84.1,83,83.73,"30,382,310",,
11/13/2024,82.26,83.7,82.05,83.05,"27,677,720",,
11/12/2024,80.75,82.04,80.38,81.95,"28,140,640",,
11/11/2024,79.59,80.68,79.56,80.54,"23,991,500",,
11/8/2024,79.74,79.91,78.87,79.5,"19,106,260",,
11/7/2024,78.14,79.82,77.99,79.65,"32,950,740",,
11/6/2024,77.15,78.15,75.74,78.02,"36,908,170",,
11/5/2024,75.74,76.75,75.63,76.39,"22,006,450",,
11/4/2024,75.31,76.25,74.97,75.55,"19,021,940",,
11/1/2024,75.35,76.38,74.78,75.61,"29,968,290",,
10/31/2024,75.39,76.08,75.22,75.6,"30,577,090",,
10/30/2024,75.81,75.98,75.23,75.37,"17,220,020",,
10/29/2024,75.11,76.39,74.8,75.94,"36,604,330",,
10/28/2024,75.87,75.87,74.79,74.91,"28,624,050",,
10/25/2024,75.62,76.85,75.35,75.47,"28,194,730",,
10/24/2024,75.2,75.58,74.63,75.46,"26,429,620",,
10/23/2024,76.28,76.38,74.43,74.93,"37,490,070",,
10/22/2024,76.53,76.97,76.11,76.42,"29,872,520",,
10/21/2024,76.58,77.3,75.66,77.21,"60,570,930",,
10/18/2024,73.76,76.63,73.62,76.39,"159,741,190",,
10/17/2024,70.44,70.44,67.79,68.77,"89,266,720",,
10/16/2024,70.34,70.56,69.78,70.2,"24,942,760",,
10/15/2024,71.25,71.34,69.98,70.6,"29,327,520",,
10/14/2024,72.5,72.66,71.13,71.3,"27,970,710",,
10/11/2024,73.49,73.6,72.12,72.28,"22,995,250",,
10/10/2024,72.33,73.39,72.25,73.03,"27,678,620",,
10/9/2024,71.93,72.86,71.89,72.74,"19,810,700",,
10/8/2024,70.39,72.51,70.35,72.18,"31,874,020",,
10/7/2024,71.48,71.59,69.64,70.19,"33,605,200",,
10/4/2024,71.33,72.1,70.88,71.97,"22,301,390",,
10/3/2024,70.43,70.88,70,70.68,"22,564,490",,
10/2/2024,70.61,71.62,70.47,71.11,"17,581,670",,
10/1/2024,71.36,71.78,69.86,70.61,"28,134,820",,
9/30/2024,70.7,71.12,70.28,70.93,"17,115,080",,
9/27/2024,70.84,71.07,70.13,70.74,"23,956,130",,
9/26/2024,72.47,72.53,70.17,71.14,"28,329,620",,
9/25/2024,72.1,72.51,71.62,72.16,"22,597,750",,
9/24/2024,70.66,72.24,70.45,72.23,"35,657,310",,
9/23/2024,70.24,71.22,69.92,70.54,"32,243,440",,
9/20/2024,70.55,70.67,69.63,70.1,"39,980,620",,
9/19/2024,70.5,71.57,69.54,70.43,"42,284,800",,
9/18/2024,70.76,70.76,68.8,69.05,"29,844,110",,
9/17/2024,70.08,70.76,69.84,70.69,"22,986,300",,
9/16/2024,70,70.3,68.86,69.65,"18,437,450",,
9/13/2024,68,69.96,68,69.71,"22,764,820",,
9/12/2024,68.49,69.49,68.22,68.68,"25,884,370",,
9/11/2024,67.75,68.3,66.08,68.15,"23,919,240",,
9/10/2024,67.69,68.06,66.58,67.36,"20,791,820",,
9/9/2024,67.4,68.35,67.21,67.54,"26,831,110",,
9/6/2024,68.19,68.32,66.23,66.58,"29,912,650",,
9/5/2024,67.31,68.73,67.19,68.36,"18,100,720",,
9/4/2024,67.33,68.47,67.31,67.97,"17,853,370",,
9/3/2024,70.01,70.39,67.1,67.53,"31,609,640",,
8/30/2024,70.04,70.19,68.82,70.14,"32,667,230",,
8/29/2024,69,69.98,68.61,69.25,"21,869,740",,
8/28/2024,69.58,69.67,67.71,68.38,"24,305,830",,
8/27/2024,68.85,70.79,68.69,69.57,"31,648,780",,
8/26/2024,68.73,69.06,68.16,68.84,"13,541,540",,
8/23/2024,69.41,69.61,67.86,68.67,"23,544,500",,
8/22/2024,69.1,70.15,68.62,68.9,"27,293,890",,
8/21/2024,69.7,70.1,69.14,69.71,"22,353,430",,
8/20/2024,68.89,71.13,68.82,69.85,"48,131,180",,
8/19/2024,67.41,68.88,67.29,68.85,"30,162,270",,
8/16/2024,66.94,68.02,66.54,67.41,"35,110,140",,
8/15/2024,66.85,67.32,65.98,66.32,"32,101,730",,
8/14/2024,64.87,66.36,64.87,66.17,"40,143,440",,
8/13/2024,63.86,65.1,63.55,64.8,"26,395,710",,
8/12/2024,63.1,63.9,62.71,63.31,"23,317,120",,
8/9/2024,62.3,63.66,62.3,63.39,"19,808,360",,
8/8/2024,62.2,63.23,61.6,63.04,"32,835,420",,
8/7/2024,61.61,63.2,61.06,61.15,"31,877,910",,
8/6/2024,60.06,62.25,60.06,60.96,"43,190,570",,
8/5/2024,58.7,60.46,58.7,59.86,"40,442,350",,
8/2/2024,62.1,62.53,60.84,61.36,"35,230,030",,
8/1/2024,62.93,64.67,61.76,62.49,"37,205,730",,
7/31/2024,62.66,63.36,62.26,62.84,"31,348,770",,
7/30/2024,63.02,63.47,61.7,62.26,"34,966,090",,
7/29/2024,63.46,63.46,62.39,62.7,"24,005,370",,
7/26/2024,64.5,64.7,62.98,63.14,"31,206,590",,
7/25/2024,64.1,65,62.17,63.41,"45,545,390",,
7/24/2024,63.57,65.24,63.27,63.6,"48,881,630",,
7/23/2024,64.75,64.99,64.1,64.28,"24,635,790",,
7/22/2024,63.95,65.63,63.26,64.75,"52,190,770",,
7/19/2024,66.06,67.9,62.91,63.33,"98,156,310",,
7/18/2024,65.66,65.7,63.92,64.3,"75,757,630",,
7/17/2024,65,65.05,63.95,64.75,"40,172,770",,
7/16/2024,66.18,66.37,64.91,65.63,"26,857,060",,
7/15/2024,64.75,66.75,64.66,65.65,"32,087,630",,
7/12/2024,65.28,65.59,64.37,64.76,"33,551,970",,
7/11/2024,67.25,67.25,64.74,65.28,"51,119,280",,
7/10/2024,68.5,68.72,67.32,67.77,"26,519,280",,
7/9/2024,69,69.53,68.47,68.57,"25,994,740",,
7/8/2024,68.7,68.89,68.15,68.57,"19,307,860",,
7/5/2024,68.25,69.75,67.72,69.07,"26,590,650",,
7/3/2024,67.75,68.37,67.55,68.25,"14,035,450",,
7/2/2024,67.35,68.17,67.01,67.96,"24,114,260",,
7/1/2024,67.49,67.5,66.38,67.36,"22,128,260",,
6/28/2024,67.9,68.7,67.31,67.49,"34,123,910",,
6/27/2024,67.94,68.86,67.81,68.43,"24,048,490",,
6/26/2024,67.24,68.3,67,67.77,"35,458,150",,
6/25/2024,67.34,67.37,66.23,67.24,"22,787,680",,
6/24/2024,68.5,68.55,66.45,66.9,"39,163,350",,
6/21/2024,68.33,68.69,67.81,68.61,"45,570,860",,
6/20/2024,68.18,68.99,67.37,67.9,"25,850,890",,
6/18/2024,67.56,68.71,67.46,68.57,"29,437,750",,
6/17/2024,66.91,68.27,66.51,67.58,"36,311,840",,
6/14/2024,65.51,67.56,65.26,66.94,"44,471,160",,
6/13/2024,64.4,65.53,64.24,65.33,"18,635,870",,
6/12/2024,65.22,65.58,64.31,65.01,"20,943,810",,
6/11/2024,64.07,65.02,64.05,64.85,"21,674,170",,
6/10/2024,64.1,64.48,63.56,64.45,"20,667,590",,
6/7/2024,64.94,65.04,64.02,64.15,"18,766,310",,
6/6/2024,64.49,65.8,64.42,64.85,"24,666,640",,
6/5/2024,63.4,65.13,62.83,65.03,"26,826,140",,
6/4/2024,63.38,63.52,62.64,63.16,"30,081,510",,
6/3/2024,64.52,64.68,62.73,63.38,"23,235,060",,
5/31/2024,64.4,64.86,62.83,64.16,"40,710,230",,
5/30/2024,65.35,65.65,64.47,64.77,"23,933,540",,
5/29/2024,64.41,66.43,64.39,65.46,"36,959,350",,
5/28/2024,64.71,64.98,64.3,64.9,"26,094,510",,
5/24/2024,63.94,65.2,63.76,64.68,"26,152,600",,
5/23/2024,64.23,64.27,63,63.57,"23,139,390",,
5/22/2024,64.71,64.93,63.81,64.05,"21,761,740",,
5/21/2024,63.68,65.09,63.42,65.06,"29,201,550",,
5/20/2024,62.04,64.44,61.95,64.08,"38,578,530",,
5/17/2024,61.7,62.58,61.47,62.11,"37,827,080",,
5/16/2024,61.58,61.83,60.91,61.05,"30,563,500",,
5/15/2024,61.86,62.41,60.91,61.35,"56,706,070",,
5/14/2024,61.52,62.15,60.84,61.37,"27,923,580",,
5/13/2024,61.43,61.82,60.68,61.66,"20,861,970",,
5/10/2024,61.9,62.4,60.51,61.09,"26,535,860",,
5/9/2024,61.44,61.57,60.58,61.21,"20,653,750",,
5/8/2024,60.16,61.82,60.16,60.95,"30,939,040",,
5/7/2024,59.63,60.61,59.13,60.6,"36,140,920",,
5/6/2024,58.18,59.73,58.03,59.7,"36,863,370",,
5/3/2024,56.6,58.03,56.52,57.93,"33,075,240",,
5/2/2024,55.6,56.55,55.56,56.52,"30,682,280",,
5/1/2024,54.78,56.04,54.43,55.17,"34,732,330",,
4/30/2024,56,56,54.94,55.06,"33,614,920",,
4/29/2024,55.92,55.96,55.42,55.95,"25,088,820",,
4/26/2024,55.82,56.29,55.32,56.12,"43,325,930",,
4/25/2024,54.95,56.65,54.57,56.48,"38,071,010",,
4/24/2024,57.43,57.69,55.13,55.51,"53,553,120",,
4/23/2024,55.65,57.92,55.53,57.78,"49,755,200",,
4/22/2024,55.07,55.86,54.2,55.46,"85,976,510",,
4/19/2024,56.79,57.9,55.22,55.5,"164,496,990",,
4/18/2024,61.21,62.13,60.54,61.06,"84,684,070",,
4/17/2024,62.1,62.1,60.77,61.37,"33,122,220",,
4/16/2024,60.75,62.25,60.75,61.75,"35,191,220",,
4/15/2024,63.02,63.02,60.39,60.71,"30,853,940",,
4/12/2024,62.82,63.31,61.89,62.28,"29,592,690",,
4/11/2024,62.44,63.17,61.72,62.88,"26,626,620",,
4/10/2024,61.1,62.01,60.93,61.86,"28,062,480",,
4/9/2024,63.2,63.2,61.56,61.82,"21,466,350",,
4/8/2024,63.64,63.9,62.81,62.84,"21,457,310",,
4/5/2024,62.49,63.79,62.27,63.62,"33,788,420",,
4/4/2024,63.32,63.8,61.66,61.71,"30,643,490",,
4/3/2024,61.27,63.04,61.15,63.01,"29,312,310",,
4/2/2024,61.1,61.5,60.55,61.42,"20,292,170",,
4/1/2024,60.8,61.51,60.56,61.43,"21,159,250",,
3/28/2024,61.5,61.5,60.16,60.73,"37,088,030",,
3/27/2024,62.9,63.14,61.07,61.35,"26,282,670",,
3/26/2024,62.52,63.44,61.92,62.92,"28,044,530",,
3/25/2024,62.79,63.05,62.32,62.75,"18,032,640",,
3/22/2024,62.42,62.9,62.1,62.8,"21,356,880",,
3/21/2024,63.07,63.44,62.23,62.27,"25,076,710",,
3/20/2024,62,62.95,61.83,62.77,"26,395,090",,
3/19/2024,61.56,62.13,60.8,62.07,"21,426,130",,
3/18/2024,61.36,62.74,61.04,61.84,"33,442,440",,
3/15/2024,62.29,62.29,60.38,60.59,"66,716,290",,
3/14/2024,61.5,62.08,60.74,61.3,"31,204,520",,
3/13/2024,61.34,61.48,60.72,60.95,"21,920,940",,
3/12/2024,60.02,61.53,59.63,61.11,"28,216,310",,
3/11/2024,60.81,61.1,60.04,60.09,"25,009,400",,
3/8/2024,60.83,61.61,60.08,60.48,"27,772,430",,
3/7/2024,59.93,61.05,59.59,60.85,"27,428,050",,
3/6/2024,60.3,60.79,59.36,59.77,"24,695,920",,
3/5/2024,61.01,61.09,59.2,59.85,"38,495,630",,
3/4/2024,62.16,62.44,61.51,61.58,"30,203,060",,
3/1/2024,59.98,62.03,59.95,61.93,"42,703,050",,
2/29/2024,60.43,60.45,59.52,60.29,"35,720,820",,
2/28/2024,59.58,59.82,59,59.65,"26,052,420",,
2/27/2024,59.5,60.54,59.23,60.17,"44,893,550",,
2/26/2024,58.36,59.08,58.33,58.77,"23,937,120",,
2/23/2024,58.64,59.24,57.98,58.36,"25,688,520",,
2/22/2024,58.28,59.09,57.89,58.85,"35,265,970",,
2/21/2024,57.35,57.58,56.73,57.34,"22,811,430",,
2/20/2024,58.02,58.6,56.97,57.51,"31,242,360",,
2/16/2024,59.7,59.7,57.75,58.4,"43,256,890",,
2/15/2024,58.19,59.38,58.03,59.35,"52,209,380",,
2/14/2024,56.73,58.12,56.43,57.93,"56,342,260",,
2/13/2024,55.08,55.92,54.9,55.45,"35,114,530",,
2/12/2024,56.04,56.84,55.7,55.79,"36,084,870",,
2/9/2024,56.5,56.6,55.81,56.13,"30,556,980",,
2/8/2024,56.05,56.37,55.57,55.85,"31,754,680",,
2/7/2024,55.82,56.78,55.5,55.93,"43,735,910",,
2/6/2024,56.41,56.63,55.44,55.59,"28,403,000",,
2/5/2024,56.25,57.58,55.72,56.21,"41,430,990",,
2/2/2024,56.45,56.78,56.24,56.46,"40,328,430",,
2/1/2024,56.7,57.27,56.38,56.75,"31,740,020",,
1/31/2024,56.29,57.21,56.2,56.41,"48,575,990",,
1/30/2024,56.73,57.09,56.08,56.29,"61,817,980",,
1/29/2024,57.14,57.85,56.27,57.58,"69,053,900",,
1/26/2024,56.18,57.96,55.84,57.04,"127,705,710",,
1/25/2024,55.2,56.35,54.85,56.2,"94,519,150",,
1/24/2024,53.78,56.25,53.71,54.49,"264,327,970",,
1/23/2024,49.2,49.9,48.14,49.22,"155,060,240",,
1/22/2024,48.76,48.98,47.99,48.57,"52,123,090",,
1/19/2024,48.5,48.57,47.61,48.3,"56,723,510",,
1/18/2024,48,48.58,47.8,48.53,"40,543,990",,
1/17/2024,48.45,48.62,47.53,48.03,"48,945,930",,
1/16/2024,49,49.42,47.8,48.12,"46,789,740",,
1/12/2024,50.05,50.08,49.06,49.22,"50,037,180",,
1/11/2024,49.25,50.34,48.38,49.22,"79,932,650",,
1/10/2024,48.16,48.7,47.3,47.83,"43,424,480",,
1/9/2024,47.55,48.51,47.38,48.21,"35,267,570",,
1/8/2024,47.39,48.52,47.36,48.5,"36,757,750",,
1/5/2024,47.65,47.95,47.18,47.41,"26,312,500",,
1/4/2024,47.3,48.07,46.65,47.47,"36,365,130",,
1/3/2024,46.73,47.51,46.58,47.03,"34,436,940",,
1/2/2024,48.32,48.46,46.19,46.85,"50,494,230",,
12/29/2023,49.04,49.22,48.19,48.69,"27,405,550",,
12/28/2023,49.2,49.29,48.91,49.05,"17,104,920",,
12/27/2023,49.12,49.4,48.93,49.18,"25,613,300",,
12/26/2023,48.94,49.15,48.64,49.12,"20,345,170",,
12/22/2023,49.4,49.6,48.55,48.68,"27,026,720",,
12/21/2023,49.27,49.44,48.68,49.16,"27,562,250",,
12/20/2023,49.2,50.09,48.84,48.93,"45,636,900",,
12/19/2023,48.84,49.61,48.41,49.5,"38,490,140",,
12/18/2023,47.63,49.2,47.51,48.61,"64,106,600",,
12/15/2023,46.73,47.3,46.73,47.21,"78,409,920",,
12/14/2023,48.04,48.08,46.48,46.98,"51,764,370",,
12/13/2023,46.2,48.13,46.2,48,"58,201,920",,
12/12/2023,46.52,46.56,45.92,46.3,"33,026,600",,
12/11/2023,45.94,47.07,45.72,45.99,"49,296,620",,
12/8/2023,45.08,45.55,45.08,45.38,"34,583,840",,
12/7/2023,45.09,45.29,44.83,45.2,"35,067,220",,
12/6/2023,46,46.05,44.57,44.67,"41,787,550",,
12/5/2023,45.07,45.64,44.96,45.52,"33,806,740",,
12/4/2023,46.1,46.12,45.12,45.39,"51,577,130",,
12/1/2023,47.32,47.52,46.46,46.57,"43,414,710",,
11/30/2023,47.53,47.86,47.04,47.4,"42,873,490",,
11/29/2023,47.9,48.1,47.45,47.72,"28,555,400",,
11/28/2023,47.81,48.05,47.6,47.9,"28,901,640",,
11/27/2023,47.9,48.2,47.54,47.92,"36,259,240",,
11/24/2023,47.71,48.04,47.52,47.96,"14,047,320",,
11/22/2023,47.68,48.27,47.66,47.8,"28,438,910",,
11/21/2023,47.26,47.7,47.12,47.5,"29,977,230",,
11/20/2023,46.54,47.68,46.54,47.45,"36,210,950",,
11/17/2023,46.7,46.77,46.28,46.59,"28,002,140",,
11/16/2023,46.3,46.73,45.96,46.7,"36,559,740",,
11/15/2023,45.28,46.27,45.25,46.19,"50,352,830",,
11/14/2023,44.88,45.41,44.56,44.86,"40,608,840",,
11/13/2023,44.73,44.84,44.26,44.46,"28,961,430",,
11/10/2023,43.75,44.75,43.55,44.72,"44,432,840",,
11/9/2023,43.8,44.04,43.44,43.52,"27,355,070",,
11/8/2023,43.5,43.81,43.37,43.67,"23,568,450",,
11/7/2023,43.62,43.76,43.1,43.46,"32,910,640",,
11/6/2023,43.44,43.5,42.96,43.47,"30,032,350",,
11/3/2023,42.88,43.48,42.55,43.24,"36,670,510",,
11/2/2023,42.12,42.67,41.71,42.47,"44,759,840",,
11/1/2023,41.48,42.06,41.42,42.02,"48,061,080",,
10/31/2023,40.92,41.25,40.46,41.17,"38,776,230",,
10/30/2023,40.24,41.28,39.94,41.01,"53,171,470",,
10/27/2023,40.64,41.02,39.56,39.79,"49,976,120",,
10/26/2023,41.14,41.73,40.15,40.35,"68,497,020",,
10/25/2023,41.6,41.88,41.01,41.13,"62,995,870",,
10/24/2023,40.97,41.67,40.84,41.37,"64,592,470",,
10/23/2023,40.33,40.75,39.85,40.68,"73,900,320",,
10/20/2023,40.56,41.06,39.8,40.1,"127,829,220",,
10/19/2023,40.47,40.89,39.23,40.18,"280,744,160",,
10/18/2023,35.1,35.48,34.47,34.62,"114,296,430",,
10/17/2023,36.11,36.27,35.39,35.57,"59,084,120",,
10/16/2023,35.62,36.31,35.48,36.08,"51,289,470",,
10/13/2023,35.56,35.89,35.21,35.57,"63,163,200",,
10/12/2023,36.65,36.88,35.91,36.12,"73,760,860",,
10/11/2023,37.28,37.78,36.53,36.59,"91,513,950",,
10/10/2023,38.56,38.87,37.23,37.33,"72,889,390",,
10/9/2023,37.81,38.72,37.78,38.6,"32,998,020",,
10/6/2023,36.84,38.25,36.78,38.15,"47,781,180",,
10/5/2023,37.8,37.86,36.72,37.26,"50,347,730",,
10/4/2023,37.65,38.02,37.36,37.69,"43,036,580",,
10/3/2023,37.71,39.49,37.28,37.68,"88,781,340",,
10/2/2023,37.75,38.48,37.68,38.03,"31,021,010",,
9/29/2023,38,38.26,37.54,37.76,"42,052,980",,
9/28/2023,37.56,37.9,37.11,37.64,"43,699,060",,
9/27/2023,38.24,38.42,37.63,37.76,"38,435,210",,
9/26/2023,38.29,38.46,37.74,37.93,"40,893,920",,
9/25/2023,38.29,38.66,38.08,38.48,"37,572,780",,
9/22/2023,38.5,38.69,37.84,37.98,"36,997,960",,
9/21/2023,38.65,39.59,38.34,38.42,"55,563,880",,
9/20/2023,39.71,39.8,38.61,38.63,"38,666,190",,
9/19/2023,39.28,39.82,39.02,39.62,"40,800,540",,
9/18/2023,39.55,39.95,39.26,39.44,"47,047,060",,
9/15/2023,40.1,40.47,39.5,39.69,"91,167,450",,
9/14/2023,41.04,41.14,40,40.05,"107,090,430",,
9/13/2023,43.55,43.84,41.07,41.22,"118,430,270",,
9/12/2023,44.29,44.54,43.41,43.47,"31,240,240",,
9/11/2023,44.31,44.99,44.28,44.54,"29,137,670",,
9/8/2023,44.36,44.68,43.89,44.28,"27,043,530",,
9/7/2023,44.11,44.46,43.67,44.31,"29,226,760",,
9/6/2023,44.86,45.14,44.05,44.58,"38,622,740",,
9/5/2023,43.84,45.35,43.8,44.87,"61,558,650",,
9/1/2023,43.77,44.55,43.59,43.99,"47,933,790",,
8/31/2023,43.12,43.71,43.12,43.37,"38,029,540",,
8/30/2023,43.09,43.82,42.84,43.47,"36,253,800",,
8/29/2023,41.6,43.22,41.45,43,"44,867,030",,
8/28/2023,41.8,41.98,41.33,41.81,"29,286,130",,
8/25/2023,41.2,41.93,40.76,41.6,"53,909,330",,
8/24/2023,42.54,42.76,40.62,40.69,"56,877,990",,
8/23/2023,41.84,43.7,41.77,42.76,"81,747,320",,
8/22/2023,40.9,41.57,40.74,41.32,"36,032,730",,
8/21/2023,40.22,40.96,39.95,40.83,"38,615,790",,
8/18/2023,39.93,40.65,39.82,40.45,"43,121,960",,
8/17/2023,41.5,41.52,40.16,40.3,"60,314,690",,
8/16/2023,42.37,42.45,41.53,41.55,"39,670,210",,
8/15/2023,42.44,42.91,42.1,42.37,"33,679,980",,
8/14/2023,42.2,42.88,41.88,42.78,"39,659,630",,
8/11/2023,42.9,43.06,42.13,42.17,"39,279,140",,
8/10/2023,43.11,43.81,42.87,43,"54,676,070",,
8/9/2023,43.97,44.06,42.76,42.89,"38,466,390",,
8/8/2023,44.04,44.36,43.51,43.83,"37,671,950",,
8/7/2023,43.65,44.11,42.89,44.08,"47,813,030",,
8/4/2023,43.31,43.65,42.63,43.16,"54,418,110",,
8/3/2023,42.78,44.19,42.72,43.1,"62,593,090",,
8/2/2023,43.52,43.56,42.66,42.97,"49,217,810",,
8/1/2023,43.74,44.52,43.14,43.86,"57,255,440",,
7/31/2023,42.65,43.91,42.63,43.9,"65,876,190",,
7/28/2023,41.56,42.75,41.38,42.58,"64,280,730",,
7/27/2023,42.69,42.75,41.19,41.32,"65,944,660",,
7/26/2023,42.42,42.53,41.56,42.27,"60,092,420",,
7/25/2023,42.72,43.09,42.61,42.77,"48,598,430",,
7/24/2023,42.5,42.86,41.92,42.84,"82,824,340",,
7/21/2023,43.74,43.82,42.32,42.75,"173,400,280",,
7/20/2023,44.7,44.85,43.2,43.74,"239,897,110",,
7/19/2023,47.69,48.5,47,47.76,"209,964,810",,
7/18/2023,45.1,47.82,44.88,47.48,"131,968,770",,
7/17/2023,44.56,45.67,44.51,45.01,"69,011,410",,
7/14/2023,45.28,45.65,43.97,44.19,"71,958,600",,
7/13/2023,44.7,45.17,44.12,45.04,"61,574,750",,
7/12/2023,44.46,44.54,43.77,44.41,"57,316,570",,
7/11/2023,43.86,44.08,43.1,44.02,"45,745,590",,
7/10/2023,43.85,44.44,43.68,44.17,"42,517,370",,
7/7/2023,43.86,44.23,43.58,43.81,"41,651,440",,
7/6/2023,44,44.28,43.07,43.88,"49,448,920",,
7/5/2023,44.49,45.1,43.96,44.59,"68,754,140",,
7/3/2023,43.98,44.15,43.16,44.14,"37,332,070",,
6/30/2023,43.11,44.41,43.11,44.05,"73,463,940",,
6/29/2023,43.43,43.79,42.61,42.82,"49,323,100",,
6/28/2023,42.31,43.73,42.29,42.98,"88,113,420",,
6/27/2023,41.74,42.09,41.15,41.71,"48,180,660",,
6/26/2023,42.24,43.1,41.49,41.59,"46,400,220",,
6/23/2023,41.86,42.58,41.77,42.4,"82,986,000",,
6/22/2023,42.29,42.47,41.87,42.25,"48,722,460",,
6/21/2023,43.27,43.46,42.25,42.45,"51,464,410",,
6/20/2023,43.02,44,43,43.47,"47,623,130",,
6/16/2023,44.61,44.75,43.09,43.2,"87,537,400",,
6/15/2023,44.41,44.86,43.95,44.53,"70,999,150",,
6/14/2023,43.5,44.73,43.35,44.09,"84,130,890",,
6/13/2023,43,43.73,42.84,43.57,"78,205,350",,
6/12/2023,41.88,42.47,41.66,42.4,"59,677,120",,
6/9/2023,42.45,42.59,41.48,42,"123,728,270",,
6/8/2023,39.98,40.95,39.63,40.94,"59,910,870",,
6/7/2023,41.04,41.89,39.92,39.98,"119,323,920",,
6/6/2023,40.5,40.51,39.69,39.93,"49,915,320",,
6/5/2023,40.05,41.39,40.02,40.35,"72,474,130",,
6/2/2023,40.29,40.66,39.59,40.05,"59,023,810",,
6/1/2023,39.74,40.75,39.31,40.31,"71,601,450",,
5/31/2023,39.19,39.63,38.89,39.52,"69,880,470",,
5/30/2023,39.75,40.51,38.58,39.3,"108,649,900",,
5/26/2023,36.11,38.38,35.6,37.89,"93,604,360",,
5/25/2023,35.96,36.74,35.74,35.9,"62,631,050",,
5/24/2023,35.69,36.72,35.66,36.49,"79,733,160",,
5/23/2023,36.02,36.42,35.43,35.6,"68,660,780",,
5/22/2023,36.54,37.2,36.25,36.3,"54,064,200",,
5/19/2023,36.99,37,36.38,36.54,"78,597,030",,
5/18/2023,34.73,37.59,34.64,37.13,"209,252,350",,
5/17/2023,33.18,34.14,32.96,34,"39,588,070",,
5/16/2023,33.4,33.52,33.19,33.38,"33,348,630",,
5/15/2023,34.06,34.19,33.55,33.59,"36,529,700",,
5/12/2023,34.48,34.82,33.74,33.99,"60,823,600",,
5/11/2023,33.5,34.55,33.18,34.48,"80,335,310",,
5/10/2023,33.52,33.71,32.95,33.54,"42,898,970",,
5/9/2023,33.07,33.63,32.97,33.21,"55,448,520",,
5/8/2023,32.3,33.26,32.2,33.12,"54,885,930",,
5/5/2023,32.36,32.42,31.94,32.28,"39,906,370",,
5/4/2023,31.9,32.36,31.79,32.08,"38,796,570",,
5/3/2023,31.76,32.46,31.59,31.93,"50,640,570",,
5/2/2023,32.5,32.61,31.56,31.76,"43,186,120",,
5/1/2023,32.94,33.12,31.81,32.41,"53,414,840",,
4/28/2023,32.52,33.08,32.4,32.99,"42,283,740",,
4/27/2023,32.43,32.75,31.74,32.59,"56,187,680",,
4/26/2023,32.14,32.59,32.05,32.11,"46,232,380",,
4/25/2023,32.85,32.87,32.11,32.26,"54,266,420",,
4/24/2023,33.02,33.47,32.68,32.9,"55,866,270",,
4/21/2023,32.3,32.83,31.95,32.8,"63,480,000",,
4/20/2023,32.04,33.14,31.83,32.54,"99,478,000",,
4/19/2023,32.42,32.58,31.61,32.31,"221,282,670",,
4/18/2023,33.5,33.72,33.05,33.37,"179,444,960",,
4/17/2023,33.8,33.84,32.75,33.27,"61,360,470",,
4/14/2023,34.29,34.49,33.64,33.86,"53,505,080",,
4/13/2023,34,34.64,33.88,34.62,"74,064,370",,
4/12/2023,34.08,34.28,33,33.1,"39,654,400",,
4/11/2023,34.35,34.71,33.76,33.82,"40,447,780",,
4/10/2023,33.53,33.99,33.34,33.9,"26,578,980",,
4/6/2023,33.93,34.05,33.26,33.93,"46,605,420",,
4/5/2023,34.53,34.54,33.63,34.24,"42,055,450",,
4/4/2023,34.85,34.98,34.39,34.68,"32,980,720",,
4/3/2023,34.18,34.86,34.04,34.83,"44,136,500",,
3/31/2023,34.01,34.58,33.72,34.55,"56,101,610",,
3/30/2023,34.03,34.33,33.53,33.84,"71,314,680",,
3/29/2023,32.63,33.29,32.57,33.2,"62,873,360",,
3/28/2023,32.61,33.33,32.13,32.35,"64,893,880",,
3/27/2023,32.76,33.64,32.44,32.77,"86,257,630",,
3/24/2023,32.06,33.18,32.06,32.84,"130,040,850",,
3/23/2023,30.47,32.28,30.41,32.04,"156,533,470",,
3/22/2023,30.63,30.65,29.35,29.39,"58,080,350",,
3/21/2023,30.63,30.79,30.04,30.58,"48,862,790",,
3/20/2023,29.98,30.75,29.6,30.51,"51,134,300",,
3/17/2023,31.01,31.08,30,30.35,"69,187,770",,
3/16/2023,30.48,31.66,30.17,31.01,"79,123,710",,
3/15/2023,29.25,30.63,29.23,30.38,"92,153,400",,
3/14/2023,29.6,29.74,29.03,29.49,"59,566,920",,
3/13/2023,28.73,29.92,28.53,29.35,"62,923,850",,
3/10/2023,29.79,29.88,28.9,29.28,"57,593,150",,
3/9/2023,31.21,31.25,29.49,29.78,"74,433,500",,
3/8/2023,30.93,31.18,30.58,31.18,"34,794,740",,
3/7/2023,31.27,31.43,30.66,30.85,"45,530,820",,
3/6/2023,31.7,32.33,31.18,31.2,"56,607,430",,
3/3/2023,31.54,31.75,31.08,31.52,"59,533,190",,
3/2/2023,31.1,31.56,31.04,31.19,"49,210,530",,
3/1/2023,32.16,32.66,31.24,31.35,"49,113,110",,
2/28/2023,32.37,32.76,32.12,32.21,"36,760,750",,
2/27/2023,32.39,33,32.21,32.3,"61,425,800",,
2/24/2023,31.93,32.15,31.45,31.71,"68,306,920",,
2/23/2023,33.12,33.13,31.43,32.36,"132,386,730",,
2/22/2023,33.75,34.19,33.28,33.49,"45,462,490",,
2/21/2023,34.29,34.41,33.64,33.75,"57,102,920",,
2/17/2023,34.79,34.9,34.24,34.8,"52,947,270",,
2/16/2023,35.5,36.15,35.03,35.07,"52,157,260",,
2/15/2023,35.66,36.29,35.42,36.14,"39,699,450",,
2/14/2023,35.76,36.38,35.34,36,"46,247,580",,
2/13/2023,34.95,35.97,34.43,35.86,"71,344,450",,
2/10/2023,35.92,36.21,34.71,34.74,"72,910,960",,
2/9/2023,37.24,37.38,36.17,36.25,"69,011,000",,
2/8/2023,36,36.82,35.83,36.68,"62,531,790",,
2/7/2023,35.85,36.42,35.42,36.3,"62,893,680",,
2/6/2023,36.36,36.85,36.07,36.15,"49,949,420",,
2/3/2023,35.91,37.94,35.9,36.59,"94,020,340",,
2/2/2023,36.52,36.83,35.84,36.69,"78,569,520",,
2/1/2023,35.39,36.54,34.99,36.2,"80,051,700",,
1/31/2023,35,35.6,34.87,35.39,"56,607,380",,
1/30/2023,35.84,36.1,35.29,35.31,"51,275,930",,
1/27/2023,36.32,36.59,36.06,36.08,"67,035,480",,
1/26/2023,36.88,36.9,36.17,36.49,"82,568,440",,
1/25/2023,36.06,36.89,35.85,36.8,"77,669,070",,
1/24/2023,35.75,36.57,35.51,36.38,"117,965,280",,
1/23/2023,34.17,36.22,34.06,35.74,"156,468,530",,
1/20/2023,33.68,34.4,33.26,34.25,"284,303,390",,
1/19/2023,32.26,32.49,31.34,31.58,"180,081,950",,
1/18/2023,32.68,33.01,32.13,32.63,"78,141,150",,
1/17/2023,33.11,33.25,32.36,32.62,"92,469,870",,
1/13/2023,33,33.67,32.89,33.28,"82,868,160",,
1/12/2023,33.25,33.3,32.31,33.01,"108,562,460",,
1/11/2023,32.65,32.89,32.14,32.73,"95,796,810",,
1/10/2023,31.11,32.94,31.11,32.75,"130,722,860",,
1/9/2023,31.68,32.17,31.32,31.52,"67,666,280",,
1/6/2023,31.16,31.68,30.37,31.56,"89,598,390",,
1/5/2023,30.7,31.42,30.45,30.97,"83,283,900",,
1/4/2023,29.82,31.11,29.55,30.94,"93,450,540",,
1/3/2023,29.81,29.84,28.87,29.49,"67,639,640",,
12/30/2022,28.55,29.5,28.32,29.49,"75,668,920",,
12/29/2022,28.32,29.55,28.1,29.11,"95,885,270",,
12/28/2022,28.19,28.52,27.34,27.69,"59,643,690",,
12/27/2022,29.32,29.36,28.21,28.42,"57,780,980",,
12/23/2022,29.62,29.85,29.19,29.5,"42,511,080",,
12/22/2022,29.81,29.89,29.08,29.78,"78,561,920",,
12/21/2022,29,30.07,28.65,29.8,"63,761,730",,
12/20/2022,28.12,28.93,28.08,28.82,"69,181,140",,
12/19/2022,28.97,29.23,28.61,28.83,"61,636,670",,
12/16/2022,28.88,29.47,28.87,29.07,"140,800,450",,
12/15/2022,30.21,30.34,28.66,29.04,"177,245,560",,
12/14/2022,31.9,32.47,31.44,31.78,"75,432,910",,
12/13/2022,32.8,33.27,31.72,32.03,"107,564,280",,
12/12/2022,32,32.32,30.89,31.52,"101,486,140",,
12/9/2022,32.14,32.9,31.95,32,"143,640,320",,
12/8/2022,30.91,31.24,30.48,31.03,"72,053,260",,
12/7/2022,30.65,30.96,30.21,30.84,"78,216,340",,
12/6/2022,31.1,31.32,30.31,30.56,"71,953,950",,
12/5/2022,31.65,32.28,31.09,31.26,"84,230,290",,
12/2/2022,31.05,32.2,31,32.04,"126,906,020",,
12/1/2022,30.4,31.98,30.3,31.7,"146,648,660",,
11/30/2022,28.14,30.83,28.04,30.55,"160,701,200",,
11/29/2022,28.25,28.3,27.59,28.1,"57,868,740",,
11/28/2022,28.4,28.96,28.05,28.12,"47,070,490",,
11/25/2022,28.9,28.92,28.42,28.55,"32,359,530",,
11/23/2022,28.59,29.25,28.38,29.15,"59,189,880",,
11/22/2022,28.5,28.7,27.73,28.67,"62,451,190",,
11/21/2022,29.1,29.19,28.27,28.51,"72,565,070",,
11/18/2022,29.73,29.8,28.7,28.8,"84,001,080",,
11/17/2022,29.47,29.98,29.1,29.53,"98,382,200",,
11/16/2022,30.99,31.05,30.36,30.6,"80,385,560",,
11/15/2022,30.92,31.27,30.26,31.02,"146,269,320",,
11/14/2022,29,31.1,28.82,29.93,"179,733,980",,
11/11/2022,27.45,29.07,27.16,29.01,"95,738,340",,
11/10/2022,26.6,27.54,26.01,27.5,"96,673,230",,
11/9/2022,25.97,26.09,25.42,25.47,"72,659,940",,
11/8/2022,25.99,26.61,25.69,26.35,"76,838,260",,
11/7/2022,26.11,26.12,25.21,25.86,"79,270,330",,
11/4/2022,27.2,27.5,25.53,26.08,"111,246,940",,
11/3/2022,27.13,27.63,26.88,26.91,"70,573,500",,
11/2/2022,28.64,28.73,27.28,27.3,"103,676,200",,
11/1/2022,29.62,29.97,28.64,28.68,"69,164,240",,
10/31/2022,29.51,29.76,28.95,29.19,"75,051,330",,
10/28/2022,29.77,30.12,29.23,29.57,"99,605,470",,
10/27/2022,29.83,30.52,29.48,29.69,"146,125,860",,
10/26/2022,29,30.56,28.8,29.86,"157,492,520",,
10/25/2022,28.7,29.76,28.56,29.1,"151,007,180",,
10/24/2022,29.02,29.05,28.04,28.24,"133,264,180",,
10/21/2022,26.9,29.08,26.57,28.96,"248,890,550",,
10/20/2022,27.28,27.84,26.64,26.82,"172,071,040",,
10/19/2022,26.5,27.93,26.27,27.24,"466,852,550",,
10/18/2022,24.98,25.04,23.77,24.09,"257,767,310",,
10/17/2022,23.44,24.99,23.44,24.51,"210,578,240",,
10/14/2022,23.78,23.88,22.95,23,"152,934,000",,
10/13/2022,21.27,23.45,21.17,23.25,"175,050,120",,
10/12/2022,21.43,22.37,21.26,22.09,"129,526,430",,
10/11/2022,22.61,23.04,21.37,21.43,"152,824,110",,
10/10/2022,22.56,23.38,22.42,23,"99,911,450",,
10/7/2022,23.58,23.73,22.43,22.48,"98,061,280",,
10/6/2022,23.67,24.43,23.39,24,"91,889,400",,
10/5/2022,23.88,24.16,22.74,23.67,"108,256,330",,
10/4/2022,24.48,24.58,23.33,24.07,"139,258,540",,
10/3/2022,23.79,24.15,23.29,23.9,"86,574,430",,
9/30/2022,23.7,24.24,23.33,23.54,"118,486,070",,
9/29/2022,24.16,24.7,23.57,23.97,"189,949,430",,
9/28/2022,22.97,24.67,22.74,24.52,"175,796,700",,
9/27/2022,22.86,23.06,22.07,22.44,"77,622,230",,
9/26/2022,22.56,23.27,22.3,22.41,"82,342,850",,
9/23/2022,23.51,23.64,22.14,22.64,"112,072,280",,
9/22/2022,23.54,24.05,23.17,23.71,"100,179,650",,
9/21/2022,24.27,24.83,23.67,23.69,"91,667,720",,
9/20/2022,24.04,25.05,23.97,24.29,"160,374,310",,
9/19/2022,24.51,24.53,23.58,24.36,"179,123,700",,
9/16/2022,23.12,24.14,22.78,24.01,"189,141,770",,
9/15/2022,23.05,24.23,22.91,23.54,"194,541,220",,
9/14/2022,21.98,22.8,21.58,22.41,"82,303,400",,
9/13/2022,22.65,22.77,21.77,21.81,"80,001,280",,
9/12/2022,23.36,23.95,23.34,23.65,"60,474,250",,
9/9/2022,22.96,23.48,22.96,23.36,"67,020,600",,
9/8/2022,22.42,22.87,22.13,22.74,"67,374,360",,
9/7/2022,22.02,22.93,21.83,22.9,"81,493,290",,
9/6/2022,22.56,22.69,21.47,21.84,"74,690,160",,
9/2/2022,23.1,23.39,22.5,22.61,"81,648,830",,
9/1/2022,22.07,23.04,21.95,23,"72,929,170",,
8/31/2022,22.7,23.39,22.34,22.36,"86,159,060",,
8/30/2022,22.67,22.98,21.87,22.07,"57,404,340",,
8/29/2022,22.19,22.99,22.15,22.46,"71,093,970",,
8/26/2022,23.36,23.7,22.32,22.33,"53,498,480",,
8/25/2022,23.02,23.42,22.9,23.4,"37,668,670",,
8/24/2022,22.57,23.41,22.39,22.96,"54,263,160",,
8/23/2022,22.65,22.99,22.43,22.46,"52,769,450",,
8/22/2022,23.26,23.35,22.46,22.65,"86,300,940",,
8/19/2022,24.1,24.33,23.57,24.12,"75,047,070",,
8/18/2022,24.2,24.65,23.93,24.52,"52,803,870",,
8/17/2022,24.12,24.42,23.76,24.12,"56,272,240",,
8/16/2022,24.72,24.93,24.4,24.57,"51,368,060",,
8/15/2022,24.81,25.2,24.75,24.91,"65,273,910",,
8/12/2022,24.48,24.94,24.38,24.93,"60,985,310",,
8/11/2022,24.47,25.16,24.15,24.27,"87,800,620",,
8/10/2022,23.7,24.45,23.66,24.41,"92,547,600",,
8/9/2022,23.16,23.22,22.47,22.99,"61,811,940",,
8/8/2022,22.75,24.2,22.64,23.35,"109,974,090",,
8/5/2022,22.53,22.86,22.29,22.68,"55,397,330",,
8/4/2022,22.77,23.21,22.51,22.99,"71,427,410",,
8/3/2022,22.48,22.81,22.24,22.67,"64,007,010",,
8/2/2022,22.28,22.82,22.09,22.14,"63,613,270",,
8/1/2022,22.31,22.84,22.1,22.62,"55,250,440",,
7/29/2022,22.33,23.08,22.24,22.49,"90,649,370",,
7/28/2022,22.46,22.81,21.97,22.6,"89,727,380",,
7/27/2022,21.65,22.78,21.46,22.68,"105,083,850",,
7/26/2022,21.67,21.94,21.16,21.39,"95,085,320",,
7/25/2022,22.13,22.52,21.63,21.85,"109,352,470",,
7/22/2022,22.24,22.94,21.84,22.04,"178,054,520",,
7/21/2022,21.43,22.43,21.15,22.39,"234,301,170",,
7/20/2022,20.82,21.7,20.01,21.64,"539,202,660",,
7/19/2022,19.3,20.2,18.84,20.16,"281,787,160",,
7/18/2022,19.25,19.97,18.98,19.09,"163,228,450",,
7/15/2022,17.56,18.92,17.46,18.91,"163,191,160",,
7/14/2022,17.56,17.75,17.18,17.48,"90,394,570",,
7/13/2022,17.05,17.92,16.97,17.66,"127,344,210",,
7/12/2022,17.73,17.98,17.34,17.45,"68,452,640",,
7/11/2022,18.47,18.5,17.69,17.73,"60,484,470",,
7/8/2022,18.6,18.99,18.28,18.7,"58,356,800",,
7/7/2022,18.43,19.02,18.35,18.93,"63,345,450",,
7/6/2022,18.52,18.62,18.08,18.41,"57,533,850",,
7/5/2022,17.63,18.59,17.27,18.59,"73,390,230",,
7/1/2022,17.65,18.01,17.43,17.99,"52,015,830",,
6/30/2022,17.71,17.95,17.03,17.49,"78,947,100",,
6/29/2022,17.96,18.07,17.51,17.84,"57,668,470",,
6/28/2022,18.92,19.22,17.94,17.96,"72,018,970",,
6/27/2022,19.18,19.18,18.24,18.91,"83,638,790",,
6/24/2022,18.35,19.12,18.18,19.09,"124,239,740",,
6/23/2022,18.05,18.28,17.59,18.17,"95,382,260",,
6/22/2022,17.08,18.28,17.02,17.89,"120,106,150",,
6/21/2022,17.76,17.86,16.98,17.09,"121,775,920",,
6/17/2022,17.36,17.97,17.33,17.55,"121,333,720",,
6/16/2022,17.4,17.63,17.16,17.34,"82,013,060",,
6/15/2022,16.93,18.38,16.85,18.01,"123,960,410",,
6/14/2022,16.98,17.21,16.43,16.75,"115,553,230",,
6/13/2022,17.71,17.91,16.9,16.97,"102,224,070",,
6/10/2022,18.26,18.59,18.09,18.29,"130,742,800",,
6/9/2022,20.07,20.17,19.25,19.28,"69,489,670",,
6/8/2022,19.79,20.74,19.76,20.28,"72,441,210",,
6/7/2022,19.49,19.96,19.3,19.86,"48,394,910",,
6/6/2022,20.21,20.39,19.54,19.71,"53,720,430",,
6/3/2022,20.01,20.29,19.81,19.9,"71,917,750",,
6/2/2022,19.2,20.55,19.17,20.51,"96,231,210",,
6/1/2022,19.87,20.27,19.17,19.29,"84,161,510",,
5/31/2022,19.62,19.99,19.08,19.74,"113,984,600",,
5/27/2022,19.32,19.53,19.04,19.52,"85,859,870",,
5/26/2022,18.65,19.23,18.31,19.14,"80,499,330",,
5/25/2022,18.03,18.89,18.02,18.78,"85,220,920",,
5/24/2022,18.2,18.4,17.72,18.03,"77,063,720",,
5/23/2022,18.62,18.77,17.79,18.74,"96,020,270",,
5/20/2022,18.59,19.02,17.98,18.63,"104,293,960",,
5/19/2022,17.8,18.63,17.57,18.35,"104,485,130",,
5/18/2022,18.67,18.77,17.63,17.72,"96,656,320",,
5/17/2022,18.92,19.14,18.52,19.06,"98,766,850",,
5/16/2022,19.33,19.59,18.57,18.65,"161,450,110",,
5/13/2022,17.72,18.78,17.6,18.76,"131,363,340",,
5/12/2022,16.4,17.76,16.27,17.43,"176,621,180",,
5/11/2022,17.61,18.09,16.56,16.64,"126,655,180",,
5/10/2022,17.6,18.19,17.06,17.77,"138,839,050",,
5/9/2022,17.77,18.32,17.23,17.31,"140,313,270",,
5/6/2022,18.68,18.72,17.58,18.1,"171,854,750",,
5/5/2022,20.04,20.07,18.6,18.83,"139,713,260",,
5/4/2022,19.77,20.44,19.1,20.4,"122,187,810",,
5/3/2022,19.83,20.32,19.48,19.99,"118,394,310",,
5/2/2022,19.17,20.02,19,19.95,"145,916,020",,
4/29/2022,19.87,20.47,19,19.04,"163,918,890",,
4/28/2022,19.16,20.15,18.56,19.95,"213,631,620",,
4/27/2022,19.4,20.02,18.78,18.85,"222,983,940",,
4/26/2022,20.88,20.92,19.83,19.84,"203,180,890",,
4/25/2022,21.38,21.67,20.45,20.99,"281,520,450",,
4/22/2022,22.02,22.63,21.01,21.55,"375,151,270",,
4/21/2022,22,22.77,21.15,21.82,"535,016,030",,
4/20/2022,24.52,24.87,21.25,22.62,"1,333,874,800",,
4/19/2022,33.32,35.17,33.32,34.86,"209,068,850",,
4/18/2022,34,34.24,33.16,33.79,"51,050,410",,
4/14/2022,35.1,35.2,33.99,34.11,"43,438,370",,
4/13/2022,34.39,35.2,34.12,35.04,"32,309,500",,
4/12/2022,35.59,35.94,34.23,34.41,"38,242,610",,
4/11/2022,35,35.48,34.52,34.8,"37,770,960",,
4/8/2022,36.2,36.25,35.49,35.59,"40,251,830",,
4/7/2022,36.5,36.85,35.37,36.21,"49,489,090",,
4/6/2022,37.42,37.65,36.27,36.84,"43,548,850",,
4/5/2022,38.93,39,37.73,38.02,"42,345,080",,
4/4/2022,37.36,39.6,37.31,39.15,"70,092,350",,
4/1/2022,37.68,38.09,36.85,37.35,"46,442,370",,
3/31/2022,38.36,38.4,37.36,37.46,"41,347,200",,
3/30/2022,38.96,39.27,37.86,38.15,"40,233,010",,
3/29/2022,38.44,39.65,38.03,39.18,"58,807,230",,
3/28/2022,37.52,38.03,36.67,37.85,"43,234,350",,
3/25/2022,37.71,37.76,36.64,37.39,"35,759,530",,
3/24/2022,37.98,37.98,36.89,37.57,"38,884,610",,
3/23/2022,37.98,38.25,37.45,37.45,"37,289,540",,
3/22/2022,37.11,38.67,36.68,38.29,"42,427,620",,
3/21/2022,37.8,38.18,36.89,37.46,"48,664,630",,
3/18/2022,37.2,38.18,36.85,38.06,"83,248,250",,
3/17/2022,35.97,37.33,35.49,37.14,"58,183,480",,
3/16/2022,34.82,36,34.31,35.75,"69,824,690",,
3/15/2022,33.51,34.54,33.24,34.38,"54,606,400",,
3/14/2022,33.87,34.13,32.98,33.1,"59,078,170",,
3/11/2022,36.12,36.34,34,34.03,"48,199,250",,
3/10/2022,35.62,36.7,35.33,35.68,"48,077,670",,
3/9/2022,35.77,36.41,35.05,35.88,"65,201,860",,
3/8/2022,34.98,35.89,34.07,34.18,"64,286,550",,
3/7/2022,36.04,36.2,35.02,35.03,"57,083,830",,
3/4/2022,36.8,37.48,35.72,36.17,"53,291,800",,
3/3/2022,38.6,38.61,36.46,36.81,"60,768,360",,
3/2/2022,38.89,38.92,37.52,38,"53,568,090",,
3/1/2022,39.16,39.5,38.37,38.62,"32,904,390",,
2/28/2022,38.73,39.78,38.21,39.45,"50,350,460",,
2/25/2022,38.66,39.13,37.56,39.08,"48,416,360",,
2/24/2022,35.51,39.07,35.47,39,"70,687,240",,
2/23/2022,38.27,38.6,36.67,36.75,"46,142,900",,
2/22/2022,38.89,39.24,37.3,37.74,"66,975,150",,
2/18/2022,39.25,40.29,38.9,39.13,"68,016,680",,
2/17/2022,39.42,39.91,38.57,38.67,"46,692,220",,
2/16/2022,40.15,40.16,39.04,39.81,"52,776,500",,
2/15/2022,40.38,40.92,40.1,40.75,"53,956,410",,
2/14/2022,38.76,40.94,38.69,39.66,"72,021,550",,
2/11/2022,40.53,41.16,38.77,39.13,"75,589,390",,
2/10/2022,40.21,40.8,39.64,40.63,"84,529,150",,
2/9/2022,40.86,41.3,39.88,41.29,"77,382,270",,
2/8/2022,39.82,40.66,39.58,40.35,"68,185,430",,
2/7/2022,41.02,41.24,39.36,40.21,"82,328,590",,
2/4/2022,40.73,41.28,39.66,41.02,"77,897,980",,
2/3/2022,42.14,42.93,40.43,40.56,"99,052,100",,
2/2/2022,44.83,45.2,42.65,42.95,"143,460,100",,
2/1/2022,43.3,45.85,42.55,45.71,"225,680,990",,
1/31/2022,40.2,42.77,39.82,42.71,"200,474,520",,
1/28/2022,38.68,38.7,37.21,38.44,"119,666,050",,
1/27/2022,38.21,39.48,37.81,38.67,"243,247,470",,
1/26/2022,37.83,38.27,35.66,35.97,"126,839,810",,
1/25/2022,37.91,38.77,36.51,36.64,"151,458,160",,
1/24/2022,38.39,38.73,35.15,38.71,"323,867,820",,
1/21/2022,40.04,40.91,38,39.75,"589,042,660",,
1/20/2022,51.77,52.66,50.69,50.83,"126,589,930",,
1/19/2022,51.5,52.32,51.05,51.59,"43,535,080",,
1/18/2022,52.01,52.18,50.87,51.08,"48,444,180",,
1/14/2022,51.76,53.84,51.19,52.57,"78,611,090",,
1/13/2022,53.71,54.08,51.83,51.92,"44,750,630",,
1/12/2022,54.43,54.43,53.2,53.72,"37,873,720",,
1/11/2022,53.7,54.39,53.01,54.08,"30,778,360",,
1/10/2022,53.85,54.37,52.63,53.99,"44,861,450",,
1/7/2022,54.95,55.34,53.82,54.11,"33,828,730",,
1/6/2022,55.43,56.34,54.2,55.33,"57,117,950",,
1/5/2022,59.2,59.28,56.69,56.75,"41,487,490",,
1/4/2022,59.99,60.04,58.16,59.11,"43,931,350",,
1/3/2022,60.56,61,59.06,59.74,"30,688,080",,
12/31/2021,61,61.41,60.21,60.24,"19,959,180",,
12/30/2021,61.3,62.06,61.12,61.21,"16,250,930",,
12/29/2021,61.07,61.4,60.47,61.05,"12,875,130",,
12/28/2021,61.5,61.84,60.97,61.07,"18,841,160",,
12/27/2021,61.5,61.5,60.93,61.31,"20,622,330",,
12/23/2021,61.64,61.69,60.76,61.41,"16,211,460",,
12/22/2021,60.34,61.48,60.26,61.42,"23,357,450",,
12/21/2021,59.75,60.78,59.39,60.49,"23,193,900",,
12/20/2021,58.64,60.29,58.43,59.37,"33,584,040",,
12/17/2021,59.16,59.33,58.17,58.67,"44,337,060",,
12/16/2021,59.71,60.28,58.8,59.11,"31,432,170",,
12/15/2021,59.82,60.57,58.45,60.5,"28,661,960",,
12/14/2021,59.87,60.23,58.81,59.8,"29,845,360",,
12/13/2021,61.2,61.26,59.95,60.46,"25,179,150",,
12/10/2021,61.68,61.77,60.59,61.17,"27,487,740",,
12/9/2021,62.76,63.02,61.04,61.1,"23,763,210",,
12/8/2021,63,63.25,62.32,62.81,"22,203,080",,
12/7/2021,61.98,62.89,61.14,62.56,"31,251,900",,
12/6/2021,60.6,61.73,60.1,61.27,"30,756,720",,
12/3/2021,62.28,62.55,59.4,60.21,"48,292,820",,
12/2/2021,61.71,62.54,61.29,61.65,"33,311,310",,
12/1/2021,64.95,65.45,61.71,61.78,"38,970,190",,
11/30/2021,66.82,67.54,64,64.19,"56,089,190",,
11/29/2021,66.32,66.8,65.83,66.38,"25,293,640",,
11/26/2021,67.5,67.64,66.07,66.56,"28,725,130",,
11/24/2021,65.8,66.14,65.11,65.83,"18,672,820",,
11/23/2021,65.82,66.64,64.6,65.41,"23,209,170",,
11/22/2021,67.6,67.95,65.65,65.92,"27,653,180",,
11/19/2021,69.24,69.42,67.5,67.88,"26,148,520",,
11/18/2021,69.16,69.17,67.97,68.2,"20,149,920",,
11/17/2021,69,70.1,68.61,69.17,"27,328,310",,
11/16/2021,67.83,68.84,67.69,68.74,"20,773,870",,
11/15/2021,68.12,68.53,67.15,67.93,"28,721,860",,
11/12/2021,66,68.33,65.38,68.26,"41,984,100",,
11/11/2021,65.02,66.58,64.97,65.76,"28,683,110",,
11/10/2021,65.3,66.03,64.21,64.69,"24,057,850",,
11/9/2021,65.37,66.05,65.05,65.6,"24,156,300",,
11/8/2021,65.03,65.6,64.38,65.15,"28,875,230",,
11/5/2021,66.4,66.56,64.5,64.57,"52,834,880",,
11/4/2021,68.59,68.59,66.55,66.84,"48,650,230",,
11/3/2021,67.73,68.94,67.73,68.83,"23,348,520",,
11/2/2021,68.31,68.77,67.38,67.77,"38,885,970",,
11/1/2021,68.91,69,67.65,68.12,"31,109,110",,
10/29/2021,67.31,69.1,67.12,69.03,"38,252,790",,
10/28/2021,67.09,67.68,66.8,67.41,"28,594,090",,
10/27/2021,66.9,67.14,66.19,66.29,"22,769,140",,
10/26/2021,67.38,67.65,66.28,66.85,"29,048,400",,
10/25/2021,66.37,67.59,65.71,67.17,"38,335,260",,
10/22/2021,65.18,66.55,65.18,66.48,"61,860,160",,
10/21/2021,62.89,65.4,62.86,65.32,"84,370,700",,
10/20/2021,62.56,63.74,61.71,62.51,"106,219,970",,
10/19/2021,63.7,64.1,63.23,63.9,"76,331,470",,
10/18/2021,63.21,63.84,62.06,63.8,"46,690,710",,
10/15/2021,63.8,63.94,62.52,62.83,"41,168,740",,
10/14/2021,63.22,63.69,62.68,63.38,"26,725,350",,
10/13/2021,63.22,63.22,62.21,62.98,"24,246,380",,
10/12/2021,63.3,63.77,62.2,62.49,"32,273,490",,
10/11/2021,63.32,63.94,62.68,62.7,"28,624,700",,
10/8/2021,63.42,64.38,63.09,63.27,"32,720,930",,
10/7/2021,64.22,64.68,63.05,63.19,"35,568,860",,
10/6/2021,62.82,63.99,62.64,63.91,"45,804,340",,
10/5/2021,60.69,64.04,60.69,63.48,"95,342,930",,
10/4/2021,61.34,62.61,59.47,60.34,"49,959,320",,
10/1/2021,60.42,61.5,59.75,61.32,"40,908,470",,
9/30/2021,60.8,61.9,60.8,61.03,"66,160,400",,
9/29/2021,58.9,60.99,58.8,59.91,"62,210,260",,
9/28/2021,58.9,59.95,58.02,58.39,"44,310,510",,
9/27/2021,58.8,59.36,57.69,59.26,"25,047,380",,
9/24/2021,59.25,59.3,58.36,59.24,"21,262,460",,
9/23/2021,59.08,59.93,58.91,59.33,"25,261,610",,
9/22/2021,57.97,59.57,57.97,59.07,"40,218,450",,
9/21/2021,57.83,58.19,56.94,57.31,"22,508,840",,
9/20/2021,58.68,59.15,56.81,57.54,"37,322,270",,
9/17/2021,58.79,59.03,58.09,58.94,"41,451,450",,
9/16/2021,58.43,58.75,57.77,58.65,"18,320,280",,
9/15/2021,57.82,58.46,57.54,58.29,"27,556,150",,
9/14/2021,58.49,58.73,57.56,57.78,"34,569,580",,
9/13/2021,59.86,59.86,58.28,58.93,"30,628,710",,
9/10/2021,59.82,60.95,59.37,59.87,"39,507,640",,
9/9/2021,60.65,60.94,59.65,59.75,"29,542,140",,
9/8/2021,60.38,61.56,59.57,60.61,"54,245,030",,
9/7/2021,59.47,61.39,59.4,60.67,"58,309,790",,
9/3/2021,58.58,59.19,58.31,59.05,"26,840,050",,
9/2/2021,58.37,59.88,58.37,58.86,"61,847,820",,
9/1/2021,56.9,59.1,56.9,58.21,"56,262,140",,
8/31/2021,56.61,56.95,56.16,56.92,"24,318,860",,
8/30/2021,55.73,56.72,55.65,56.62,"24,348,390",,
8/27/2021,55.16,56.42,54.93,55.89,"32,525,950",,
8/26/2021,54.62,55.26,54.59,55.01,"15,954,990",,
8/25/2021,55.02,55.28,54.55,54.76,"20,656,210",,
8/24/2021,55.15,55.53,54.93,55.34,"21,095,250",,
8/23/2021,54.6,55.55,54.37,55.33,"26,020,100",,
8/20/2021,54.51,55.14,53.91,54.69,"37,764,290",,
8/19/2021,52.27,54.84,52.19,54.37,"74,972,920",,
8/18/2021,52,52.64,51.86,52.19,"25,820,460",,
8/17/2021,51.55,52.08,51.42,51.89,"23,098,030",,
8/16/2021,51.52,52.34,51.23,51.79,"20,331,760",,
8/13/2021,51.26,52.14,51.15,51.59,"21,777,360",,
8/12/2021,51.19,51.3,50.72,51.07,"16,861,700",,
8/11/2021,51.7,51.96,50.98,51.24,"16,739,040",,
8/10/2021,52,52.08,51.3,51.58,"19,605,440",,
8/9/2021,52.11,52.27,51.8,52,"13,677,820",,
8/6/2021,52.4,52.68,51.94,52.05,"19,197,980",,
8/5/2021,51.71,52.54,51.4,52.49,"25,566,870",,
8/4/2021,51.3,51.8,51.04,51.74,"20,393,740",,
8/3/2021,51.44,51.56,50.54,51.08,"25,794,270",,
8/2/2021,51.9,51.99,51.05,51.52,"20,966,320",,
7/30/2021,51.27,51.98,51.1,51.76,"25,371,070",,
7/29/2021,52,52.08,51.38,51.43,"17,360,140",,
7/28/2021,52.18,52.45,51.7,51.93,"23,904,660",,
7/27/2021,51.81,52.2,51.21,51.89,"27,590,370",,
7/26/2021,51.44,52.11,50.9,51.65,"22,545,380",,
7/23/2021,51.22,51.74,50.47,51.54,"38,204,780",,
7/22/2021,51.02,51.37,50.7,51.18,"43,280,610",,
7/21/2021,52.61,53.1,50.56,51.36,"119,067,930",,
7/20/2021,52.61,53.66,52.03,53.11,"69,304,400",,
7/19/2021,52.61,53.49,52.22,53.23,"38,857,640",,
7/16/2021,54.18,54.41,52.71,53.03,"34,421,010",,
7/15/2021,55.4,55.75,53.82,54.3,"57,138,730",,
7/14/2021,54.1,55.41,54.1,54.8,"46,595,350",,
7/13/2021,53.58,54.53,53.58,54.07,"27,515,930",,
7/12/2021,54.03,54.06,53.29,53.73,"17,807,380",,
7/9/2021,53.1,53.83,52.86,53.6,"27,772,310",,
7/8/2021,53.09,53.55,52.91,53.08,"32,689,880",,
7/7/2021,54.42,54.46,53.17,53.6,"27,224,980",,
7/6/2021,53.3,54.29,53.3,54.16,"27,750,510",,
7/2/2021,53.55,53.85,52.94,53.4,"19,803,160",,
7/1/2021,52.57,53.7,52.57,53.35,"28,054,020",,
6/30/2021,53.41,53.44,52.68,52.82,"27,734,450",,
6/29/2021,53.36,53.61,52.86,53.35,"23,146,470",,
6/28/2021,52.81,53.39,52.46,53.3,"28,202,270",,
6/25/2021,52.88,53.31,52.5,52.71,"52,990,720",,
6/24/2021,51.8,52.1,51.44,51.81,"33,612,020",,
6/23/2021,50.85,51.66,50.82,51.27,"39,447,820",,
6/22/2021,49.85,51.36,49.58,50.88,"58,092,710",,
6/21/2021,50.16,50.21,49.23,49.7,"52,772,970",,
6/18/2021,49.64,50.45,49.52,50.08,"51,975,760",,
6/17/2021,49.03,50.18,49.02,49.83,"31,982,730",,
6/16/2021,49.5,49.65,48.63,49.24,"35,332,060",,
6/15/2021,50.12,50.12,49.04,49.19,"31,040,730",,
6/14/2021,48.97,50.35,48.69,49.99,"44,002,220",,
6/11/2021,49,49.14,48.78,48.88,"31,239,690",,
6/10/2021,48.72,49.02,48.21,48.73,"43,829,280",,
6/9/2021,49.45,49.61,48.46,48.58,"30,550,290",,
6/8/2021,49.7,49.88,48.94,49.24,"23,740,370",,
6/7/2021,49.29,49.67,49.06,49.47,"27,919,320",,
6/4/2021,49.2,50.19,49.1,49.47,"31,604,870",,
6/3/2021,49.52,49.67,48.73,48.94,"38,874,450",,
6/2/2021,49.98,50.32,49.58,49.92,"22,689,790",,
6/1/2021,50.4,50.54,49.77,49.91,"24,825,550",,
5/28/2021,50.44,51.18,50.25,50.28,"29,112,970",,
5/27/2021,50.18,50.51,49.85,50.39,"32,537,730",,
5/26/2021,50.23,50.41,50.05,50.24,"24,653,030",,
5/25/2021,50.6,50.64,49.92,50.13,"26,994,590",,
5/24/2021,50.11,50.43,49.95,50.29,"24,125,950",,
5/21/2021,50.31,50.54,49.73,49.79,"33,229,250",,
5/20/2021,48.96,50.27,48.9,50.17,"37,212,180",,
5/19/2021,48.16,48.86,47.85,48.77,"33,499,300",,
5/18/2021,48.84,49.35,48.62,48.63,"23,504,960",,
5/17/2021,48.56,49.27,48.28,48.89,"27,052,490",,
5/14/2021,48.79,49.49,48.66,49.34,"28,824,640",,
5/13/2021,48.91,49.08,48.27,48.67,"27,165,610",,
5/12/2021,48.68,49.35,48.27,48.5,"41,215,400",,
5/11/2021,47.98,49.8,47.86,49.51,"44,010,000",,
5/10/2021,50.2,50.32,48.61,48.67,"51,316,320",,
5/7/2021,50.46,50.86,50.11,50.38,"31,327,860",,
5/6/2021,49.6,49.96,49.14,49.96,"37,836,980",,
5/5/2021,50.5,50.78,49.46,49.61,"31,293,660",,
5/4/2021,51.08,51.16,49.68,50.32,"43,495,020",,
5/3/2021,51.27,51.9,50.52,50.91,"40,918,950",,
4/30/2021,50.5,51.46,50.5,51.35,"44,132,420",,
4/29/2021,50.76,50.93,49.9,50.9,"51,277,920",,
4/28/2021,50.52,50.84,50.33,50.65,"31,929,830",,
4/27/2021,51.26,51.3,50.46,50.56,"37,613,270",,
4/26/2021,50.68,51.05,50.3,51.03,"43,888,390",,
4/23/2021,50.9,50.97,50.07,50.56,"73,146,590",,
4/22/2021,51.38,51.4,50.06,50.88,"90,610,620",,
4/21/2021,50.8,51.55,50.36,50.89,"228,974,460",,
4/20/2021,55.44,56.36,54.63,54.96,"112,576,480",,
4/19/2021,54.69,55.64,54.55,55.44,"42,887,150",,
4/16/2021,55.05,55.2,53.95,54.65,"32,090,750",,
4/15/2021,54.42,55.35,54.27,54.92,"31,390,500",,
4/14/2021,55.49,55.49,53.85,54,"37,402,940",,
4/13/2021,55.7,55.98,55.03,55.37,"27,203,440",,
4/12/2021,55.11,55.8,54.96,55.28,"29,440,600",,
4/9/2021,55.27,55.69,54.71,55.53,"28,940,340",,
4/8/2021,55.11,55.69,54.76,55.46,"43,098,290",,
4/7/2021,54.35,54.96,54.15,54.7,"21,513,190",,
4/6/2021,54.48,55.42,54.33,54.45,"34,742,050",,
4/5/2021,54,54.29,52.92,54.07,"33,559,040",,
4/1/2021,52.99,54.05,52.7,53.94,"39,386,370",,
3/31/2021,51.57,52.81,51.54,52.17,"35,031,110",,
3/30/2021,51.05,51.44,50.69,51.34,"24,181,290",,
3/29/2021,50.57,51.8,50.44,51.4,"33,300,490",,
3/26/2021,50.28,50.87,49.67,50.81,"34,677,970",,
3/25/2021,51.7,51.85,49.7,50.29,"49,267,640",,
3/24/2021,53.38,53.44,52,52.08,"41,022,110",,
3/23/2021,52.99,54.31,52.94,53.51,"55,834,610",,
3/22/2021,50.91,52.93,50.91,52.31,"33,605,870",,
3/19/2021,50.5,51.32,50.16,51.22,"43,863,600",,
3/18/2021,51.64,51.79,50.39,50.48,"40,966,060",,
3/17/2021,52.2,52.84,51.43,52.44,"28,173,760",,
3/16/2021,52.45,53.34,52.32,52.4,"32,388,880",,
3/15/2021,51.63,52.07,50.8,52.03,"34,855,190",,
3/12/2021,51.25,52.65,50.66,51.8,"39,817,430",,
3/11/2021,51.22,53.02,51.07,52.31,"47,144,690",,
3/10/2021,51.35,51.9,50.43,50.45,"37,714,840",,
3/9/2021,50.73,51.31,50.38,50.64,"34,700,420",,
3/8/2021,51.45,51.88,49.29,49.33,"39,817,580",,
3/5/2021,51.2,51.78,49.88,51.64,"50,699,730",,
3/4/2021,52.15,53.15,50.77,51.13,"50,347,920",,
3/3/2021,54.59,54.8,51.78,52.07,"53,624,430",,
3/2/2021,55.33,55.7,54.6,54.78,"30,422,260",,
3/1/2021,54.56,55.21,54.2,55.06,"30,421,800",,
2/26/2021,54.65,55.31,53.8,53.89,"37,555,740",,
2/25/2021,55.03,55.65,53.58,54.67,"42,528,790",,
2/24/2021,53.98,55.68,53.91,55.34,"32,450,380",,
2/23/2021,52.5,54.85,51.83,54.61,"41,365,320",,
2/22/2021,53.5,54.18,53.08,53.38,"30,785,940",,
2/19/2021,54.8,54.9,53.88,54.02,"28,414,570",,
2/18/2021,54.9,55,53.82,54.82,"24,576,040",,
2/17/2021,55.1,55.53,54.3,55.13,"20,715,900",,
2/16/2021,55.73,56.36,55.27,55.73,"26,240,970",,
2/12/2021,55.69,56.12,55.09,55.65,"21,971,280",,
2/11/2021,56.44,56.59,55.42,55.76,"27,305,870",,
2/10/2021,56.25,56.67,55.35,56.36,"39,912,640",,
2/9/2021,54.6,56.6,54.3,55.91,"37,034,990",,
2/8/2021,55.5,55.5,54.37,54.79,"27,917,210",,
2/5/2021,55.23,55.44,54.55,55.08,"23,761,750",,
2/4/2021,53.98,55.95,53.75,55.22,"51,645,370",,
2/3/2021,55.02,55.05,53.82,53.95,"31,722,880",,
2/2/2021,54.2,55.55,53.89,54.82,"37,675,690",,
2/1/2021,53.68,54.51,53.17,53.9,"35,475,070",,
1/29/2021,53.8,54.1,53.02,53.24,"43,252,640",,
1/28/2021,53.59,55.31,53.07,53.86,"59,689,780",,
1/27/2021,55.07,55.64,51.57,52.33,"86,702,770",,
1/26/2021,55.47,56.8,55.41,56.19,"50,238,470",,
1/25/2021,56.7,56.98,54.86,55.68,"72,073,290",,
1/22/2021,58.21,58.4,56.44,56.52,"75,508,220",,
1/21/2021,58.25,58.88,57.04,57.98,"118,406,340",,
1/20/2021,56.54,59.33,55.69,58.63,"326,374,500",,
1/19/2021,50.1,50.93,49.35,50.18,"123,158,130",,
1/15/2021,50,50.63,49.51,49.8,"58,957,880",,
1/14/2021,50.74,51.45,49.96,50.09,"41,773,570",,
1/13/2021,49.55,51.24,49.3,50.78,"50,320,990",,
1/12/2021,50,50.11,48.57,49.43,"59,904,250",,
1/11/2021,50.78,51.07,49.8,49.91,"38,127,200",,
1/8/2021,51.13,51.32,50.45,51.04,"29,739,490",,
1/7/2021,50.83,51.64,50.64,50.89,"36,864,480",,
1/6/2021,51.2,51.31,49.95,50.05,"53,462,100",,
1/5/2021,52.15,52.68,51.59,52.08,"31,338,720",,
1/4/2021,53.9,54.08,51.51,52.29,"44,444,070",,
12/31/2020,52.55,54.55,52.32,54.07,"53,923,220",,
12/30/2020,53.01,53.33,52.37,52.46,"18,762,860",,
12/29/2020,51.99,53.65,51.55,53.09,"40,223,580",,
12/28/2020,51.64,52.37,50.71,51.91,"28,918,670",,
