,NVDA (NASD),,,,
Date,Open,High,Low,Close,Volume
12/23/2025,182.97,189.33,182.9,189.21,"174,873,621"
12/22/2025,183.92,184.16,182.35,183.69,"129,064,369"
12/19/2025,176.67,181.45,176.34,180.99,"324,925,927"
12/18/2025,174.53,176.15,171.82,174.14,"176,096,001"
12/17/2025,176.1,176.13,170.31,170.94,"222,775,464"
12/16/2025,176.26,178.49,174.9,177.72,"148,588,098"
12/15/2025,177.94,178.42,175.03,176.29,"164,775,636"
12/12/2025,181.11,182.82,174.62,175.02,"204,274,918"
12/11/2025,180.28,181.32,176.62,180.93,"182,136,641"
12/10/2025,184.97,185.48,182.04,183.78,"162,785,370"
12/9/2025,185.56,185.72,183.32,184.97,"144,719,705"
12/8/2025,182.64,188,182.4,185.55,"204,378,106"
12/5/2025,183.89,184.66,180.91,182.41,"143,971,098"
12/4/2025,181.62,184.52,179.96,183.38,"167,364,857"
12/3/2025,181.08,182.45,179.11,179.59,"165,138,023"
12/2/2025,181.76,185.66,180,181.46,"182,632,230"
12/1/2025,174.76,180.3,173.68,179.92,"188,130,955"
11/28/2025,179.01,179.29,176.5,177,"121,332,776"
11/26/2025,181.63,182.91,178.24,180.26,"183,852,010"
11/25/2025,174.91,178.16,169.55,177.82,"320,600,271"
11/24/2025,179.49,183.5,176.48,182.55,"256,618,335"
11/21/2025,181.24,184.56,172.93,178.88,"346,926,153"
11/20/2025,195.95,196,179.85,180.64,"343,504,849"
11/19/2025,184.79,187.86,182.83,186.52,"247,246,436"
11/18/2025,183.38,184.8,179.65,181.36,"213,598,877"
11/17/2025,185.97,189,184.32,186.6,"173,628,858"
11/14/2025,182.86,191.01,180.58,190.17,"186,591,856"
11/13/2025,191.05,191.44,183.85,186.86,"207,423,074"
11/12/2025,195.72,195.89,191.13,193.8,"154,935,263"
11/11/2025,195.16,195.42,191.3,193.16,"176,483,327"
11/10/2025,195.11,199.94,193.79,199.05,"198,897,134"
11/7/2025,184.9,188.32,178.91,188.15,"264,942,255"
11/6/2025,196.42,197.62,186.38,188.08,"223,029,778"
11/5/2025,198.77,202.92,194.65,195.21,"171,350,332"
11/4/2025,203,203.97,197.93,198.69,"188,919,320"
11/3/2025,208.08,211.34,205.56,206.88,"180,267,285"
10/31/2025,206.45,207.97,202.07,202.49,"179,802,178"
10/30/2025,205.15,206.16,201.41,202.89,"178,864,443"
10/29/2025,207.98,212.19,204.78,207.04,"308,829,564"
10/28/2025,193.05,203.15,191.91,201.03,"297,986,180"
10/27/2025,189.99,192,188.43,191.49,"153,452,704"
10/24/2025,183.84,187.47,183.5,186.26,"131,296,677"
10/23/2025,180.42,183.03,179.79,182.16,"111,363,718"
10/22/2025,181.14,183.44,176.76,180.28,"162,249,552"
10/21/2025,182.79,182.79,179.8,181.16,"124,240,168"
10/20/2025,183.13,185.2,181.73,182.64,"128,544,711"
10/17/2025,180.18,184.1,179.75,183.22,"173,135,217"
10/16/2025,182.23,183.28,179.77,181.81,"179,723,309"
10/15/2025,184.8,184.87,177.29,179.83,"214,450,482"
10/14/2025,184.77,184.8,179.7,180.03,"205,641,380"
10/13/2025,187.97,190.11,185.96,188.32,"153,482,755"
10/10/2025,193.51,195.62,182.05,183.16,"268,774,359"
10/9/2025,192.23,195.3,191.06,192.57,"182,997,234"
10/8/2025,186.57,189.6,186.54,189.11,"130,168,861"
10/7/2025,186.23,189.06,184,185.04,"140,088,008"
10/6/2025,185.5,187.23,183.33,185.54,"157,678,104"
10/3/2025,189.19,190.36,185.38,187.62,"137,596,896"
10/2/2025,189.6,191.05,188.06,188.89,"136,805,821"
10/1/2025,185.24,188.14,183.9,187.24,"173,844,901"
9/30/2025,182.08,187.35,181.48,186.58,"236,981,032"
9/29/2025,180.43,184,180.32,181.85,"193,063,455"
9/26/2025,178.17,179.77,174.93,178.19,"148,573,732"
9/25/2025,174.48,180.26,173.13,177.69,"191,586,733"
9/24/2025,179.77,179.78,175.4,176.97,"143,564,116"
9/23/2025,181.97,182.42,176.21,178.43,"192,559,552"
9/22/2025,175.3,184.55,174.71,183.61,"269,637,001"
9/19/2025,175.77,178.08,175.18,176.67,"237,182,143"
9/18/2025,173.98,177.1,172.96,176.24,"191,763,313"
9/17/2025,172.64,173.2,168.41,170.29,"211,843,817"
9/16/2025,177,177.5,174.38,174.88,"140,737,775"
9/15/2025,175.67,178.85,174.51,177.75,"147,061,559"
9/12/2025,177.77,178.6,176.45,177.82,"124,911,026"
9/11/2025,179.68,180.28,176.48,177.17,"151,159,274"
9/10/2025,176.64,179.29,175.47,177.33,"226,852,020"
9/9/2025,169.09,170.98,166.74,170.76,"157,548,392"
9/8/2025,167.55,170.96,167.35,168.31,"163,769,133"
9/5/2025,168.03,169.03,164.07,167.02,"224,441,435"
9/4/2025,170.57,171.86,169.41,171.66,"141,670,144"
9/3/2025,171.06,172.41,168.88,170.62,"164,424,873"
9/2/2025,170,172.38,167.22,170.78,"231,164,853"
8/29/2025,178.11,178.15,173.15,174.18,"243,257,873"
8/28/2025,180.82,184.47,176.41,180.17,"281,787,824"
8/27/2025,181.98,182.49,179.1,181.6,"235,518,949"
8/26/2025,180.06,182.39,178.81,181.77,"168,688,186"
8/25/2025,178.35,181.91,176.57,179.81,"163,012,789"
8/22/2025,172.61,178.59,171.2,177.99,"172,789,427"
8/21/2025,174.85,176.9,173.81,174.98,"140,040,850"
8/20/2025,175.17,176,168.8,175.4,"215,142,725"
8/19/2025,182.43,182.5,175.49,175.64,"185,229,219"
8/18/2025,180.6,182.94,180.59,182.01,"132,007,959"
8/15/2025,181.88,181.9,178.04,180.45,"156,602,161"
8/14/2025,179.75,183.02,179.46,182.02,"129,553,959"
8/13/2025,182.62,183.97,179.35,181.59,"179,871,724"
8/12/2025,182.96,184.48,179.46,183.16,"145,729,202"
8/11/2025,182.05,183.84,180.25,182.06,"138,323,191"
8/8/2025,181.55,183.3,180.4,182.7,"123,396,679"
8/7/2025,181.57,183.88,178.8,180.77,"151,878,365"
8/6/2025,176.33,179.9,176.25,179.42,"137,192,265"
8/5/2025,179.62,180.26,175.9,178.26,"156,407,621"
8/4/2025,175.16,180.2,174.52,180,"148,174,609"
8/1/2025,174.09,176.54,170.89,173.72,"204,528,985"
7/31/2025,182.9,183.3,175.93,177.87,"221,685,446"
7/30/2025,176.51,179.89,176.04,179.27,"174,312,208"
7/29/2025,177.96,179.38,175.02,175.51,"154,077,512"
7/28/2025,174.02,177,173.97,176.75,"140,023,521"
7/25/2025,173.61,174.72,172.96,173.5,"122,316,792"
7/24/2025,172.44,173.83,171.3,173.74,"128,984,628"
7/23/2025,169.53,171.26,167.97,170.78,"154,082,197"
7/22/2025,171.34,171.39,164.58,167.03,"193,114,327"
7/21/2025,172.75,173.38,171,171.38,"123,126,136"
7/18/2025,173.64,174.25,171.26,172.41,"146,456,416"
7/17/2025,172.02,174.16,170.83,173,"160,841,119"
7/16/2025,171.06,171.75,168.9,171.37,"158,831,509"
7/15/2025,171.19,172.4,169.2,170.7,"230,627,350"
7/14/2025,165.37,165.49,162.02,164.07,"136,975,754"
7/11/2025,163.72,167.89,163.47,164.92,"193,633,263"
7/10/2025,164.32,164.5,161.61,164.1,"167,704,075"
7/9/2025,161.22,164.42,161.16,162.88,"183,656,443"
7/8/2025,159.33,160.22,158.39,160,"138,133,025"
7/7/2025,158.2,159.31,157.34,158.24,"140,138,975"
7/3/2025,158.37,160.98,157.77,159.34,"143,716,055"
7/2/2025,152.98,157.6,152.97,157.25,"171,224,111"
7/1/2025,156.29,157.2,151.49,153.3,"213,143,621"
6/30/2025,158.4,158.66,155.96,157.99,"194,580,316"
6/27/2025,156.04,158.71,155.26,157.75,"263,234,539"
6/26/2025,155.98,156.72,154,155.02,"198,145,746"
6/25/2025,149.27,154.45,149.26,154.31,"269,146,471"
6/24/2025,145.56,147.96,145.5,147.9,"187,566,121"
6/23/2025,142.5,144.78,142.03,144.17,"154,308,941"
6/20/2025,145.45,146.2,142.65,143.85,"242,956,157"
6/18/2025,144.01,145.65,143.12,145.48,"161,494,121"
6/17/2025,144.49,145.22,143.78,144.12,"139,108,000"
6/16/2025,143.35,146.18,143.2,144.69,"183,133,666"
6/13/2025,142.48,143.58,140.86,141.97,"180,820,565"
6/12/2025,141.97,145,141.85,145,"162,364,991"
6/11/2025,144.61,144.99,141.87,142.83,"167,694,044"
6/10/2025,142.69,144.29,141.53,143.96,"155,881,897"
6/9/2025,143.19,145,141.94,142.63,"185,114,494"
6/6/2025,142.51,143.27,141.51,141.72,"153,986,153"
6/5/2025,142.17,144,138.83,139.99,"232,410,759"
6/4/2025,142.19,142.39,139.55,141.92,"167,120,819"
6/3/2025,138.78,142,137.95,141.22,"225,578,783"
6/2/2025,135.49,138.12,135.4,137.38,"197,663,116"
5/30/2025,138.72,139.62,132.92,135.13,"333,170,851"
5/29/2025,142.25,143.49,137.91,139.19,"370,615,167"
5/28/2025,136.03,137.25,134.79,134.81,"304,021,146"
5/27/2025,134.15,135.66,133.31,135.5,"192,953,613"
5/23/2025,130,132.68,129.16,131.29,"198,821,324"
5/22/2025,132.23,134.25,131.55,132.83,"187,343,954"
5/21/2025,133.06,137.4,130.59,131.8,"270,608,738"
5/20/2025,134.29,134.58,132.62,134.38,"161,514,247"
5/19/2025,132.39,135.87,132.39,135.57,"193,154,571"
5/16/2025,136.22,136.35,133.46,135.4,"226,542,451"
5/15/2025,134.3,136.3,132.66,134.83,"226,632,563"
5/14/2025,133.2,135.44,131.68,135.34,"281,180,830"
5/13/2025,124.98,131.22,124.47,129.93,"330,430,105"
5/12/2025,121.97,123,120.28,123,"225,023,345"
5/9/2025,117.35,118.23,115.21,116.65,"132,972,189"
5/8/2025,118.25,118.68,115.85,117.37,"198,428,122"
5/7/2025,113.05,117.68,112.28,117.06,"207,827,821"
5/6/2025,111.48,114.74,110.82,113.54,"158,525,621"
5/5/2025,112.91,114.67,112.66,113.82,"133,163,241"
5/2/2025,114.18,115.4,113.37,114.5,"190,194,778"
5/1/2025,113.08,114.94,111.3,111.61,"236,121,507"
4/30/2025,104.47,108.92,104.08,108.92,"235,044,611"
4/29/2025,107.67,110.2,107.44,109.02,"170,444,263"
4/28/2025,109.69,110.37,106.02,108.73,"207,708,479"
4/25/2025,106.85,111.92,105.73,111.01,"251,064,672"
4/24/2025,103.48,106.54,103.11,106.43,"220,815,041"
4/23/2025,104.52,104.8,102.02,102.71,"247,525,971"
4/22/2025,98.78,99.81,97.28,98.89,"241,004,784"
4/21/2025,98.77,99.44,95.04,96.91,"288,501,136"
4/17/2025,104.45,104.47,100.05,101.49,"292,517,465"
4/16/2025,104.55,106.79,100.45,104.49,"397,016,870"
4/15/2025,110.97,113.62,110.5,112.2,"228,966,900"
4/14/2025,114.11,114.29,109.07,110.71,"264,705,049"
4/11/2025,108.5,111.55,107.48,110.93,"313,417,265"
4/10/2025,109.37,110.86,99.15,107.57,"437,812,353"
4/9/2025,98.89,115.1,97.53,114.33,"612,918,336"
4/8/2025,103.81,105.85,94.46,96.3,"476,243,392"
4/7/2025,87.46,101.75,86.62,97.64,"611,041,347"
4/4/2025,98.91,100.13,92.11,94.31,"532,273,810"
4/3/2025,103.51,105.63,101.6,101.8,"338,769,412"
4/2/2025,107.29,111.98,106.79,110.42,"220,601,243"
4/1/2025,108.52,110.2,106.47,110.15,"222,614,034"
3/31/2025,105.13,110.96,103.65,108.38,"299,212,653"
3/28/2025,111.49,112.87,109.07,109.67,"229,872,549"
3/27/2025,111.35,114.45,110.66,111.43,"236,902,055"
3/26/2025,118.73,118.84,112.71,113.76,"296,431,667"
3/25/2025,120.55,121.29,118.92,120.69,"167,447,198"
3/24/2025,119.88,122.22,119.34,121.41,"228,452,534"
3/21/2025,116.94,117.99,115.42,117.7,"266,498,528"
3/20/2025,116.55,120.2,116.47,118.53,"248,829,749"
3/19/2025,117.27,120.45,115.68,117.52,"273,426,225"
3/18/2025,118,119.02,114.54,115.43,"299,686,944"
3/17/2025,122.74,122.89,118.03,119.53,"255,501,481"
3/14/2025,118.61,121.88,118.15,121.67,"277,593,455"
3/13/2025,117.03,117.76,113.79,115.58,"299,033,131"
3/12/2025,114.12,116.76,112.88,115.74,"323,857,454"
3/11/2025,106.99,112.24,104.77,108.76,"354,865,692"
3/10/2025,109.9,111.85,105.46,106.98,"366,487,363"
3/7/2025,111.25,113.48,107.56,112.69,"341,755,468"
3/6/2025,113.53,115.35,110.22,110.57,"321,181,861"
3/5/2025,117.58,118.28,114.51,117.3,"284,337,886"
3/4/2025,110.65,119.31,110.11,115.99,"398,163,305"
3/3/2025,123.51,123.7,112.28,114.06,"411,381,373"
2/28/2025,118.02,125.09,116.4,124.92,"389,091,145"
2/27/2025,135,135.01,120.01,120.15,"443,175,846"
2/26/2025,129.99,133.73,128.49,131.28,"322,553,814"
2/25/2025,129.98,130.2,124.44,126.63,"271,428,711"
2/24/2025,136.56,138.59,130.08,130.28,"251,381,137"
2/21/2025,140.04,141.46,134.03,134.43,"228,217,585"
2/20/2025,140.03,140.66,136.79,140.11,"143,903,583"
2/19/2025,139.51,141.36,137.22,139.23,"167,536,006"
2/18/2025,141.27,143.44,137.93,139.4,"219,176,627"
2/14/2025,136.48,139.25,135.5,138.85,"195,479,557"
2/13/2025,131.56,136.5,131.17,135.29,"197,429,975"
2/12/2025,130.02,132.24,129.08,131.14,"160,278,552"
2/11/2025,132.58,134.48,131.02,132.8,"178,902,379"
2/10/2025,130.09,135,129.96,133.57,"216,989,086"
2/7/2025,129.22,130.37,125,129.84,"228,186,298"
2/6/2025,127.42,128.77,125.21,128.68,"251,483,574"
2/5/2025,121.76,125,120.76,124.83,"263,110,629"
2/4/2025,116.96,121.2,116.7,118.65,"256,550,040"
2/3/2025,114.75,118.57,113.01,116.66,"371,235,677"
1/31/2025,123.78,127.85,119.19,120.07,"390,372,899"
1/30/2025,123.1,125,118.1,124.65,"392,925,469"
1/29/2025,126.5,126.89,120.05,123.7,"467,120,640"
1/28/2025,121.81,129,116.25,128.99,"579,666,350"
1/27/2025,124.8,128.4,116.7,118.42,"818,830,895"
1/24/2025,148.37,148.97,141.88,142.62,"234,657,635"
1/23/2025,145.05,147.23,143.72,147.22,"155,915,549"
1/22/2025,144.66,147.79,143.67,147.07,"237,651,395"
1/21/2025,139.16,141.83,137.09,140.83,"197,748,985"
1/17/2025,136.69,138.5,135.46,137.71,"201,188,760"
1/16/2025,138.64,138.75,133.49,133.57,"209,235,583"
1/15/2025,133.65,136.45,131.29,136.24,"185,217,338"
1/14/2025,136.05,136.38,130.05,131.76,"195,590,485"
1/13/2025,129.99,133.49,129.51,133.23,"204,808,914"
1/10/2025,137.45,139.92,134.22,135.91,"207,602,514"
1/8/2025,142.58,143.95,137.56,140.11,"227,349,948"
1/7/2025,153.03,153.13,140.01,140.14,"351,782,174"
1/6/2025,148.59,152.16,147.82,149.43,"265,377,359"
1/3/2025,140.01,144.9,139.73,144.47,"229,322,478"
1/2/2025,136,138.88,134.63,138.31,"198,247,166"
12/31/2024,138.03,138.07,133.83,134.29,"155,659,211"
12/30/2024,134.83,140.27,134.02,137.49,"167,734,700"
12/27/2024,138.55,139.02,134.71,137.01,"170,582,603"
12/26/2024,139.7,140.85,137.73,139.93,"116,519,090"
12/24/2024,140,141.9,138.65,140.22,"105,156,989"
12/23/2024,136.28,139.79,135.12,139.67,"176,053,506"
12/20/2024,129.81,135.28,128.22,134.7,"306,528,553"
12/19/2024,131.76,134.03,129.55,130.68,"209,719,210"
12/18/2024,133.86,136.7,128.28,128.91,"277,444,533"
12/17/2024,129.09,131.59,126.86,130.39,"259,410,263"
12/16/2024,134.18,134.4,130.42,132,"237,951,130"
12/13/2024,138.94,139.6,132.54,134.25,"231,514,881"
12/12/2024,137.08,138.44,135.8,137.34,"159,211,393"
12/11/2024,137.36,140.17,135.21,139.31,"184,905,192"
12/10/2024,139.01,141.82,133.79,135.07,"210,020,888"
12/9/2024,138.97,139.95,137.13,138.81,"189,308,625"
12/6/2024,144.6,145.7,141.31,142.44,"188,505,573"
12/5/2024,145.11,146.54,143.95,145.06,"172,621,180"
12/4/2024,142,145.79,140.29,145.14,"231,224,295"
12/3/2024,138.26,140.54,137.95,140.26,"164,413,965"
12/2/2024,138.83,140.45,137.83,138.63,"171,682,777"
11/29/2024,136.78,139.35,136.05,138.25,"141,863,156"
11/27/2024,135.01,137.22,131.8,135.34,"226,370,912"
11/26/2024,137.7,139.3,135.67,136.92,"190,287,654"
11/25/2024,141.99,142.05,135.82,136.02,"344,941,875"
11/22/2024,145.93,147.16,141.1,141.95,"236,406,154"
11/21/2024,149.35,152.89,140.7,146.67,"400,946,570"
11/20/2024,147.41,147.56,142.73,145.89,"309,871,654"
11/19/2024,141.32,147.13,140.99,147.01,"227,834,912"
11/18/2024,139.5,141.55,137.15,140.15,"221,865,993"
11/15/2024,144.87,145.24,140.08,141.98,"250,132,869"
11/14/2024,147.64,149,145.55,146.76,"194,463,301"
11/13/2024,149.07,149.33,145.9,146.27,"191,903,267"
11/12/2024,146.78,149.65,146.01,148.29,"198,634,738"
11/11/2024,148.68,148.85,143.57,145.26,"182,325,620"
11/8/2024,148.77,149.77,146.26,147.63,"175,665,830"
11/7/2024,146.39,148.93,146.17,148.88,"207,323,303"
11/6/2024,142.96,146.49,141.96,145.61,"242,043,945"
11/5/2024,137.45,140.37,137.33,139.91,"160,537,373"
11/4/2024,137.21,138.96,135.57,136.05,"187,528,173"
11/1/2024,134.7,137.31,134.57,135.4,"207,127,838"
10/31/2024,137.6,137.61,132.11,132.76,"270,039,641"
10/30/2024,139.54,140.33,136.81,139.34,"179,418,082"
10/29/2024,140.29,142.26,138.9,141.25,"157,593,634"
10/28/2024,143,143.14,140.05,140.52,"173,586,745"
10/25/2024,140.93,144.13,140.8,141.54,"205,122,109"
10/24/2024,140.82,141.35,138.46,140.41,"172,354,888"
10/23/2024,142.03,142.43,137.46,139.56,"285,930,038"
10/22/2024,142.91,144.42,141.78,143.59,"226,311,589"
10/21/2024,138.13,143.71,138,143.71,"264,554,514"
10/18/2024,138.67,138.9,137.28,138,"176,090,184"
10/17/2024,139.34,140.89,136.87,136.93,"306,435,921"
10/16/2024,133.98,136.62,131.58,135.72,"264,879,720"
10/15/2024,137.87,138.57,128.74,131.6,"377,831,021"
10/14/2024,136.47,139.6,136.3,138.07,"232,347,668"
10/11/2024,134.01,135.78,133.66,134.8,"170,209,474"
10/10/2024,131.91,135,131,134.81,"242,311,337"
10/9/2024,134.11,134.52,131.38,132.65,"246,191,612"
10/8/2024,130.26,133.48,129.42,132.89,"285,722,485"
10/7/2024,124.99,130.64,124.95,127.72,"346,250,233"
10/4/2024,124.94,125.04,121.83,124.92,"244,465,552"
10/3/2024,120.92,124.36,120.34,122.85,"277,117,973"
10/2/2024,116.44,119.38,115.14,118.85,"221,845,887"
10/1/2024,121.77,122.44,115.79,117,"302,094,485"
9/30/2024,118.31,121.5,118.15,121.44,"227,053,651"
9/27/2024,123.97,124.03,119.26,121.4,"271,009,175"
9/26/2024,126.8,127.67,121.8,124.04,"302,582,868"
9/25/2024,122.02,124.94,121.61,123.51,"284,692,948"
9/24/2024,116.52,121.8,115.38,120.87,"354,966,772"
9/23/2024,116.55,116.99,114.86,116.26,"206,228,490"
9/20/2024,117.06,118.62,115.39,116,"382,462,428"
9/19/2024,117.35,119.66,117.25,117.87,"293,506,438"
9/18/2024,115.89,117.7,113.22,113.37,"310,318,937"
9/17/2024,118.17,118.8,114.83,115.59,"231,925,876"
9/16/2024,116.79,118.18,114.36,116.78,"248,772,308"
9/13/2024,119.08,119.96,117.6,119.1,"238,358,328"
9/12/2024,116.84,120.79,115.38,119.14,"367,100,496"
9/11/2024,109.39,117.19,107.42,116.91,"441,422,370"
9/10/2024,107.81,109.4,104.95,108.1,"268,283,736"
9/9/2024,104.88,106.55,103.69,106.47,"273,912,015"
9/6/2024,108.04,108.15,100.95,102.83,"413,638,098"
9/5/2024,104.99,109.65,104.76,107.21,"306,850,696"
9/4/2024,105.41,113.27,104.12,106.21,"372,470,291"
9/3/2024,116.01,116.21,107.29,108,"477,155,100"
8/30/2024,119.53,121.75,117.22,119.37,"333,751,583"
8/29/2024,121.36,124.43,116.71,117.59,"453,023,305"
8/28/2024,128.12,128.33,122.64,125.61,"448,101,115"
8/27/2024,125.05,129.2,123.88,128.3,"303,134,573"
8/26/2024,129.57,131.26,124.37,126.46,"331,964,672"
8/23/2024,125.86,129.6,125.22,129.37,"323,230,332"
8/22/2024,130.02,130.75,123.1,123.74,"376,189,076"
8/21/2024,127.32,129.35,126.66,128.5,"257,883,572"
8/20/2024,128.4,129.88,125.89,127.25,"300,087,415"
8/19/2024,124.28,130,123.42,130,"318,333,577"
8/16/2024,121.94,125,121.18,124.58,"302,589,872"
8/15/2024,118.76,123.24,117.47,122.86,"318,086,673"
8/14/2024,118.53,118.6,114.07,118.08,"339,246,407"
8/13/2024,112.44,116.23,111.58,116.14,"312,646,660"
8/12/2024,106.32,111.07,106.26,109.02,"325,559,870"
8/9/2024,105.64,106.6,103.43,104.75,"290,844,157"
8/8/2024,102,105.5,97.52,104.97,"391,910,023"
8/7/2024,107.81,108.8,98.69,98.91,"411,440,423"
8/6/2024,103.84,107.71,100.55,104.25,"409,012,089"
8/5/2024,92.06,103.41,90.69,100.45,"552,842,375"
8/2/2024,103.76,108.72,101.37,107.27,"482,027,464"
8/1/2024,117.53,120.16,106.81,109.21,"523,462,326"
7/31/2024,112.9,118.34,110.88,117.02,"473,174,182"
7/30/2024,111.52,111.99,102.54,103.73,"486,833,274"
7/29/2024,113.69,116.28,111.3,111.59,"248,152,068"
7/26/2024,116.19,116.2,111.58,113.06,"293,399,073"
7/25/2024,113.04,116.63,106.3,112.28,"460,067,019"
7/24/2024,119.17,119.95,113.44,114.25,"327,776,884"
7/23/2024,122.78,124.69,122.1,122.59,"173,910,983"
7/22/2024,120.35,124.07,119.86,123.54,"258,068,943"
7/19/2024,120.35,121.6,117.37,117.93,"217,223,800"
7/18/2024,121.85,122.4,116.56,121.09,"320,979,530"
7/17/2024,121.35,121.85,116.72,117.99,"390,086,189"
7/16/2024,128.44,129.04,124.58,126.36,"214,769,515"
7/15/2024,130.56,131.39,127.18,128.44,"208,326,164"
7/12/2024,128.26,131.92,127.22,129.24,"252,680,535"
7/11/2024,135.75,136.15,127.05,127.4,"374,782,738"
7/10/2024,134.03,135.1,132.42,134.91,"248,978,569"
7/9/2024,130.35,133.82,128.65,131.38,"287,020,820"
7/8/2024,127.49,130.77,127.04,128.2,"237,677,322"
7/5/2024,127.38,128.85,125.68,125.83,"214,176,689"
7/3/2024,121.66,128.28,121.36,128.28,"215,748,955"
7/2/2024,121.13,123.41,121.03,122.67,"218,373,969"
7/1/2024,123.47,124.84,118.83,124.3,"284,885,534"
6/28/2024,124.58,127.71,122.75,123.54,"315,516,740"
6/27/2024,124.1,126.41,122.92,123.99,"252,571,693"
6/26/2024,126.13,128.12,122.6,126.4,"362,975,918"
6/25/2024,121.2,126.5,119.32,126.09,"425,787,456"
6/24/2024,123.24,124.46,118.04,118.11,"476,060,866"
6/21/2024,127.12,130.63,124.3,126.57,"655,484,664"
6/20/2024,139.8,140.76,129.52,130.78,"517,768,425"
6/18/2024,131.14,136.33,130.69,135.58,"294,335,054"
6/17/2024,132.99,133.73,129.58,130.98,"288,504,444"
6/14/2024,129.96,132.84,128.32,131.88,"309,320,376"
6/13/2024,129.39,129.8,127.16,129.61,"260,704,537"
6/12/2024,123.06,126.88,122.57,125.2,"299,595,001"
6/11/2024,121.77,122.87,118.74,120.91,"222,551,158"
6/10/2024,120.37,123.1,117.01,121.79,"314,162,650"
6/7/2024,119.77,121.69,118.02,120.89,"412,385,800"
6/6/2024,124.05,125.59,118.32,121,"664,696,190"
6/5/2024,118.37,122.45,117.47,122.44,"528,401,780"
6/4/2024,115.72,116.6,114.05,116.44,"403,324,010"
6/3/2024,113.62,115,112,115,"438,391,760"
5/31/2024,112.52,112.72,106.94,109.63,"613,262,500"
5/30/2024,114.65,115.82,109.66,110.5,"487,350,330"
5/29/2024,113.05,115.49,110.9,114.83,"557,441,930"
5/28/2024,110.24,114.94,109.88,113.9,"652,727,890"
5/24/2024,104.45,106.48,103,106.47,"429,493,670"
5/23/2024,102.03,106.32,101.52,103.8,"835,065,280"
5/22/2024,95.46,96.02,93.25,94.95,"548,647,990"
5/21/2024,93.6,95.4,93.18,95.39,"328,946,460"
5/20/2024,93.75,95.2,93.44,94.78,"318,764,460"
5/17/2024,94.37,94.74,91.81,92.48,"359,691,030"
5/16/2024,94.91,95.82,94.1,94.36,"323,951,820"
5/15/2024,92.47,94.86,91.6,94.63,"417,735,450"
5/14/2024,89.6,91.65,88.93,91.36,"296,507,080"
5/13/2024,90.48,91,88.53,90.4,"289,680,170"
5/10/2024,90.3,91.4,89.23,89.88,"335,325,410"
5/9/2024,90.53,91.07,88.23,88.75,"378,012,680"
5/8/2024,89.48,91.19,89.42,90.41,"325,721,020"
5/7/2024,91.1,91.78,89.01,90.55,"437,341,610"
5/6/2024,89.39,92.22,89.05,92.14,"376,202,550"
5/3/2024,87.79,89.28,87.04,88.79,"398,340,720"
5/2/2024,84.45,86.24,83.2,85.82,"377,897,540"
5/1/2024,85.08,86,81.25,83.04,"559,863,170"
4/30/2024,87.24,88.82,86.3,86.4,"363,708,700"
4/29/2024,87.6,87.99,85.27,87.76,"388,970,760"
4/26/2024,83.82,88.33,83.39,87.74,"551,010,780"
4/25/2024,78.87,83.32,78.22,82.63,"424,640,730"
4/24/2024,83.95,84.08,79.18,79.68,"512,207,530"
4/23/2024,80.77,82.77,80.26,82.42,"438,559,370"
4/22/2024,78.1,80.07,76.4,79.52,"596,340,510"
4/19/2024,83.15,84.32,75.61,76.2,"875,198,000"
4/18/2024,84.97,86.19,82.4,84.67,"447,260,340"
4/17/2024,88.34,88.78,83.95,84.04,"495,399,510"
4/16/2024,86.43,88.12,86.06,87.41,"370,453,020"
4/15/2024,89.1,90.61,85.93,86,"443,076,950"
4/12/2024,89.7,90.17,87.53,88.19,"426,804,790"
4/11/2024,87.42,90.74,86.93,90.62,"431,637,270"
4/10/2024,83.93,87.4,83.71,87.04,"431,928,530"
4/9/2024,87.44,87.64,83.02,85.35,"503,547,350"
4/8/2024,88.7,88.83,86.73,87.13,"283,220,000"
4/5/2024,86.87,88.48,85.93,88.01,"399,678,460"
4/4/2024,90.41,90.63,85.88,85.91,"434,964,920"
4/3/2024,88.48,90.37,88.4,88.96,"370,066,550"
4/2/2024,88.45,90.09,87.62,89.45,"433,063,550"
4/1/2024,90.3,92.23,89.2,90.36,"452,441,490"
3/28/2024,90,91.3,89.19,90.36,"435,212,270"
3/27/2024,93.11,93.24,89.12,90.25,"586,067,230"
3/26/2024,95.85,96.38,92.5,92.56,"513,647,580"
3/25/2024,93.94,96.77,93.51,95,"552,136,080"
3/22/2024,91.14,94.78,90.83,94.29,"586,719,360"
3/21/2024,92.3,92.65,90.41,91.44,"480,372,310"
3/20/2024,89.8,90.41,88.22,90.37,"479,062,790"
3/19/2024,86.7,90.54,85.01,89.4,"672,171,270"
3/18/2024,90.39,92.41,87.09,88.46,"668,975,930"
3/15/2024,86.93,89.55,86.26,87.84,"642,086,160"
3/14/2024,89.58,90.65,86.6,87.94,"602,318,160"
3/13/2024,91.05,91.5,88.44,90.89,"635,712,890"
3/12/2024,88.05,91.96,86.15,91.91,"668,075,150"
3/11/2024,86.43,88.8,84.17,85.77,"678,364,120"
3/8/2024,95.14,97.4,86.51,87.53,"1,142,269,060"
3/7/2024,90.16,92.77,89.6,92.67,"608,119,160"
3/6/2024,88.02,89.72,87.03,88.7,"582,520,300"
3/5/2024,85.27,86.1,83.42,85.96,"520,639,300"
3/4/2024,84.13,87.7,83.72,85.24,"615,616,450"
3/1/2024,80,82.3,79.44,82.28,"479,135,100"
2/29/2024,79.09,79.99,78.35,79.11,"507,288,980"
2/28/2024,77.62,78.93,77.13,77.66,"393,110,400"
2/27/2024,79.38,79.48,77.16,78.7,"391,705,240"
2/26/2024,79.7,80.65,78.51,79.09,"503,972,730"
2/23/2024,80.79,82.39,77.57,78.82,"829,388,370"
2/22/2024,75.03,78.58,74.22,78.54,"865,099,740"
2/21/2024,68.01,68.89,66.25,67.47,"690,298,130"
2/20/2024,71.95,71.96,67.73,69.45,"704,833,100"
2/16/2024,74.1,74.4,72.5,72.61,"495,326,620"
2/15/2024,73.87,73.98,72.4,72.66,"420,121,810"
2/14/2024,73.2,74.24,71.94,73.9,"504,917,420"
2/13/2024,70.4,73.45,69.62,72.13,"602,580,150"
2/12/2024,72.6,74.61,71.25,72.25,"613,710,180"
2/9/2024,70.53,72.19,70.21,72.13,"436,636,890"
2/8/2024,70.07,70.79,69.46,69.64,"414,422,110"
2/7/2024,68.32,70.22,67.6,70.1,"495,574,550"
2/6/2024,69.63,69.75,66.3,68.22,"683,111,360"
2/5/2024,68.23,69.5,67.21,69.33,"680,078,010"
2/2/2024,63.97,66.6,63.69,66.16,"476,577,650"
2/1/2024,62.1,63.19,61.65,63.03,"369,145,790"
1/31/2024,61.44,62.27,60.7,61.53,"453,794,870"
1/30/2024,62.9,63.49,62.26,62.77,"410,735,300"
1/29/2024,61.23,62.49,60.91,62.46,"348,732,980"
1/26/2024,60.96,61.78,60.57,61.03,"390,308,590"
1/25/2024,62.35,62.72,60.85,61.62,"482,776,840"
1/24/2024,60.3,62.85,59.94,61.36,"560,270,760"
1/23/2024,59.57,59.91,58.59,59.87,"294,654,450"
1/22/2024,60.05,60.33,59.07,59.65,"452,954,630"
1/19/2024,57.99,59.5,57.23,59.49,"543,501,480"
1/18/2024,57.26,57.6,56.11,57.11,"491,650,360"
1/17/2024,56.35,56.47,54.74,56.05,"474,394,440"
1/16/2024,55.02,56.83,54.9,56.38,"449,579,730"
1/12/2024,54.62,54.97,54.33,54.71,"352,993,600"
1/11/2024,55,55.35,53.56,54.82,"596,758,770"
1/10/2024,53.62,54.6,53.49,54.35,"533,795,760"
1/9/2024,52.4,54.33,51.69,53.14,"773,100,060"
1/8/2024,49.51,52.28,49.48,52.25,"642,509,900"
1/5/2024,48.46,49.55,48.31,49.1,"415,039,270"
1/4/2024,47.77,48.5,47.51,48,"306,534,890"
1/3/2024,47.49,48.18,47.32,47.57,"320,896,170"
1/2/2024,49.24,49.3,47.6,48.17,"411,254,220"
12/29/2023,49.81,50,48.75,49.52,"389,293,300"
12/28/2023,49.64,49.88,49.41,49.52,"246,587,480"
12/27/2023,49.51,49.68,49.09,49.42,"233,647,980"
12/26/2023,48.97,49.6,48.96,49.28,"244,199,520"
12/22/2023,49.2,49.38,48.47,48.83,"252,506,760"
12/21/2023,48.81,49.1,48.42,48.99,"300,425,350"
12/20/2023,49.66,50,48.1,48.11,"397,894,390"
12/19/2023,49.42,49.7,48.89,49.6,"464,444,460"
12/18/2023,49.4,50.43,49.15,50.08,"412,587,170"
12/15/2023,48.19,49.4,48.12,48.89,"479,947,580"
12/14/2023,48.39,48.67,47.42,48.35,"391,231,740"
12/13/2023,47.63,48.59,47.61,48.09,"447,791,860"
12/12/2023,46.05,47.67,46.05,47.66,"372,386,860"
12/11/2023,47.49,47.53,45.83,46.63,"509,728,090"
12/8/2023,46.6,47.74,46.55,47.51,"359,223,700"
12/7/2023,45.7,46.63,45.6,46.6,"350,822,550"
12/6/2023,47.21,47.39,45.41,45.5,"380,589,550"
12/5/2023,45.47,46.6,45.27,46.57,"371,717,620"
12/4/2023,46.08,46.08,45.01,45.51,"437,543,440"
12/1/2023,46.53,47.2,46.19,46.77,"369,317,010"
11/30/2023,48.02,48.11,46.42,46.77,"526,246,630"
11/29/2023,48.38,48.76,47.86,48.14,"382,004,650"
11/28/2023,48.24,48.32,47.47,47.82,"401,490,850"
11/27/2023,47.8,48.53,47.65,48.24,"395,661,900"
11/24/2023,48.47,48.92,47.75,47.78,"294,644,640"
11/22/2023,49.85,50.33,47.69,48.72,"900,642,330"
11/21/2023,50.13,50.52,49.22,49.94,"565,746,870"
11/20/2023,49.31,50.55,49.18,50.41,"416,142,600"
11/17/2023,49.52,49.72,49.01,49.3,"325,896,910"
11/16/2023,48.68,49.52,48.33,49.48,"339,756,240"
11/15/2023,49.94,49.96,48.2,48.89,"475,497,350"
11/14/2023,49.68,49.83,49.04,49.66,"416,953,870"
11/13/2023,48.32,49.12,48.1,48.62,"384,135,700"
11/10/2023,47.5,48.47,47.28,48.34,"422,441,560"
11/9/2023,47.47,48.23,46.75,46.95,"540,495,970"
11/8/2023,46.1,46.87,45.97,46.57,"346,718,940"
11/7/2023,45.72,46.22,45.16,45.96,"343,165,470"
11/6/2023,45.28,45.94,44.9,45.75,"400,733,350"
11/3/2023,44.02,45.31,43.72,45.01,"424,609,590"
11/2/2023,43.33,43.88,42.89,43.51,"409,171,870"
11/1/2023,40.88,42.38,40.87,42.33,"437,592,900"
10/31/2023,40.45,40.88,39.23,40.78,"517,968,700"
10/30/2023,41.09,41.77,40.48,41.16,"388,028,140"
10/27/2023,41.13,41.21,40.02,40.5,"416,784,410"
10/26/2023,41.85,42.26,39.88,40.33,"541,001,320"
10/25/2023,43.4,43.65,41.56,41.78,"398,379,220"
10/24/2023,43.08,43.7,42.69,43.66,"401,463,370"
10/23/2023,41.23,43.25,40.95,42.98,"478,530,490"
10/20/2023,41.89,42.47,41.08,41.39,"477,266,050"
10/19/2023,42.81,43.3,41.88,42.1,"501,233,080"
10/18/2023,42.59,43.22,41.83,42.2,"627,294,340"
10/17/2023,44,44.75,42.48,43.94,"812,332,670"
10/16/2023,45.06,46.23,44.91,46.1,"375,099,240"
10/13/2023,46.96,47.12,45.28,45.46,"475,425,990"
10/12/2023,46.78,47.61,46.33,46.95,"481,325,000"
10/11/2023,46.2,46.86,46.05,46.81,"378,136,890"
10/10/2023,45.31,46.26,45.09,45.8,"368,582,080"
10/9/2023,44.84,45.61,44.37,45.27,"409,674,720"
10/6/2023,44.19,45.79,44.03,45.76,"434,436,020"
10/5/2023,44.05,44.9,43.89,44.69,"393,483,090"
10/4/2023,43.74,44.14,43.29,44.04,"361,820,860"
10/3/2023,44.81,45.13,43.25,43.52,"470,849,540"
10/2/2023,44.03,45.18,43.86,44.78,"433,298,210"
9/29/2023,43.83,44.14,43.31,43.5,"397,829,930"
9/28/2023,42.46,43.45,42.11,43.09,"424,662,790"
9/27/2023,42.33,42.87,41.63,42.47,"444,935,200"
9/26/2023,42,42.82,41.66,41.91,"402,282,090"
9/25/2023,41.59,42.54,41.18,42.22,"419,090,960"
9/22/2023,41.57,42.11,41.23,41.61,"479,236,310"
9/21/2023,41.58,42.1,40.98,41.02,"450,735,960"
9/20/2023,43.6,43.9,42.22,42.24,"367,107,690"
9/19/2023,43.83,43.97,43,43.52,"373,064,240"
9/18/2023,42.75,44.24,42,43.97,"500,270,790"
9/15/2023,45.34,45.6,43.81,43.9,"506,830,510"
9/14/2023,45.95,45.99,45.13,45.58,"370,097,200"
9/13/2023,44.6,45.93,44.5,45.49,"398,355,350"
9/12/2023,44.74,45.67,44.53,44.87,"349,256,340"
9/11/2023,46.15,46.16,44.31,45.18,"473,965,550"
9/8/2023,45.94,46.61,45.27,45.57,"473,899,940"
9/7/2023,45.53,46.34,45.15,46.24,"433,329,890"
9/6/2023,48.44,48.55,46.58,47.06,"468,669,570"
9/5/2023,48.22,48.85,47.86,48.55,"382,652,580"
9/1/2023,49.76,49.8,48.14,48.51,"463,830,300"
8/31/2023,49.38,49.74,48.96,49.36,"528,569,770"
8/30/2023,49.04,49.93,48.43,49.26,"735,205,980"
8/29/2023,46.67,49.08,46.39,48.78,"701,396,990"
8/28/2023,46.48,46.98,44.89,46.84,"685,192,230"
8/25/2023,47.01,47.81,45.02,46.02,"925,340,520"
8/24/2023,50.22,50.27,47.16,47.16,"1,156,044,090"
8/23/2023,45.87,47.2,45.21,47.12,"779,046,080"
8/22/2023,48.14,48.19,45.33,45.67,"757,206,910"
8/21/2023,44.49,47.07,44.22,46.97,"692,573,370"
8/18/2023,42.64,43.58,41.66,43.3,"583,767,870"
8/17/2023,43.97,44.06,43,43.34,"452,394,820"
8/16/2023,44.52,44.68,43.41,43.49,"527,450,680"
8/15/2023,44.56,45.27,43.71,43.94,"676,511,510"
8/14/2023,40.49,43.8,40.31,43.75,"690,285,830"
8/11/2023,41.75,42.02,40.64,40.86,"533,085,260"
8/10/2023,42.16,43.57,41.84,42.39,"492,705,300"
8/9/2023,44.27,44.31,42.13,42.55,"586,449,070"
8/8/2023,44.85,45.24,44.06,44.66,"353,843,430"
8/7/2023,45.11,45.54,44.56,45.42,"322,153,540"
8/4/2023,44.99,45.64,44.39,44.68,"362,666,180"
8/3/2023,43.8,45.12,43.8,44.52,"325,076,600"
8/2/2023,45.83,45.84,43.39,44.27,"530,141,570"
8/1/2023,46.46,46.9,46.03,46.51,"239,275,970"
7/31/2023,46.75,47.13,46.51,46.73,"251,055,280"
7/28/2023,46.67,47.03,46.38,46.75,"331,194,240"
7/27/2023,46.52,47.39,45.75,45.9,"455,975,520"
7/26/2023,46.02,46.05,44.63,45.45,"364,237,260"
7/25/2023,44.94,46.18,44.92,45.68,"348,080,910"
7/24/2023,44.73,45.11,44.04,44.61,"383,099,740"
7/21/2023,45.79,45.87,44.1,44.31,"963,768,630"
7/20/2023,46.51,47.09,45.06,45.52,"537,864,510"
7/19/2023,47.46,47.82,46.74,47.08,"427,501,790"
7/18/2023,46.7,47.9,45.73,47.49,"570,190,420"
7/17/2023,46.29,46.5,45.26,46.46,"510,488,220"
7/14/2023,46.58,48.09,45.06,45.47,"772,075,330"
7/13/2023,44.52,46.16,44.49,45.98,"478,203,690"
7/12/2023,43.03,43.94,42.78,43.9,"481,277,020"
7/11/2023,42.48,42.76,42.07,42.41,"298,244,060"
7/10/2023,42.66,42.81,41.65,42.18,"353,908,110"
7/7/2023,42.32,43.21,42.18,42.5,"355,881,470"
7/6/2023,41.84,42.18,41.35,42.1,"304,138,790"
7/5/2023,42.14,43.18,42.09,42.32,"323,617,560"
7/3/2023,42.52,42.9,42.2,42.41,"198,209,190"
6/30/2023,41.68,42.55,41.5,42.3,"501,147,750"
6/29/2023,41.56,41.6,40.6,40.82,"380,514,300"
6/28/2023,40.66,41.85,40.52,41.12,"582,639,270"
6/27/2023,40.8,41.94,40.45,41.88,"462,174,700"
6/26/2023,42.46,42.76,40.1,40.63,"594,321,920"
6/23/2023,42.46,42.81,42.02,42.21,"358,139,840"
6/22/2023,42.25,43.43,42.23,43.03,"417,737,430"
6/21/2023,43.5,43.61,42.08,43.05,"551,602,910"
6/20/2023,43,43.99,42.67,43.81,"451,153,110"
6/16/2023,43.45,43.72,42.66,42.69,"655,709,410"
6/15/2023,42.6,43.29,42.15,42.65,"568,622,040"
6/14/2023,40.82,43,40.55,43,"740,465,020"
6/13/2023,40.19,41.1,39.74,41.02,"613,208,160"
6/12/2023,39.2,39.53,38.62,39.48,"389,673,350"
6/9/2023,39.04,39.71,38.57,38.77,"427,717,470"
6/8/2023,37.72,38.86,37.51,38.51,"417,772,400"
6/7/2023,38.92,39.5,37.36,37.48,"511,997,890"
6/6/2023,38.83,39.16,38.15,38.65,"388,729,140"
6/5/2023,38.91,39.57,38.71,39.17,"396,093,810"
6/2/2023,40.1,40.5,39.06,39.33,"482,731,210"
6/1/2023,38.49,40.05,38.34,39.77,"635,872,950"
5/31/2023,39.49,40.3,37.82,37.83,"1,002,580,200"
5/30/2023,40.6,41.94,39.95,40.11,"923,401,100"
5/26/2023,37.89,39.17,37.55,38.95,"714,396,760"
5/25/2023,38.52,39.48,36.64,37.98,"1,543,910,670"
5/24/2023,30.21,30.61,29.81,30.54,"721,418,510"
5/23/2023,31,31.29,30.63,30.69,"356,253,260"
5/22/2023,30.9,31.52,30.68,31.18,"371,999,670"
5/19/2023,31.54,31.58,30.92,31.26,"473,907,650"
5/18/2023,30.41,31.83,30.32,31.68,"748,725,010"
5/17/2023,29.58,30.2,29.43,30.18,"432,535,410"
5/16/2023,28.84,29.87,28.83,29.21,"449,404,940"
5/15/2023,28.51,28.97,28.15,28.95,"293,925,870"
5/12/2023,28.53,28.78,28.05,28.34,"274,222,250"
5/11/2023,28.9,28.95,28.25,28.58,"322,149,030"
5/10/2023,29.01,29.11,28.46,28.89,"369,349,980"
5/9/2023,28.9,28.97,28.45,28.57,"314,869,460"
5/8/2023,28.52,29.22,28.35,29.15,"344,978,900"
5/5/2023,27.83,28.76,27.73,28.68,"361,494,080"
5/4/2023,27.65,27.86,27.24,27.56,"321,850,410"
5/3/2023,27.84,28.37,27.47,27.8,"383,387,400"
5/2/2023,28.68,28.84,28.08,28.21,"402,729,570"
5/1/2023,27.84,29.06,27.78,28.91,"570,328,530"
4/28/2023,27.23,27.76,27.07,27.75,"292,216,140"
4/27/2023,27.36,27.49,26.63,27.23,"377,161,190"
4/26/2023,27,27.33,26.71,26.96,"406,336,810"
4/25/2023,27.08,27.25,26.23,26.24,"378,527,160"
4/24/2023,27.01,27.37,26.67,27.04,"339,281,860"
4/21/2023,26.95,27.18,26.72,27.12,"345,102,770"
4/20/2023,27.67,28.03,27,27.1,"427,713,260"
4/19/2023,27.36,28,27.23,27.93,"358,660,410"
4/18/2023,27.53,28.11,27.36,27.67,"604,811,540"
4/17/2023,26.57,27.01,26.43,27,"321,471,300"
4/14/2023,26.5,26.88,26.22,26.76,"395,660,130"
4/13/2023,26.73,26.89,26.33,26.46,"353,615,280"
4/12/2023,27.37,27.47,26.45,26.49,"446,258,950"
4/11/2023,27.72,27.79,27.13,27.17,"314,378,170"
4/10/2023,26.82,27.62,26.67,27.58,"395,278,550"
4/6/2023,26.58,27.08,26.43,27.04,"397,654,340"
4/5/2023,26.83,27,26.4,26.88,"515,014,740"
4/4/2023,27.97,28,27.31,27.45,"368,591,530"
4/3/2023,27.51,28,27.34,27.96,"398,715,600"
3/31/2023,27.14,27.83,27.11,27.78,"433,932,770"
3/30/2023,27.23,27.5,27.1,27.38,"364,515,740"
3/29/2023,26.83,27.08,26.6,26.98,"393,693,870"
3/28/2023,26.45,26.51,25.85,26.41,"356,103,780"
3/27/2023,26.84,27,26.37,26.53,"361,025,740"
3/24/2023,27.03,27.17,26.36,26.78,"455,414,070"
3/23/2023,27.12,27.5,26.69,27.19,"564,888,760"
3/22/2023,26.43,27.59,26.24,26.47,"797,295,110"
3/21/2023,26.18,26.39,25.38,26.2,"547,407,760"
3/20/2023,25.62,26.02,25.13,25.9,"432,747,190"
3/17/2023,25.98,26.4,25.67,25.73,"848,546,560"
3/16/2023,24.03,25.59,23.89,25.54,"584,946,260"
3/15/2023,23.76,24.29,23.36,24.23,"524,485,740"
3/14/2023,23.5,24.22,23.46,24.06,"474,910,130"
3/13/2023,22.75,23.3,22.3,22.97,"421,890,320"
3/10/2023,23.41,23.63,22.73,22.97,"474,865,650"
3/9/2023,24.18,24.45,23.38,23.44,"501,256,990"
3/8/2023,23.49,24.2,23.42,24.18,"513,573,390"
3/7/2023,23.6,24.13,23.24,23.29,"515,153,880"
3/6/2023,23.89,24.25,23.49,23.55,"437,429,230"
3/3/2023,23.32,23.9,23.13,23.89,"412,393,300"
3/2/2023,22.49,23.38,22.43,23.31,"390,074,650"
3/1/2023,23.19,23.26,22.51,22.7,"460,025,620"
2/28/2023,23.37,23.83,23.21,23.22,"455,962,800"
2/27/2023,23.67,23.88,23.45,23.5,"452,993,670"
2/24/2023,23.23,23.47,22.95,23.29,"589,715,910"
2/23/2023,23.44,23.89,23.03,23.66,"1,117,995,410"
2/22/2023,20.71,21.1,20.42,20.75,"513,184,320"
2/21/2023,21,21.49,20.62,20.66,"410,014,550"
2/17/2023,21.63,21.74,20.98,21.39,"465,887,640"
2/16/2023,22.13,22.55,21.93,22,"412,026,280"
2/15/2023,22.55,22.86,22.11,22.76,"421,188,260"
2/14/2023,21.58,23.05,21.37,22.97,"675,473,500"
2/13/2023,21.54,22.05,20.96,21.79,"474,918,620"
2/10/2023,21.69,22.08,20.81,21.27,"550,736,750"
2/9/2023,22.61,23.02,22.12,22.34,"523,875,780"
2/8/2023,22.39,22.88,22.01,22.21,"559,651,220"
2/7/2023,21.38,22.26,21.15,22.17,"664,149,610"
2/6/2023,20.81,21.57,20.79,21.09,"452,197,090"
2/3/2023,21,21.74,20.79,21.1,"429,365,950"
2/2/2023,21,21.95,20.7,21.71,"564,275,800"
2/1/2023,19.69,21.19,19.61,20.94,"660,477,040"
1/31/2023,19.17,19.69,18.95,19.54,"498,016,580"
1/30/2023,19.95,20.14,19.15,19.16,"488,611,150"
1/27/2023,19.46,20.63,19.41,20.37,"542,141,980"
1/26/2023,19.7,20.17,19.28,19.8,"489,535,420"
1/25/2023,18.91,19.37,18.58,19.32,"449,537,110"
1/24/2023,18.83,19.49,18.82,19.27,"496,204,100"
1/23/2023,18.06,19.24,17.82,19.19,"655,162,590"
1/20/2023,17.01,17.86,16.83,17.84,"564,967,120"
1/19/2023,17.04,17.2,16.73,16.77,"452,931,600"
1/18/2023,17.67,17.87,17.28,17.38,"439,623,550"
1/17/2023,16.9,17.73,16.9,17.7,"511,102,160"
1/13/2023,16.28,16.92,16.17,16.9,"447,287,060"
1/12/2023,16.1,16.64,15.49,16.51,"551,409,060"
1/11/2023,15.84,16.03,15.56,16,"353,284,930"
1/10/2023,15.51,15.96,15.47,15.91,"384,101,260"
1/9/2023,15.28,16.06,15.14,15.63,"504,230,560"
1/6/2023,14.47,15.01,14.03,14.86,"405,043,620"
1/5/2023,14.49,14.56,14.15,14.27,"389,168,110"
1/4/2023,14.57,14.85,14.24,14.75,"431,323,600"
1/3/2023,14.85,15,14.1,14.32,"401,276,580"
12/30/2022,14.33,14.63,14.23,14.61,"310,489,830"
12/29/2022,14.4,14.68,14.23,14.6,"354,923,240"
12/28/2022,13.93,14.26,13.88,14.04,"351,066,450"
12/27/2022,15.07,15.1,14.06,14.12,"464,902,260"
12/23/2022,15.2,15.34,14.88,15.21,"349,325,630"
12/22/2022,16.09,16.14,14.88,15.34,"565,045,270"
12/21/2022,16.11,16.63,16.1,16.5,"325,025,380"
12/20/2022,16.06,16.31,15.85,16.09,"403,259,790"
12/19/2022,16.57,16.61,16.15,16.25,"354,038,770"
12/16/2022,16.86,17.04,16.41,16.57,"478,231,930"
12/15/2022,17.15,17.32,16.7,16.95,"478,542,100"
12/14/2022,17.99,18.25,17.42,17.67,"496,888,100"
12/13/2022,18.53,18.79,17.71,18.07,"656,588,760"
12/12/2022,17.04,17.54,16.8,17.54,"457,327,800"
12/9/2022,17.16,17.58,16.98,17,"465,338,190"
12/8/2022,16.27,17.18,15.96,17.17,"515,455,540"
12/7/2022,15.77,16.19,15.67,16.12,"372,387,580"
12/6/2022,16.53,16.57,15.82,15.99,"352,694,270"
12/5/2022,16.68,16.99,16.47,16.61,"352,255,170"
12/2/2022,16.66,16.93,16.45,16.88,"371,388,580"
12/1/2022,17,17.27,16.63,17.13,"470,976,570"
11/30/2022,15.7,16.93,15.6,16.92,"565,298,220"
11/29/2022,15.83,15.93,15.52,15.64,"298,384,490"
11/28/2022,16.03,16.36,15.73,15.83,"304,152,010"
11/25/2022,16.32,16.49,16.17,16.27,"167,934,300"
11/23/2022,16.1,16.53,16.05,16.52,"427,240,930"
11/22/2022,15.33,16.06,15.12,16.04,"472,866,070"
11/21/2022,15.15,15.48,15.08,15.32,"404,739,310"
11/18/2022,15.97,16,15.12,15.41,"492,071,650"
11/17/2022,15.72,16.27,15.54,15.68,"710,893,560"
11/16/2022,16.16,16.36,15.87,15.91,"649,546,840"
11/15/2022,16.72,17,16.38,16.67,"545,875,500"
11/14/2022,16.22,16.54,15.92,16.29,"527,852,450"
11/11/2022,15.81,16.39,15.48,16.33,"655,487,470"
11/10/2022,14.8,15.77,14.55,15.75,"700,819,250"
11/9/2022,14.16,14.21,13.76,13.78,"454,413,660"
11/8/2022,14.8,14.89,14.22,14.6,"595,291,990"
11/7/2022,14.23,14.41,13.95,14.3,"410,060,950"
11/4/2022,13.99,14.23,13.7,14.16,"612,575,910"
11/3/2022,13.04,13.78,12.96,13.42,"500,064,860"
11/2/2022,13.85,14.21,13.21,13.22,"672,627,840"
11/1/2022,13.81,13.93,13.52,13.54,"432,816,900"
10/31/2022,13.78,13.84,13.3,13.5,"486,340,990"
10/28/2022,13.1,13.85,13.06,13.83,"521,039,930"
10/27/2022,13.63,13.84,13.12,13.18,"583,113,080"
10/26/2022,12.87,13.39,12.71,12.9,"535,533,290"
10/25/2022,12.69,13.3,12.66,13.26,"505,482,330"
10/24/2022,12.51,12.71,12.06,12.6,"517,457,400"
10/21/2022,12.1,12.5,11.89,12.47,"609,494,410"
10/20/2022,12.11,12.77,12.11,12.19,"652,397,610"
10/19/2022,11.88,12.35,11.83,12.05,"523,130,610"
10/18/2022,12.34,12.49,11.62,11.97,"659,362,060"
10/17/2022,11.52,11.95,11.52,11.89,"580,774,170"
10/14/2022,12.06,12.11,11.2,11.23,"713,431,990"
10/13/2022,10.97,12.08,10.81,11.96,"850,103,010"
10/12/2022,11.58,11.74,11.35,11.5,"492,590,190"
10/11/2022,11.56,11.85,11.28,11.59,"667,481,630"
10/10/2022,12.04,12.12,11.41,11.67,"698,699,250"
10/7/2022,12.5,12.67,12.02,12.08,"672,478,160"
10/6/2022,13.22,13.66,13.1,13.13,"644,156,890"
10/5/2022,12.91,13.32,12.62,13.21,"507,130,730"
10/4/2022,12.88,13.22,12.88,13.17,"584,181,670"
10/3/2022,12.35,12.68,12.11,12.51,"547,478,470"
9/30/2022,12.09,12.63,12.08,12.14,"565,638,420"
9/29/2022,12.45,12.5,11.95,12.22,"532,763,120"
9/28/2022,12.41,12.82,12.35,12.74,"542,413,880"
9/27/2022,12.51,12.74,12.26,12.41,"553,854,060"
9/26/2022,12.49,12.66,12.21,12.23,"547,342,690"
9/23/2022,12.42,12.61,12.26,12.52,"663,309,310"
9/22/2022,13.07,13.15,12.43,12.56,"759,162,160"
9/21/2022,13.21,14.03,13.11,13.26,"807,679,400"
9/20/2022,13.21,13.48,13.06,13.18,"524,817,750"
9/19/2022,13.01,13.46,13.01,13.38,"569,685,280"
9/16/2022,12.74,13.21,12.62,13.2,"670,751,400"
9/15/2022,13.02,13.23,12.79,12.93,"523,625,160"
9/14/2022,13.25,13.29,12.91,13.13,"588,506,540"
9/13/2022,13.8,13.92,13.1,13.13,"714,955,630"
9/12/2022,14.37,14.55,14.2,14.51,"484,159,240"
9/9/2022,14.16,14.47,14.13,14.39,"487,128,420"
9/8/2022,13.46,14.01,13.37,13.99,"624,873,120"
9/7/2022,13.56,13.84,13.35,13.71,"512,657,460"
9/6/2022,13.73,13.78,13.35,13.47,"535,751,180"
9/2/2022,14.1,14.17,13.59,13.65,"743,157,460"
9/1/2022,14.21,14.38,13.27,13.94,"1,178,865,140"
8/31/2022,15.38,15.54,14.96,15.09,"573,709,860"
8/30/2022,15.96,16.04,15.18,15.47,"530,180,690"
8/29/2022,16.02,16.34,15.77,15.8,"496,131,940"
8/26/2022,17.86,17.92,16.24,16.26,"769,127,430"
8/25/2022,16.84,17.95,16.83,17.91,"770,691,330"
8/24/2022,17.01,17.41,16.9,17.22,"522,660,710"
8/23/2022,16.99,17.47,16.97,17.18,"369,985,770"
8/22/2022,17.49,17.56,16.97,17.03,"409,592,710"
8/19/2022,18.41,18.52,17.77,17.85,"441,588,330"
8/18/2022,18.3,18.86,18.18,18.77,"415,446,560"
8/17/2022,18.52,18.69,18.15,18.34,"446,799,110"
8/16/2022,18.92,19.14,18.5,18.88,"451,239,640"
8/15/2022,18.7,19.16,18.61,19.03,"457,665,560"
8/12/2022,18.16,18.72,17.95,18.71,"478,094,150"
8/11/2022,18.13,18.71,17.88,17.94,"509,326,550"
8/10/2022,17.7,18.12,17.32,18.1,"597,422,460"
8/9/2022,17.25,17.45,16.72,17.09,"668,262,650"
8/8/2022,17.5,18.24,17.24,17.79,"983,783,180"
8/5/2022,18.81,19.23,18.67,18.99,"386,068,290"
8/4/2022,18.85,19.27,18.76,19.22,"409,652,270"
8/3/2022,18.18,18.97,18.14,18.89,"418,145,570"
8/2/2022,18.12,18.94,18.09,18.53,"489,526,920"
8/1/2022,18.18,18.85,17.99,18.44,"476,469,040"
7/29/2022,17.81,18.24,17.69,18.16,"435,460,420"
7/28/2022,17.98,18.14,17.44,17.98,"474,646,280"
7/27/2022,17.03,17.94,16.91,17.79,"569,776,230"
7/26/2022,16.89,16.92,16.48,16.53,"397,864,910"
7/25/2022,17.02,17.12,16.65,17.02,"480,747,510"
7/22/2022,17.89,17.97,17.14,17.32,"536,670,880"
7/21/2022,17.88,18.14,17.54,18.05,"557,049,280"
7/20/2022,16.95,17.93,16.8,17.81,"760,537,790"
7/19/2022,16.49,17.11,16.17,16.99,"702,366,080"
7/18/2022,16.3,16.9,16,16.1,"670,517,450"
7/15/2022,15.66,15.78,15.44,15.76,"385,935,470"
7/14/2022,15.11,15.47,14.73,15.37,"456,234,840"
7/13/2022,14.59,15.38,14.47,15.16,"521,918,340"
7/12/2022,15.27,15.43,14.88,15.08,"458,483,100"
7/11/2022,15.53,15.53,15.04,15.15,"438,388,730"
7/8/2022,15.43,16.04,15.39,15.84,"467,971,760"
7/7/2022,15.46,15.94,15.39,15.86,"492,902,760"
7/6/2022,15.01,15.32,14.79,15.13,"529,065,860"
7/5/2022,14.18,14.97,14.06,14.96,"652,207,610"
7/1/2022,14.9,15.06,14.39,14.52,"577,610,080"
6/30/2022,15.36,15.57,14.86,15.16,"686,070,030"
6/29/2022,15.81,15.82,15.17,15.54,"482,352,280"
6/28/2022,16.9,17.2,15.94,15.98,"461,859,360"
6/27/2022,17.31,17.33,16.63,16.87,"427,967,880"
6/24/2022,16.5,17.14,16.31,17.13,"472,152,830"
6/23/2022,16.52,16.59,15.85,16.23,"463,679,590"
6/22/2022,16.23,16.66,16.18,16.36,"437,997,440"
6/21/2022,16.47,17.01,16.41,16.57,"483,088,880"
6/17/2022,15.65,16,15.33,15.88,"630,333,970"
6/16/2022,15.86,15.94,15.4,15.6,"545,748,670"
6/15/2022,16.1,16.87,15.93,16.53,"563,935,650"
6/14/2022,15.73,16.07,15.41,15.84,"469,679,520"
6/13/2022,16,16.31,15.61,15.65,"604,153,380"
6/10/2022,17.6,17.7,16.87,16.97,"465,649,660"
6/9/2022,18.48,18.93,18.04,18.05,"395,573,790"
6/8/2022,18.8,19.18,18.54,18.65,"363,252,460"
6/7/2022,18.47,19,18.19,18.93,"388,914,110"
6/6/2022,19.14,19.34,18.56,18.79,"422,406,150"
6/3/2022,19.08,19.33,18.52,18.72,"598,778,700"
6/2/2022,18.29,19.62,18.2,19.59,"648,655,800"
6/1/2022,18.72,19.05,18.12,18.32,"544,513,900"
5/31/2022,18.98,19.2,18.35,18.67,"664,099,510"
5/27/2022,18.19,18.88,18.1,18.81,"738,379,350"
5/26/2022,16.04,18.09,16.02,17.85,"996,574,520"
5/25/2022,16.02,17.11,16,16.98,"781,131,900"
5/24/2022,16.51,16.6,15.78,16.15,"588,550,020"
5/23/2022,16.27,16.92,16.18,16.9,"639,888,690"
5/20/2022,17.33,17.41,15.76,16.69,"739,105,260"
5/19/2022,16.94,17.69,16.73,17.12,"621,309,590"
5/18/2022,17.71,18.12,16.86,16.94,"545,161,060"
5/17/2022,18.07,18.37,17.63,18.18,"585,829,710"
5/16/2022,17.51,17.79,17.11,17.26,"521,445,980"
5/13/2022,16.79,17.93,16.59,17.71,"670,436,510"
5/12/2022,16.22,16.79,15.57,16.18,"708,728,370"
5/11/2022,17.35,17.75,16.57,16.63,"670,167,030"
5/10/2022,17.69,18.2,17.03,17.6,"761,474,290"
5/9/2022,18.03,18.26,16.83,16.95,"644,454,510"
5/6/2022,18.74,19.51,17.99,18.68,"633,296,720"
5/5/2022,19.87,19.93,18.5,18.84,"626,331,410"
5/4/2022,19.92,20.4,18.75,20.33,"648,854,630"
5/3/2022,19.4,19.83,19.13,19.6,"475,750,840"
5/2/2022,18.54,19.57,18.39,19.53,"572,048,680"
4/29/2022,19.4,20.13,18.52,18.55,"500,434,910"
4/28/2022,18.97,20.04,18.49,19.78,"570,326,710"
4/27/2022,18.6,19.17,18.29,18.42,"499,460,170"
4/26/2022,19.72,19.79,18.67,18.79,"653,142,500"
4/25/2022,19.2,19.95,19.1,19.9,"641,565,610"
4/22/2022,20.3,20.49,19.5,19.52,"624,713,430"
4/21/2022,21.71,22.39,20,20.18,"656,209,440"
4/20/2022,22.52,22.67,21.2,21.48,"468,974,440"
4/19/2022,21.72,22.37,21.31,22.2,"512,780,580"
4/18/2022,21.2,22.09,21.08,21.78,"525,700,610"
4/14/2022,22.51,22.78,21.16,21.26,"569,096,850"
4/13/2022,21.73,22.5,21.46,22.2,"516,943,440"
4/12/2022,22.54,22.73,21.28,21.5,"662,258,070"
4/11/2022,22.21,22.32,21.66,21.92,"575,206,840"
4/8/2022,23.92,23.92,23.06,23.12,"524,780,640"
4/7/2022,24.44,24.72,23.48,24.21,"557,992,360"
4/6/2022,24.93,25.3,24,24.41,"703,832,560"
4/5/2022,27.25,27.32,25.82,25.93,"436,614,730"
4/4/2022,26.73,27.56,26.61,27.36,"397,707,820"
4/1/2022,27.38,27.5,26.27,26.71,"517,235,110"
3/31/2022,27.78,28.25,27.27,27.29,"523,440,220"
3/30/2022,28.3,28.5,27.5,27.69,"463,487,130"
3/29/2022,28.69,28.95,27.98,28.66,"488,984,400"
3/28/2022,27.76,28.25,27.21,28.22,"425,493,920"
3/25/2022,27.89,28.36,27.27,27.69,"579,016,180"
3/24/2022,26.17,28.32,25.91,28.15,"877,379,140"
3/23/2022,26.13,26.61,25.58,25.63,"502,119,860"
3/22/2022,26.73,27.24,26.07,26.52,"547,007,100"
3/21/2022,26.51,27.15,25.97,26.73,"591,727,080"
3/18/2022,24.8,26.57,24.62,26.45,"730,718,560"
3/17/2022,24.12,24.84,23.91,24.77,"471,941,190"
3/16/2022,23.5,24.6,23.17,24.5,"671,421,740"
3/15/2022,21.52,23.04,21.32,22.97,"491,995,690"
3/14/2022,21.87,22.26,21.16,21.33,"385,354,240"
3/11/2022,23.02,23.15,22.05,22.1,"367,208,570"
3/10/2022,22.53,22.79,21.88,22.66,"428,065,650"
3/9/2022,22.39,23.22,22.25,23.01,"492,741,950"
3/8/2022,21.31,22.37,20.65,21.51,"557,467,190"
3/7/2022,22.82,23.03,21.33,21.35,"450,820,890"
3/4/2022,23.38,23.68,22.48,22.94,"432,010,700"
3/3/2022,24.26,24.33,23.47,23.71,"365,095,040"
3/2/2022,23.76,24.41,23.42,24.22,"389,641,850"
3/1/2022,24.29,24.38,23.13,23.48,"412,055,980"
2/28/2022,23.99,24.67,23.71,24.38,"477,318,610"
2/25/2022,23.72,24.22,23.38,24.16,"528,865,510"
2/24/2022,21.02,23.8,20.89,23.75,"735,800,630"
2/23/2022,23.8,24.15,22.3,22.39,"566,510,770"
2/22/2022,23.04,24.06,23,23.39,"633,422,440"
2/18/2022,24.67,24.99,23.1,23.64,"761,254,910"
2/17/2022,25.63,25.79,24.17,24.51,"810,595,080"
2/16/2022,26.26,26.58,25.55,26.51,"732,676,330"
2/15/2022,24.95,26.54,24.78,26.49,"701,752,800"
2/14/2022,23.93,24.88,23.76,24.27,"440,424,430"
2/11/2022,25.92,26.15,23.77,23.95,"605,471,980"
2/10/2022,25.99,26.92,25.6,25.82,"513,199,720"
2/9/2022,25.62,26.73,25.35,26.71,"524,281,660"
2/8/2022,24.36,25.23,23.98,25.11,"410,358,640"
2/7/2022,24.37,25.18,24.2,24.73,"376,867,500"
2/4/2022,23.97,24.63,23.63,24.32,"354,828,500"
2/3/2022,24.46,25.08,23.78,23.95,"410,177,780"
2/2/2022,25.79,25.82,24.55,25.24,"543,419,410"
2/1/2022,25.1,25.15,23.89,24.64,"518,925,170"
1/31/2022,23.18,24.51,23.05,24.49,"564,679,680"
1/28/2022,22.01,22.86,21.3,22.84,"543,774,250"
1/27/2022,23.57,23.99,21.68,21.94,"573,352,720"
1/26/2022,23.24,24.06,22.3,22.77,"755,958,730"
1/25/2022,22.55,22.94,22,22.32,"664,616,360"
1/24/2022,22.33,23.38,20.89,23.37,"915,810,630"
1/21/2022,23.51,24.82,23.26,23.37,"718,957,840"
1/20/2022,25.3,25.58,24.08,24.15,"435,180,730"
1/19/2022,26.08,26.54,25.05,25.07,"488,314,510"
1/18/2022,26.26,26.64,25.77,25.9,"425,306,170"
1/14/2022,26.3,27.2,26.21,26.94,"395,832,350"
1/13/2022,28.38,28.48,26.5,26.58,"538,868,090"
1/12/2022,28.07,28.6,27.61,28,"383,413,480"
1/11/2022,27.32,28.06,26.84,27.82,"404,089,290"
1/10/2022,26.58,27.47,25.64,27.4,"594,680,950"
1/7/2022,28.14,28.42,27.06,27.25,"409,938,510"
1/6/2022,27.64,28.44,27.06,28.18,"454,186,370"
1/5/2022,28.95,29.42,27.53,27.6,"498,063,880"
1/4/2022,30.28,30.47,28.35,29.29,"527,154,400"
1/3/2022,29.81,30.71,29.79,30.12,"392,402,940"
12/31/2021,29.67,30.03,29.33,29.41,"266,529,910"
12/30/2021,29.83,30.46,29.54,29.59,"308,864,220"
12/29/2021,30.27,30.55,29.37,30,"343,139,280"
12/28/2021,31.31,31.33,30.01,30.32,"420,591,210"
12/27/2021,29.66,31.09,29.64,30.95,"403,685,870"
12/23/2021,29.76,30.06,29.43,29.64,"343,021,740"
12/22/2021,28.89,29.56,28.45,29.4,"395,184,380"
12/21/2021,28.37,29.12,27.4,29.08,"524,384,940"
12/20/2021,27.31,28.14,27.15,27.72,"461,846,760"
12/17/2021,27.99,28.92,27.76,27.8,"716,622,390"
12/16/2021,31.15,31.16,28.09,28.39,"707,365,950"
12/15/2021,28.4,30.5,27.84,30.46,"698,296,880"
12/14/2021,27.7,28.68,27.25,28.34,"667,035,370"
12/13/2021,30.25,30.29,28.12,28.16,"598,343,660"
12/10/2021,31.15,31.31,29.86,30.2,"488,825,090"
12/9/2021,31.73,32.21,30.43,30.49,"488,507,160"
12/8/2021,32,32.29,31.42,31.83,"475,551,450"
12/7/2021,30.96,32.45,30.65,32.43,"593,053,480"
12/6/2021,29.88,30.24,28.04,30.04,"658,938,450"
12/3/2021,32,32.13,30.13,30.69,"544,325,050"
12/2/2021,31.21,32.48,31.03,32.13,"472,890,330"
12/1/2021,33.22,33.29,31.38,31.44,"485,802,040"
11/30/2021,33.17,33.35,31.86,32.68,"622,066,470"
11/29/2021,32.37,33.41,32.04,33.38,"454,963,980"
11/26/2021,32.6,32.71,31.35,31.5,"283,068,860"
11/24/2021,31.46,32.86,30.93,32.67,"435,162,260"
11/23/2021,31.54,32.36,30.88,31.75,"532,162,700"
11/22/2021,33.52,34.65,31.9,31.96,"754,335,240"
11/19/2021,32.24,33.09,31.91,32.99,"533,866,650"
11/18/2021,32.37,32.76,31.32,31.68,"781,710,750"
11/17/2021,30.42,30.51,28.8,29.26,"428,507,990"
11/16/2021,29.76,30.39,29.71,30.2,"264,483,670"
11/15/2021,30.55,30.64,29.25,30.03,"384,909,000"
11/12/2021,30.01,30.68,29.63,30.39,"413,054,280"
11/11/2021,30.47,30.59,29.78,30.39,"332,172,110"
11/10/2021,29.36,30.85,28.78,29.46,"636,205,720"
11/9/2021,32.28,32.31,29.96,30.66,"646,746,210"
11/8/2021,30.15,31.1,29.91,30.8,"503,100,930"
11/5/2021,30.19,31.4,29.41,29.75,"851,260,150"
11/4/2021,27.23,31.37,27.12,29.8,"1,153,631,150"
11/3/2021,26.67,26.78,26.24,26.6,"239,910,330"
11/2/2021,25.82,26.68,25.8,26.4,"294,112,390"
11/1/2021,25.65,25.89,25.23,25.83,"265,739,760"
10/29/2021,25,25.71,25,25.57,"292,502,840"
10/28/2021,24.88,24.95,24.52,24.94,"234,204,310"
10/27/2021,24.47,25.09,24.28,24.45,"245,989,890"
10/26/2021,23.99,25.26,23.92,24.72,"485,898,300"
10/25/2021,22.97,23.35,22.77,23.17,"230,234,830"
10/22/2021,22.82,23.13,22.56,22.73,"249,383,790"
10/21/2021,22.1,22.71,22.08,22.69,"187,590,320"
10/20/2021,22.3,22.43,21.98,22.1,"146,275,940"
10/19/2021,22.28,22.38,22.04,22.29,"161,473,290"
10/18/2021,21.75,22.29,21.64,22.22,"189,493,560"
10/15/2021,21.81,21.93,21.66,21.86,"226,994,010"
10/14/2021,21.29,21.76,21.12,21.75,"243,588,810"
10/13/2021,20.92,20.99,20.71,20.94,"180,651,880"
10/12/2021,20.83,21.06,20.53,20.67,"162,133,540"
10/11/2021,20.58,21.06,20.51,20.7,"163,387,540"
10/8/2021,21.1,21.21,20.78,20.83,"151,257,910"
10/7/2021,21.09,21.32,20.97,21.08,"256,918,930"
10/6/2021,20.12,20.72,20.08,20.7,"297,201,750"
10/5/2021,19.95,20.65,19.85,20.45,"279,281,650"
10/4/2021,20.5,20.54,19.56,19.73,"345,634,970"
10/1/2021,20.75,20.86,20.2,20.74,"240,977,960"
9/30/2021,20.77,21.07,20.69,20.72,"221,009,120"
9/29/2021,20.94,21.02,20.47,20.52,"218,393,630"
9/28/2021,21.21,21.42,20.65,20.7,"343,068,950"
9/27/2021,21.71,21.8,21.33,21.66,"245,215,140"
9/24/2021,22.07,22.15,21.86,22.08,"217,655,450"
9/23/2021,22.14,22.53,21.89,22.48,"248,554,910"
9/22/2021,21.37,21.96,21.2,21.94,"268,725,560"
9/21/2021,21.42,21.43,20.95,21.25,"204,688,100"
9/20/2021,21.15,21.43,20.66,21.11,"349,440,450"
9/17/2021,22.3,22.32,21.83,21.9,"294,502,840"
9/16/2021,22.18,22.28,21.93,22.24,"156,033,440"
9/15/2021,22.31,22.37,21.97,22.34,"166,538,010"
9/14/2021,22.28,22.41,22.09,22.24,"199,754,600"
9/13/2021,22.68,22.96,21.86,22.15,"297,499,900"
9/10/2021,22.35,22.63,22.27,22.48,"248,375,740"
9/9/2021,22.31,22.54,22.13,22.18,"196,856,010"
9/8/2021,22.51,22.61,21.98,22.34,"254,434,210"
9/7/2021,22.83,22.9,22.52,22.66,"198,107,160"
9/3/2021,22.33,22.99,22.2,22.84,"280,831,980"
9/2/2021,22.52,22.59,22.29,22.4,"188,109,570"
9/1/2021,22.49,22.7,22.36,22.44,"201,766,950"
8/31/2021,22.7,22.7,22.12,22.38,"259,849,680"
8/30/2021,22.83,23.04,22.55,22.69,"262,579,900"
8/27/2021,22.18,22.72,22.17,22.64,"304,722,190"
8/26/2021,22.2,22.34,21.79,22.07,"237,940,420"
8/25/2021,21.74,22.47,21.72,22.21,"347,701,040"
8/24/2021,21.75,21.96,21.54,21.79,"297,298,920"
8/23/2021,20.97,22,20.95,21.96,"575,806,580"
8/20/2021,19.99,20.87,19.93,20.82,"675,741,310"
8/19/2021,19.49,20.49,18.76,19.8,"766,554,770"
8/18/2021,19.5,19.63,19,19.04,"285,913,480"
8/17/2021,19.69,19.77,19.27,19.46,"204,584,850"
8/16/2021,20.13,20.29,19.45,19.95,"211,152,800"
8/13/2021,19.91,20.21,19.85,20.19,"183,062,860"
8/12/2021,19.87,20.03,19.62,19.91,"151,861,550"
8/11/2021,20.04,20.05,19.43,19.7,"185,924,840"
8/10/2021,20.32,20.43,19.83,19.94,"179,237,780"
8/9/2021,20.45,20.51,20.14,20.29,"146,443,100"
8/6/2021,20.52,20.57,20.21,20.37,"178,496,610"
8/5/2021,20.5,20.73,20.34,20.64,"211,435,370"
8/4/2021,19.99,20.32,19.83,20.27,"231,309,400"
8/3/2021,19.74,20.22,19.22,19.82,"301,810,740"
8/2/2021,19.7,19.96,19.36,19.75,"217,443,970"
7/30/2021,19.42,19.63,19.26,19.5,"183,497,460"
7/29/2021,19.52,19.85,19.33,19.66,"190,780,880"
7/28/2021,19.32,19.65,18.99,19.5,"202,191,150"
7/27/2021,19.27,19.62,18.74,19.21,"248,862,580"
7/26/2021,19.31,19.44,18.91,19.29,"203,943,160"
7/23/2021,19.66,19.7,19.25,19.56,"195,671,980"
7/22/2021,19.64,19.89,19.28,19.59,"323,825,950"
7/21/2021,18.88,19.53,18.74,19.41,"371,017,360"
7/20/2021,18.73,18.84,18.16,18.61,"434,686,540"
7/19/2021,17.92,19.04,17.87,18.78,"749,058,760"
7/16/2021,19.03,19.16,18.07,18.16,"688,222,640"
7/15/2021,19.81,19.85,18.86,18.97,"550,564,520"
7/14/2021,20.36,20.42,19.75,19.84,"380,099,200"
7/13/2021,20.4,20.46,20.11,20.25,"290,706,320"
7/12/2021,20.24,20.53,20.19,20.51,"321,984,760"
7/9/2021,19.96,20.08,19.75,20.05,"296,622,680"
7/8/2021,19.86,20.13,19.7,19.9,"503,299,680"
7/7/2021,20.85,20.88,20.33,20.37,"418,427,280"
7/6/2021,20.74,20.84,20.35,20.7,"446,707,480"
7/2/2021,20.44,20.51,20.29,20.49,"343,396,680"
7/1/2021,20.13,20.46,20.02,20.21,"480,134,960"
6/30/2021,20,20.16,19.86,20,"326,566,160"
6/29/2021,19.88,20.1,19.66,20.03,"367,633,840"
6/28/2021,19.36,20.08,19.32,19.99,"495,436,560"
6/25/2021,19.28,19.35,18.89,19.03,"278,365,920"
6/24/2021,19.23,19.42,19.09,19.21,"320,922,400"
6/23/2021,19.01,19.15,18.91,19.06,"332,357,040"
6/22/2021,18.47,18.96,18.39,18.89,"580,145,560"
6/21/2021,18.44,18.54,17.82,18.43,"672,382,160"
6/18/2021,18.78,19.38,18.58,18.64,"968,854,280"
6/17/2021,17.77,18.84,17.76,18.66,"809,654,880"
6/16/2021,17.79,17.95,17.58,17.81,"307,122,600"
6/15/2021,17.92,18.02,17.73,17.79,"243,030,440"
6/14/2021,17.91,18.04,17.66,18.02,"321,374,280"
6/11/2021,17.48,17.94,17.44,17.83,"416,307,640"
6/10/2021,17.35,17.49,17.18,17.43,"287,770,440"
6/9/2021,17.52,17.58,17.26,17.36,"381,657,480"
6/8/2021,17.53,17.62,17.25,17.46,"323,846,760"
6/7/2021,17.57,17.81,17.19,17.62,"575,754,920"
6/4/2021,17.11,17.66,17.1,17.58,"617,120,280"
6/3/2021,16.7,17.26,16.58,16.97,"580,006,800"
6/2/2021,16.25,16.92,16.24,16.78,"594,167,560"
6/1/2021,16.27,16.39,15.9,16.26,"472,803,000"
5/28/2021,15.5,16.28,15.5,16.24,"644,535,600"
5/27/2021,15.7,15.75,15.46,15.49,"581,475,200"
5/26/2021,15.73,15.79,15.59,15.7,"370,438,640"
5/25/2021,15.77,15.82,15.48,15.65,"435,406,880"
5/24/2021,15.21,15.75,15.18,15.61,"554,816,200"
5/21/2021,15.16,15.22,14.87,14.99,"672,992,000"
5/20/2021,14.3,14.68,14.27,14.61,"321,591,920"
5/19/2021,13.57,14.08,13.54,14.07,"343,999,360"
5/18/2021,14.27,14.4,14,14.02,"186,254,240"
5/17/2021,14.16,14.17,13.85,14.17,"216,980,840"
5/14/2021,13.89,14.33,13.75,14.24,"258,615,000"
5/13/2021,14.03,14.08,13.46,13.67,"285,727,480"
5/12/2021,14.01,14.26,13.71,13.76,"303,409,320"
5/11/2021,13.83,14.35,13.75,14.31,"285,585,360"
5/10/2021,14.79,14.81,14.25,14.27,"268,903,800"
5/7/2021,14.81,14.97,14.67,14.81,"229,327,320"
5/6/2021,14.5,14.57,14.22,14.52,"193,380,920"
5/5/2021,14.71,14.81,14.39,14.46,"292,023,040"
5/4/2021,14.64,14.64,14.01,14.35,"405,324,800"
5/3/2021,15.13,15.25,14.79,14.84,"203,911,840"
4/30/2021,15.17,15.36,15,15.01,"201,910,080"
4/29/2021,15.4,15.44,15.07,15.32,"173,196,480"
4/28/2021,15.36,15.53,15.22,15.28,"209,416,200"
4/27/2021,15.58,15.67,15.35,15.38,"164,573,000"
4/26/2021,15.19,15.48,15.13,15.48,"197,797,080"
4/23/2021,14.93,15.33,14.9,15.27,"227,772,200"
4/22/2021,15.38,15.44,14.78,14.85,"277,786,280"
4/21/2021,15.12,15.36,15.1,15.36,"216,777,040"
4/20/2021,15.32,15.5,14.96,15.17,"334,133,040"
4/19/2021,15.54,15.81,15.23,15.36,"404,418,080"
4/16/2021,16.05,16.17,15.87,15.91,"335,207,560"
4/15/2021,15.66,16.21,15.63,16.14,"598,480,680"
4/14/2021,15.63,15.72,15.23,15.28,"385,501,920"
4/13/2021,15.23,15.7,15.13,15.68,"676,211,880"
4/12/2021,14.29,15.35,14.14,15.21,"869,322,000"
4/9/2021,14.21,14.41,14.18,14.4,"195,170,880"
4/8/2021,14.25,14.47,14.25,14.32,"244,414,920"
4/7/2021,13.88,14.24,13.71,14.14,"251,284,360"
4/6/2021,14,14.05,13.77,13.86,"191,745,960"
4/5/2021,13.87,14.01,13.73,13.99,"255,671,400"
4/1/2021,13.57,13.87,13.51,13.81,"308,274,600"
3/31/2021,13.02,13.47,12.98,13.35,"314,777,520"
3/30/2021,12.84,12.98,12.71,12.87,"200,202,480"
3/29/2021,12.82,13.06,12.7,12.95,"273,519,880"
3/26/2021,12.55,12.86,12.37,12.84,"363,968,960"
3/25/2021,12.5,12.71,12.27,12.54,"295,144,560"
3/24/2021,13.15,13.16,12.64,12.64,"245,838,520"
3/23/2021,13.25,13.34,13.02,13.07,"222,046,080"
3/22/2021,12.91,13.39,12.91,13.19,"297,803,080"
3/19/2021,12.75,12.92,12.61,12.85,"299,206,960"
3/18/2021,13.14,13.18,12.72,12.72,"294,188,080"
3/17/2021,13.04,13.45,12.99,13.34,"243,864,200"
3/16/2021,13.36,13.51,13.12,13.29,"272,129,600"
3/15/2021,12.86,13.21,12.77,13.19,"222,520,440"
3/12/2021,12.65,12.89,12.59,12.86,"243,963,960"
3/11/2021,12.95,13.05,12.73,12.99,"299,914,280"
3/10/2021,12.84,12.98,12.46,12.47,"384,376,560"
3/9/2021,12.13,12.62,12.06,12.52,"521,825,520"
3/8/2021,12.45,12.47,11.57,11.59,"543,111,680"
3/5/2021,12.55,12.55,11.68,12.46,"542,838,840"
3/4/2021,12.8,12.98,12.08,12.37,"573,345,160"
3/3/2021,13.43,13.45,12.8,12.8,"377,590,280"
3/2/2021,13.9,13.92,13.4,13.41,"264,114,120"
3/1/2021,13.88,13.93,13.55,13.84,"353,183,000"
2/26/2021,13.75,13.85,13.36,13.71,"500,930,400"
2/25/2021,14.05,14.37,13.22,13.31,"824,436,040"
2/24/2021,14.12,14.51,13.76,14.5,"448,319,080"
2/23/2021,14.08,14.24,13.39,14.14,"391,779,320"
2/22/2021,14.77,15.13,14.33,14.36,"325,885,560"
2/19/2021,15.02,15.18,14.85,14.93,"271,724,120"
2/18/2021,14.73,14.87,14.58,14.83,"234,080,800"
2/17/2021,15.17,15.22,14.78,14.91,"275,698,680"
2/16/2021,15.06,15.37,14.95,15.33,"321,959,520"
2/12/2021,15.05,15.29,14.78,14.96,"374,757,480"
2/11/2021,14.98,15.27,14.93,15.25,"450,827,720"
2/10/2021,14.46,14.91,14.34,14.76,"485,352,320"
2/9/2021,14.34,14.58,14.22,14.26,"287,560,120"
2/8/2021,13.73,14.47,13.73,14.44,"434,622,840"
2/5/2021,13.73,13.74,13.55,13.59,"169,153,640"
2/4/2021,13.53,13.67,13.34,13.66,"201,338,480"
2/3/2021,13.64,13.93,13.52,13.53,"245,409,280"
2/2/2021,13.4,13.57,13.29,13.56,"220,438,280"
2/1/2021,13.05,13.27,12.9,13.24,"217,204,320"
1/29/2021,13.08,13.33,12.91,12.99,"271,552,040"
1/28/2021,13,13.34,12.96,13.05,"228,315,960"
1/27/2021,13.23,13.23,12.79,12.92,"371,272,840"
1/26/2021,13.58,13.64,13.39,13.44,"163,980,400"
1/25/2021,13.78,13.83,13.24,13.65,"251,111,160"
1/22/2021,13.74,13.84,13.63,13.71,"246,818,560"
1/21/2021,13.42,14,13.25,13.87,"338,339,600"
1/20/2021,13.11,13.43,13.06,13.37,"258,570,880"
1/19/2021,13.02,13.09,12.84,13.03,"226,186,880"
1/15/2021,13.23,13.33,12.85,12.86,"277,781,280"
1/14/2021,13.58,13.6,13.18,13.2,"283,120,280"
1/13/2021,13.49,13.62,13.39,13.53,"210,028,440"
1/12/2021,13.75,13.75,13.34,13.48,"291,477,720"
1/11/2021,13.42,13.96,13.36,13.62,"519,028,800"
1/8/2021,13.36,13.42,13.04,13.28,"292,528,600"
1/7/2021,12.97,13.38,12.89,13.34,"461,481,480"
1/6/2021,13.22,13.25,12.59,12.61,"580,423,000"
1/5/2021,13.1,13.44,13.09,13.4,"322,759,920"
1/4/2021,13.1,13.65,12.96,13.11,"560,641,800"
12/31/2020,13.14,13.15,12.92,13.06,"192,424,400"
12/30/2020,12.99,13.21,12.9,13.15,"225,397,160"
12/29/2020,12.93,13.07,12.84,12.94,"170,372,160"
12/28/2020,13.06,13.06,12.76,12.9,"212,565,640"
