,PLTR (NASD),,,,
Date,Open,High,Low,Close,Volume
12/24/2025,193.16,195.17,192.83,194.17,"11,710,125"
12/23/2025,192.83,195.37,191.74,194.13,"24,040,968"
12/22/2025,195.04,198.88,192.43,193.98,"36,686,036"
12/19/2025,186.74,195,186.73,193.38,"76,929,380"
12/18/2025,181.51,187.33,181.51,185.69,"40,221,476"
12/17/2025,187.72,187.75,176.5,177.29,"50,424,653"
12/16/2025,181.66,188.5,181.14,187.75,"42,070,267"
12/15/2025,185.08,187.78,180.03,183.25,"32,796,052"
12/12/2025,185.81,186.53,177.67,183.57,"42,427,356"
12/11/2025,184.8,188.05,180.21,187.54,"36,843,184"
12/10/2025,184.95,190.39,182.75,187.91,"59,397,971"
12/9/2025,180.97,182.85,180.38,181.84,"18,937,574"
12/8/2025,182.21,183.88,179.54,181.49,"30,456,689"
12/5/2025,178.23,182.15,177.16,181.76,"32,079,261"
12/4/2025,176.37,178.44,174.43,177.92,"29,217,786"
12/3/2025,170.14,177.91,168.83,176.08,"30,541,605"
12/2/2025,169.59,175.75,169.59,170.69,"35,367,971"
12/1/2025,165,169.1,163.12,167.49,"27,779,617"
11/28/2025,167.76,168.8,165.88,168.45,"17,199,497"
11/26/2025,166.85,168.34,163.88,165.77,"34,610,541"
11/25/2025,160.07,164.65,156.56,163.55,"36,523,528"
11/24/2025,157.47,165.17,157,162.25,"57,877,788"
11/21/2025,156.01,158.11,147.56,154.85,"71,346,356"
11/20/2025,172.07,174.57,154.4,155.75,"78,443,936"
11/19/2025,167.8,169.6,162.42,165.42,"46,108,211"
11/18/2025,168.37,172.83,165.5,167.33,"53,710,064"
11/17/2025,170.53,174.24,167.68,171.25,"50,339,029"
11/14/2025,166.98,177.29,164.5,174.01,"62,596,757"
11/13/2025,181.72,182.7,170.73,172.14,"63,188,767"
11/12/2025,190.58,190.58,180.4,184.17,"55,347,134"
11/11/2025,190.34,192.93,187.13,190.96,"49,819,723"
11/10/2025,184.31,194.93,183.52,193.61,"87,764,245"
11/7/2025,173.15,178.7,168.91,177.93,"73,989,654"
11/6/2025,187.99,191.09,174.53,175.05,"78,468,584"
11/5/2025,189,190.32,181.21,187.9,"76,121,036"
11/4/2025,192.07,195.7,185.56,190.74,"121,380,862"
11/3/2025,205.05,207.52,201.82,207.18,"81,016,835"
10/31/2025,199.2,204.18,197.92,200.47,"52,697,644"
10/30/2025,198.43,199.67,194.12,194.55,"43,541,719"
10/29/2025,191.08,199.85,190.49,198.81,"65,537,255"
10/28/2025,189.48,191.78,186.78,189.6,"38,201,014"
10/27/2025,188.97,192.83,187.52,189.18,"47,153,057"
10/24/2025,182.88,186.17,182.85,184.63,"34,813,464"
10/23/2025,175.45,181.56,175.01,180.48,"35,812,304"
10/22/2025,181.93,182.21,169.42,175.49,"58,263,102"
10/21/2025,182.06,182.39,178.65,181.51,"27,528,145"
10/20/2025,179.49,183.09,177.44,181.59,"31,975,847"
10/17/2025,177.75,181.59,173.95,178.15,"43,421,494"
10/16/2025,181.78,184.82,176.45,178.12,"42,870,891"
10/15/2025,181.66,184.35,176.02,179.62,"37,372,129"
10/14/2025,176,182.34,170.82,179.74,"49,261,447"
10/13/2025,178.68,179.22,173.45,177.21,"41,332,442"
10/10/2025,185.17,187.1,173.53,175.44,"55,194,034"
10/9/2025,183.58,187.62,179.95,185.47,"45,050,252"
10/8/2025,182.8,184.26,181.2,183.56,"36,299,659"
10/7/2025,180.31,186.18,179.42,182.17,"58,179,256"
10/6/2025,179.18,182.95,177.83,179.53,"52,504,240"
10/3/2025,186.4,186.84,170.77,173.07,"105,533,447"
10/2/2025,186.7,188.2,182.95,187.05,"39,849,210"
10/1/2025,181.32,186.28,179.5,184.95,"45,717,299"
9/30/2025,178.98,182.77,178.22,182.42,"43,561,729"
9/29/2025,179.64,181.48,177.16,178.86,"38,413,753"
9/26/2025,179.05,180.12,174.91,177.57,"44,275,794"
9/25/2025,175.8,184.32,174.29,179.12,"72,321,194"
9/24/2025,183.91,184.85,177.12,179.56,"45,379,666"
9/23/2025,182.51,185.75,177.01,182.55,"62,354,834"
9/22/2025,180.88,182.25,178.29,179.33,"45,916,684"
9/19/2025,177.07,184.42,176.71,182.39,"109,129,929"
9/18/2025,170.27,178.8,169.39,176.97,"70,768,631"
9/17/2025,169.02,169.68,161.27,168.33,"69,255,497"
9/16/2025,171.04,171.31,168.96,170.26,"34,598,658"
9/15/2025,169.6,171.8,167.41,171.21,"45,396,116"
9/12/2025,165.35,171.53,164.01,171.43,"54,498,535"
9/11/2025,167.24,167.46,163.22,164.36,"42,025,501"
9/10/2025,166,169,163.44,166.74,"62,211,418"
9/9/2025,157.25,162.75,156.37,162.36,"61,359,531"
9/8/2025,154.91,158.3,154.84,156.1,"47,642,952"
9/5/2025,157.82,158.97,148.04,153.11,"81,855,896"
9/4/2025,154.87,157.04,153.16,156.14,"53,292,341"
9/3/2025,158,161.15,152.71,154.9,"66,052,296"
9/2/2025,151.2,158.39,150.28,157.09,"65,434,969"
8/29/2025,156.98,158.42,153,156.71,"45,270,502"
8/28/2025,157.63,158.23,152.55,158.12,"57,885,244"
8/27/2025,162.32,162.4,155.98,156.72,"76,380,553"
8/26/2025,155.39,162.13,154.57,160.87,"86,573,715"
8/25/2025,156.1,158.59,149.37,157.17,"86,879,821"
8/22/2025,155.32,163.2,151.77,158.74,"102,099,177"
8/21/2025,157.17,157.97,153.81,156.18,"94,678,639"
8/20/2025,152.3,156.46,142.34,156.01,"220,336,359"
8/19/2025,171.36,172.3,156.9,157.75,"137,922,722"
8/18/2025,175.27,177.9,171.39,174.03,"62,656,597"
8/15/2025,179.73,180,173.38,177.17,"60,288,736"
8/14/2025,182.41,185.33,179.2,181.02,"53,472,933"
8/13/2025,189,189.46,183.59,184.37,"53,610,031"
8/12/2025,184.7,190,182.1,186.97,"54,983,765"
8/11/2025,186.47,187.18,181.92,182.68,"56,125,630"
8/8/2025,184.74,187.99,184.41,186.96,"62,657,935"
8/7/2025,181.01,184.48,178.17,182.2,"77,829,184"
8/6/2025,171.18,180.58,171.01,179.54,"82,924,849"
8/5/2025,171.81,176.33,169.22,173.27,"130,917,543"
8/4/2025,158.53,161.4,157.93,160.66,"82,993,558"
8/1/2025,155.05,158.19,151.06,154.27,"61,286,993"
7/31/2025,159.99,160.89,156.73,158.35,"45,342,610"
7/30/2025,157.37,159.38,156.56,158.61,"40,261,681"
7/29/2025,158.72,160.14,154.91,156.24,"42,427,214"
7/28/2025,159.88,160.28,153.04,157.88,"63,886,935"
7/25/2025,155.63,160.39,155.58,158.8,"57,972,341"
7/24/2025,153.98,155.63,152.58,154.86,"38,925,748"
7/23/2025,149.74,155,148.29,154.63,"48,061,985"
7/22/2025,150.85,151.79,145.06,149.07,"49,880,762"
7/21/2025,153.88,155.44,151.36,151.79,"45,072,814"
7/18/2025,154.86,154.92,151.9,153.52,"45,771,634"
7/17/2025,151.56,155.68,150.82,153.99,"60,165,516"
7/16/2025,149.3,151.51,147.67,150.91,"57,636,985"
7/15/2025,148.93,150.62,147.36,148.58,"59,126,190"
7/14/2025,142.72,149.58,142.22,149.15,"81,774,443"
7/11/2025,142.11,144.58,141.47,142.1,"52,134,812"
7/10/2025,143.31,145.16,139.53,142.5,"64,383,873"
7/9/2025,139.66,143.17,137.39,143.13,"68,494,760"
7/8/2025,138.78,139.86,135.79,139.71,"59,834,823"
7/7/2025,134.38,139.29,132.32,139.12,"71,959,709"
7/3/2025,134.36,135.62,132.51,134.36,"41,812,483"
7/2/2025,131.47,133.6,130.19,132.12,"59,731,969"
7/1/2025,135.27,136.32,128.51,130.68,"91,479,688"
6/30/2025,137.79,138.88,134.8,136.32,"97,305,595"
6/27/2025,144.87,144.97,130.54,130.74,"202,598,647"
6/26/2025,144.85,148.22,142.91,144.25,"69,440,544"
6/25/2025,144.49,147.67,141.53,142.9,"61,435,267"
6/24/2025,140.98,143.66,137.8,143.23,"58,574,192"
6/23/2025,138.9,142.15,135.96,139.92,"70,501,099"
6/20/2025,140.69,142.24,136.74,137.3,"87,067,039"
6/18/2025,139.04,140.36,137.49,139.96,"58,260,225"
6/17/2025,141.49,141.69,136.08,138.2,"70,479,099"
6/16/2025,140.03,144.86,139.81,141.41,"80,779,773"
6/13/2025,133.82,139.99,133.35,137.4,"93,519,043"
6/12/2025,136.4,137.1,134.63,135.19,"56,248,175"
6/11/2025,133.92,140,132.99,136.39,"97,366,015"
6/10/2025,131.02,134.07,129.41,132.81,"69,308,929"
6/9/2025,127.08,132.23,124.8,132.06,"74,785,580"
6/6/2025,123.73,128.13,121.92,127.72,"87,175,144"
6/5/2025,129.27,132.85,118.93,119.91,"132,238,651"
6/4/2025,132.8,132.95,125.58,130.01,"97,306,314"
6/3/2025,133.07,135.28,130.1,133.17,"91,297,662"
6/2/2025,131.44,134.48,128.86,132.04,"93,218,744"
5/30/2025,123.53,131.94,122.75,131.78,"185,897,579"
5/29/2025,125.35,126.47,121.53,122.32,"63,137,904"
5/28/2025,124.23,125.65,122.91,123.76,"64,866,004"
5/27/2025,126.82,127.88,120.88,123.39,"86,455,174"
5/23/2025,120.88,125.54,120.68,123.31,"65,905,836"
5/22/2025,121.95,126.33,121.38,122.29,"75,498,278"
5/21/2025,125.16,127.11,119.41,120.58,"80,657,671"
5/20/2025,127.22,128.2,124.65,125.59,"61,265,310"
5/19/2025,124.72,127.77,124.32,126.33,"72,503,922"
5/16/2025,129.23,130.33,126.76,129.52,"57,003,724"
5/15/2025,128.37,130.2,125.74,128.12,"69,502,967"
5/14/2025,129.01,133.49,127.56,130.18,"96,611,470"
5/13/2025,119.92,130.6,119.31,128.1,"147,155,359"
5/12/2025,120.78,120.94,115.01,118.46,"94,257,341"
5/9/2025,118.97,119.16,114.9,117.3,"81,005,270"
5/8/2025,112.28,120.38,112.07,119.15,"126,966,207"
5/7/2025,107.97,111.85,107,110.48,"95,713,676"
5/6/2025,112.71,113.91,105.32,108.86,"201,193,359"
5/5/2025,123.7,125.26,121.36,123.77,"135,961,250"
5/2/2025,118.66,124.42,118.63,124.28,"103,094,298"
5/1/2025,120.04,120.19,116,116.2,"90,677,568"
4/30/2025,111.61,118.78,110.54,118.44,"109,461,682"
4/29/2025,113.98,117.23,113.24,116.08,"79,709,007"
4/28/2025,113.78,114.86,108.87,114.65,"111,082,860"
4/25/2025,108.05,112.88,106.55,112.78,"103,933,839"
4/24/2025,101.53,108,100.91,107.78,"103,190,699"
4/23/2025,98.86,103.76,97.83,100.82,"112,909,507"
4/22/2025,93.02,96.34,91.35,93.99,"91,185,377"
4/21/2025,92.84,96.48,89.31,90.8,"83,831,145"
4/17/2025,94.71,95.11,92.27,93.78,"83,991,760"
4/16/2025,96.28,97.3,89.62,92.71,"121,997,637"
4/15/2025,93.53,98.99,93.05,98.4,"118,457,651"
4/14/2025,95.8,97.33,91.46,92.62,"122,836,852"
4/11/2025,87.98,89.55,85.47,88.55,"95,130,683"
4/10/2025,88.4,90.78,84.14,88.59,"124,448,216"
4/9/2025,78.19,93.33,77.27,92.01,"187,244,271"
4/8/2025,83.29,86.11,75.22,77.32,"135,345,594"
4/7/2025,66.65,81.8,66.12,77.84,"169,083,704"
4/4/2025,80.07,80.98,71.93,74.01,"147,323,190"
4/3/2025,81.25,85.68,81.01,83.6,"93,878,189"
4/2/2025,82.4,88.41,82.3,87.45,"96,563,137"
4/1/2025,83.89,85.28,81.82,84.68,"78,980,662"
3/31/2025,80,84.65,78.75,84.4,"108,092,868"
3/28/2025,89.34,89.38,84.1,85.85,"91,091,708"
3/27/2025,91.02,93.65,89.67,90.09,"82,823,003"
3/26/2025,96.29,97.3,90.82,92.28,"82,138,337"
3/25/2025,97.22,98.17,95.08,96.5,"78,015,273"
3/24/2025,93.4,97.39,92.28,96.75,"112,164,708"
3/21/2025,85.85,91.07,84.46,90.96,"116,748,695"
3/20/2025,85.54,89.8,85.12,87.39,"105,547,414"
3/19/2025,84.55,87.99,82.86,86.1,"89,797,417"
3/18/2025,85.78,86.17,81.8,83.89,"93,236,494"
3/17/2025,88.44,88.82,84.5,87.35,"99,348,869"
3/14/2025,82.97,87.27,82.16,86.24,"113,985,021"
3/13/2025,82.85,83.74,78.32,79.62,"100,927,167"
3/12/2025,83.48,84.55,79.86,83.65,"116,525,071"
3/11/2025,75.79,80.75,75.53,78.05,"109,351,514"
3/10/2025,82,82.69,74.57,76.38,"136,843,832"
3/7/2025,80.03,85.16,79.15,84.91,"105,377,101"
3/6/2025,87.51,88.34,80.01,80.46,"117,340,586"
3/5/2025,86.35,90.3,82.5,90.13,"116,052,996"
3/4/2025,80.16,88.5,79.3,84.4,"116,800,332"
3/3/2025,88.55,90.48,82.53,83.42,"114,573,905"
2/28/2025,79.98,85.18,78.58,84.92,"125,977,426"
2/27/2025,91.91,93.62,84.17,84.77,"99,680,477"
2/26/2025,89.16,91.69,87.59,89.31,"94,846,187"
2/25/2025,90.65,91.7,85.25,87.84,"132,626,266"
2/24/2025,95.88,99.01,89.3,90.68,"184,484,984"
2/21/2025,107.68,109.07,100,101.35,"129,063,185"
2/20/2025,102.91,107.4,95.8,106.27,"243,093,928"
2/19/2025,123.86,125.41,108.56,112.06,"147,487,261"
2/18/2025,120.94,125,118.43,124.62,"84,227,164"
2/14/2025,117.9,120.67,116.8,119.16,"65,528,863"
2/13/2025,117.31,118.39,115.15,117.91,"60,026,970"
2/12/2025,110.29,117.59,110,117.39,"75,316,878"
2/11/2025,116.5,118.66,112.1,112.62,"94,311,705"
2/10/2025,112.03,116.76,108.72,116.65,"99,938,072"
2/7/2025,111.66,116.3,110.45,110.85,"143,795,408"
2/6/2025,101.09,111.55,100.26,111.28,"128,217,484"
2/5/2025,101.78,103.57,99.32,101.36,"90,792,345"
2/4/2025,102.8,106.91,100.51,103.83,"230,806,794"
2/3/2025,80.13,84.25,78.47,83.74,"126,592,731"
1/31/2025,81,85.22,80.87,82.49,"79,000,219"
1/30/2025,80.02,81.83,79.38,81.22,"46,067,527"
1/29/2025,79.95,80.82,77.81,79.76,"49,262,158"
1/28/2025,75.54,80.74,74.04,80.23,"65,916,656"
1/27/2025,74.07,76.72,72.67,75.44,"76,093,325"
1/24/2025,79.05,82.24,78.44,78.98,"77,931,906"
1/23/2025,76.04,79,75.84,78.98,"55,937,896"
1/22/2025,74.5,77.16,73.8,76.87,"66,876,368"
1/21/2025,73.24,73.64,70.6,73.07,"56,228,967"
1/17/2025,70.9,72.34,69.95,71.77,"54,753,981"
1/16/2025,69.08,71.43,68.36,69.24,"62,908,663"
1/15/2025,68.55,68.85,67.08,68.14,"56,025,752"
1/14/2025,67.18,68.23,65.19,65.91,"56,814,898"
1/13/2025,64.29,65.68,63.4,64.98,"69,046,325"
1/10/2025,66.01,68.2,65.04,67.26,"78,148,636"
1/8/2025,68.12,69.53,66.51,68.23,"91,349,513"
1/7/2025,75.2,75.39,69.75,69.99,"91,727,347"
1/6/2025,78.69,80.06,74.61,75.92,"105,619,544"
1/3/2025,75.39,79.98,75.19,79.89,"62,415,008"
1/2/2025,76.2,76.53,72.42,75.19,"72,217,192"
12/31/2024,77.58,77.98,73.65,75.63,"56,267,937"
12/30/2024,77.04,79.24,76.11,77.18,"60,850,862"
12/27/2024,81.42,82,77.93,79.08,"66,975,887"
12/26/2024,83.16,83.49,81.3,82.14,"60,547,746"
12/24/2024,81.09,84.8,81,82.38,"64,983,263"
12/23/2024,80.65,82.02,77.41,80.69,"93,819,484"
12/20/2024,72.64,80.66,71.5,80.55,"281,230,836"
12/19/2024,73.99,76.59,73.37,74.21,"99,524,332"
12/18/2024,74.3,77.6,70.27,71.51,"109,643,381"
12/17/2024,73.28,75.32,71.7,74.39,"75,469,386"
12/16/2024,75.06,77.82,71.16,75.75,"126,099,615"
12/13/2024,73.49,76.1,72.45,76.07,"76,172,785"
12/12/2024,72.3,75.38,71.9,73.2,"73,859,672"
12/11/2024,72.98,73,68.07,72.51,"89,477,656"
12/10/2024,71.99,75.56,70.73,70.89,"89,672,470"
12/9/2024,80.58,80.91,71.05,72.46,"168,134,824"
12/6/2024,72.95,76.82,72.28,76.34,"93,640,902"
12/5/2024,70.11,72.98,69.89,71.87,"66,585,762"
12/4/2024,71.13,71.18,67.28,69.85,"86,284,801"
12/3/2024,66.41,71.37,66.15,70.96,"100,751,420"
12/2/2024,67.44,67.88,65.96,66.39,"46,404,971"
11/29/2024,65.89,67.16,65.47,67.08,"30,104,046"
11/27/2024,66.24,67.56,64.24,66.05,"53,839,900"
11/26/2024,64.57,65.85,63.89,65.74,"46,923,572"
11/25/2024,66.9,67.88,64.08,64.65,"80,640,465"
11/22/2024,61.6,64.44,61.37,64.35,"61,381,713"
11/21/2024,62.04,63.4,60.9,61.36,"56,336,740"
11/20/2024,62.59,63.08,59.96,62.12,"59,182,183"
11/19/2024,59.51,63.01,59.27,62.98,"75,557,817"
11/18/2024,64.92,64.92,58.85,61.26,"137,877,641"
11/15/2024,61.01,66,60.91,65.77,"155,280,388"
11/14/2024,61.05,61.17,58.53,59.18,"59,968,240"
11/13/2024,61.52,63.39,59.85,60.7,"85,937,360"
11/12/2024,59.01,60.09,58.57,59.85,"59,061,338"
11/11/2024,60.13,62.08,58.69,60.24,"108,357,795"
11/8/2024,55.57,58.48,55.3,58.39,"84,124,034"
11/7/2024,55.82,56.47,53.55,55.88,"121,591,164"
11/6/2024,53.44,55.69,51.61,55.53,"114,255,943"
11/5/2024,47.86,51.58,46.86,51.13,"208,868,200"
11/4/2024,41.08,42.04,41.03,41.41,"75,413,298"
11/1/2024,41.93,42.57,41.59,41.92,"33,722,521"
10/31/2024,42.79,43.32,40.9,41.56,"50,973,360"
10/30/2024,44.58,44.8,43.61,43.69,"31,309,232"
10/29/2024,44.9,45.07,44.04,44.93,"26,154,712"
10/28/2024,45.05,45.14,44.68,44.97,"36,729,700"
10/25/2024,43.85,45.07,43.65,44.86,"50,416,491"
10/24/2024,42.89,43.73,42.66,43.56,"34,079,557"
10/23/2024,42.85,43.68,42.06,42.59,"35,646,980"
10/22/2024,42.69,43.49,42.3,42.94,"27,830,734"
10/21/2024,42.86,43.4,42.41,42.7,"30,719,779"
10/18/2024,42.02,42.99,41.65,42.97,"33,969,020"
10/17/2024,42.15,42.7,41.61,42,"34,028,414"
10/16/2024,42.4,42.49,40.36,41.93,"59,157,938"
10/15/2024,43.48,43.68,41.52,42.43,"48,296,974"
10/14/2024,43.72,44.39,43.28,43.4,"41,010,910"
10/11/2024,43.4,44.38,42.62,43.51,"66,206,893"
10/10/2024,42.92,43.88,42.41,43.52,"62,516,314"
10/9/2024,41.55,43.34,41.21,43.13,"86,404,698"
10/8/2024,39.29,41.49,39.02,41.45,"62,542,945"
10/7/2024,39.9,40.15,38.78,38.89,"44,124,766"
10/4/2024,39.65,40.29,39.4,40.01,"62,657,545"
10/3/2024,37.45,39.29,37.37,39.24,"57,196,445"
10/2/2024,36.3,37.68,36.15,37.49,"34,988,906"
10/1/2024,37.21,37.56,36.05,36.46,"52,858,036"
9/30/2024,36.58,37.32,36.15,37.2,"42,223,553"
9/27/2024,36.91,37.47,36.59,36.84,"43,219,122"
9/26/2024,37.26,37.44,36.6,37.1,"48,601,992"
9/25/2024,36.89,37.18,36.38,37.12,"46,511,724"
9/24/2024,37.97,37.98,36.43,36.9,"79,519,248"
9/23/2024,36.86,38.19,36.57,37.95,"79,460,737"
9/20/2024,36.01,37.29,35.71,37.2,"450,290,538"
9/19/2024,37,37.35,36.2,36.83,"59,882,041"
9/18/2024,35.9,37.11,35.87,36.38,"66,279,770"
9/17/2024,37,37.05,35.87,36.45,"64,461,751"
9/16/2024,35.78,36.92,35.56,36.31,"74,767,329"
9/13/2024,34.97,36.01,34.89,35.59,"49,727,172"
9/12/2024,34.86,35.4,34.53,34.91,"54,391,843"
9/11/2024,34.01,34.87,33.62,34.85,"68,302,252"
9/10/2024,34.81,35.2,33.71,34.76,"91,720,986"
9/9/2024,32.7,34.7,32.47,34.6,"140,582,494"
9/6/2024,30.6,31.04,29.5,30.33,"50,946,777"
9/5/2024,30.24,30.74,30.01,30.16,"24,012,331"
9/4/2024,30,30.85,29.31,30.59,"33,419,490"
9/3/2024,31.35,31.59,30.17,30.51,"34,531,596"
8/30/2024,31.05,31.5,30.7,31.48,"42,388,023"
8/29/2024,30.65,31.82,30.48,31,"39,732,985"
8/28/2024,30.62,30.8,29.75,30.36,"33,961,370"
8/27/2024,30.55,31.12,30.38,30.84,"23,541,256"
8/26/2024,31.43,31.74,30.79,30.85,"35,283,625"
8/23/2024,31.99,32.55,31.62,31.78,"34,121,175"
8/22/2024,32.55,33.13,31.85,31.92,"43,522,223"
8/21/2024,32.32,32.67,31.97,32.54,"38,147,564"
8/20/2024,32.5,32.72,31.63,32.32,"40,783,010"
8/19/2024,32.42,32.59,31.81,32.5,"52,353,641"
8/16/2024,31.04,32.75,30.98,32.08,"64,870,638"
8/15/2024,31.31,31.5,30.83,31.22,"43,407,612"
8/14/2024,30.62,31.37,30.33,31,"49,885,641"
8/13/2024,29.79,30.85,29.56,30.39,"57,294,206"
8/12/2024,30.22,31.2,29.27,29.38,"67,890,322"
8/9/2024,29.28,30.36,29.1,30.01,"88,131,106"
8/8/2024,27.04,29.38,26.69,29.28,"96,892,918"
8/7/2024,27.07,28.36,26.24,26.32,"75,975,382"
8/6/2024,27.05,27.42,25.57,26.59,"99,622,681"
8/5/2024,21.74,24.42,21.23,24.09,"88,023,468"
8/2/2024,24.75,24.87,23.75,24.74,"56,092,591"
8/1/2024,27.02,27.54,25.83,26.08,"31,189,607"
7/31/2024,27.02,27.39,26.88,26.89,"29,111,605"
7/30/2024,27.25,27.44,25.89,26.37,"31,819,905"
7/29/2024,27.56,27.8,26.73,27.08,"26,038,842"
7/26/2024,27,27.34,26.77,27.18,"27,432,224"
7/25/2024,26.04,27.29,25.42,26.63,"45,474,613"
7/24/2024,28.44,28.69,26.58,26.6,"49,004,105"
7/23/2024,28.34,29.19,28.31,28.81,"31,134,262"
7/22/2024,28.93,28.97,27.69,28.46,"38,037,812"
7/19/2024,28.31,29.6,28.27,28.58,"49,581,636"
7/18/2024,28.42,29.83,28.15,28.64,"76,485,561"
7/17/2024,28,28.87,27.6,28.22,"45,203,461"
7/16/2024,28.18,28.84,27.47,28.67,"59,330,683"
7/15/2024,28.42,29.3,27.9,28.67,"49,186,345"
7/12/2024,27.32,28.13,27.28,28.07,"30,760,268"
7/11/2024,28.49,28.59,26.9,27.64,"61,546,057"
7/10/2024,27.5,28.47,27.37,28.42,"43,231,028"
7/9/2024,27.93,28.38,27.23,27.39,"53,226,526"
7/8/2024,27.93,27.99,26.84,27.7,"59,611,163"
7/5/2024,26,27.25,25.98,27.23,"46,703,729"
7/3/2024,25.96,26.27,25.76,25.85,"18,433,843"
7/2/2024,25.84,26.43,25.75,25.83,"32,148,242"
7/1/2024,25.48,26.02,25.14,25.88,"33,167,921"
6/28/2024,25.28,25.57,25.03,25.33,"38,886,441"
6/27/2024,24.1,25.4,24.05,25.22,"37,882,859"
6/26/2024,24.47,24.66,24.03,24.1,"24,331,377"
6/25/2024,24.16,24.63,23.92,24.56,"29,657,245"
6/24/2024,23.44,24.39,23.3,24.16,"36,477,408"
6/21/2024,24.71,26.09,23.53,23.84,"69,981,578"
6/20/2024,26.44,26.57,25.16,25.56,"66,734,955"
6/18/2024,25.15,26.03,24.83,25.82,"54,458,580"
6/17/2024,23.47,25.06,23.45,25.02,"54,294,062"
6/14/2024,23.15,23.72,22.84,23.57,"26,618,284"
6/13/2024,23.85,24.14,23.15,23.27,"26,035,051"
6/12/2024,24.2,24.33,23.57,23.77,"38,542,724"
6/11/2024,23.06,23.95,22.89,23.85,"30,601,852"
6/10/2024,22.75,23.16,22.66,23.13,"31,509,278"
6/7/2024,23.24,23.57,23.06,23.31,"37,149,877"
6/6/2024,22.98,23.95,22.98,23.79,"60,400,366"
6/5/2024,22.48,22.98,22.22,22.96,"39,825,392"
6/4/2024,21.05,22.26,21.04,22.1,"41,974,047"
6/3/2024,21.7,21.79,21.01,21.32,"33,876,070"
5/31/2024,21.79,22.2,21.31,21.68,"44,416,074"
5/30/2024,21.28,21.96,21.02,21.73,"47,583,129"
5/29/2024,20.77,20.99,20.64,20.94,"24,834,240"
5/28/2024,21.06,21.22,20.73,21.05,"26,274,188"
5/24/2024,20.72,21.15,20.65,21.01,"22,158,712"
5/23/2024,21.39,21.52,20.63,20.72,"36,887,627"
5/22/2024,21.23,21.42,21.08,21.17,"25,212,469"
5/21/2024,21.34,21.45,21.12,21.24,"27,953,962"
5/20/2024,21.77,21.77,21.22,21.62,"35,255,258"
5/17/2024,21.78,22.17,21.56,21.76,"30,032,254"
5/16/2024,21.74,21.87,21.54,21.65,"27,416,677"
5/15/2024,21.73,21.81,21.19,21.67,"39,424,029"
5/14/2024,20.95,22.07,20.93,21.44,"57,894,354"
5/13/2024,20.6,21.19,20.6,20.94,"37,524,809"
5/10/2024,21.27,21.37,20.5,20.6,"59,845,413"
5/9/2024,21.49,21.58,20.94,21.14,"54,101,937"
5/8/2024,21.58,21.73,21.06,21.56,"67,582,882"
5/7/2024,21.99,22.7,21.35,21.4,"161,061,622"
5/6/2024,24.37,25.36,24.03,25.21,"175,936,565"
5/3/2024,23.48,23.64,22.91,23.33,"55,976,409"
5/2/2024,22.6,22.72,22.1,22.55,"30,396,133"
5/1/2024,21.93,22.83,21.63,22.12,"34,812,852"
4/30/2024,22.77,22.87,21.95,21.97,"30,511,879"
4/29/2024,22.75,23.09,22.55,22.83,"30,330,698"
4/26/2024,22.05,22.67,21.91,22.52,"33,119,766"
4/25/2024,20.82,21.74,20.66,21.71,"26,226,705"
4/24/2024,22.05,22.25,21.3,21.59,"34,426,476"
4/23/2024,21.25,22.06,21.23,21.64,"36,304,634"
4/22/2024,20.72,21.08,20.36,20.97,"31,894,517"
4/19/2024,20.98,21.43,20.33,20.47,"39,632,591"
4/18/2024,21.25,21.43,20.7,21.13,"34,550,542"
4/17/2024,22.01,22.11,21.22,21.31,"30,139,797"
4/16/2024,21.59,21.99,21.27,21.88,"33,869,201"
4/15/2024,22.79,23.13,21.83,21.9,"38,182,078"
4/12/2024,22.7,23.2,22.41,22.67,"36,764,458"
4/11/2024,22.65,22.91,22.25,22.84,"26,399,380"
4/10/2024,22.22,22.71,22.01,22.42,"28,642,932"
4/9/2024,23.01,23.09,22.46,22.81,"27,724,525"
4/8/2024,23.08,23.2,22.67,23,"25,022,708"
4/5/2024,22.42,23.32,22.31,22.96,"38,716,824"
4/4/2024,23.82,24.1,22.4,22.48,"64,995,295"
4/3/2024,22.44,23.01,22.38,22.7,"30,357,412"
4/2/2024,22,22.79,21.72,22.72,"39,770,573"
4/1/2024,22.98,23.21,22.4,22.86,"41,000,029"
3/28/2024,24.17,24.28,22.94,23.01,"70,008,165"
3/27/2024,25,25.48,24.26,24.51,"38,600,086"
3/26/2024,24.76,25.47,24.47,24.89,"43,610,464"
3/25/2024,24.12,24.62,24.05,24.51,"29,255,903"
3/22/2024,24.2,24.48,24.02,24.18,"25,453,029"
3/21/2024,25.3,25.33,24.44,24.49,"37,099,608"
3/20/2024,23.77,24.65,23.67,24.57,"40,273,774"
3/19/2024,23.5,23.83,22.92,23.8,"43,247,249"
3/18/2024,23.77,24.18,23.32,24,"44,083,043"
3/15/2024,23.85,24.1,23.42,23.49,"61,420,999"
3/14/2024,24.83,24.97,24.14,24.43,"49,214,784"
3/13/2024,24.7,25.44,24.6,25,"59,712,992"
3/12/2024,25.57,25.64,24.35,24.7,"75,202,613"
3/11/2024,25.89,26.83,25.29,25.35,"60,829,269"
3/8/2024,27.19,27.28,25.81,26.04,"84,256,124"
3/7/2024,27.01,27.5,26.38,26.46,"117,519,319"
3/6/2024,25.75,26.75,24.53,26.16,"207,386,942"
3/5/2024,23.96,24.41,23.43,23.81,"49,542,272"
3/4/2024,24.4,24.58,23.53,24.04,"64,320,031"
3/1/2024,25.3,25.69,24.54,24.93,"64,794,407"
2/29/2024,24.81,25.29,24.36,25.08,"62,753,300"
2/28/2024,24.52,24.84,24.25,24.42,"47,313,982"
2/27/2024,23.76,24.62,23.72,24.53,"64,967,421"
2/26/2024,23.03,23.88,22.94,23.56,"46,499,481"
2/23/2024,23.53,24.07,22.82,22.97,"48,840,765"
2/22/2024,23.77,23.95,23.05,23.59,"64,458,247"
2/21/2024,22.3,22.93,22.29,22.74,"60,411,461"
2/20/2024,23.84,24,22.72,23.4,"93,374,349"
2/16/2024,24.96,25.5,24.39,24.44,"65,498,227"
2/15/2024,25.04,25.46,24.71,25.41,"70,544,321"
2/14/2024,24.15,25.5,23.76,25.19,"97,227,926"
2/13/2024,23.53,24.66,23.31,24.01,"102,293,322"
2/12/2024,23.91,25.53,23.82,25.05,"108,173,046"
2/9/2024,25.04,25.11,23.57,24.38,"149,061,975"
2/8/2024,23.96,25.06,23.32,24.51,"212,671,149"
2/7/2024,21.6,23.87,21.38,23.6,"254,911,069"
2/6/2024,20.3,22.18,19.76,21.87,"421,271,485"
2/5/2024,17.56,17.87,16.48,16.72,"167,698,349"
2/2/2024,16.34,17.02,16.15,17.02,"57,672,675"
2/1/2024,16.21,16.49,16.03,16.33,"40,454,381"
1/31/2024,16.41,16.76,16.07,16.09,"43,582,546"
1/30/2024,17.04,17.24,16.66,16.74,"36,388,182"
1/29/2024,16.45,17.11,16.43,17.09,"35,987,779"
1/26/2024,16.4,16.75,16.34,16.35,"28,612,154"
1/25/2024,16.92,17,16.31,16.46,"44,589,040"
1/24/2024,17.51,17.65,16.74,16.75,"42,710,696"
1/23/2024,17.64,17.73,17.2,17.33,"37,794,300"
1/22/2024,17.46,18.35,17.43,17.6,"85,573,913"
1/19/2024,16.57,16.78,16.15,16.78,"40,690,625"
1/18/2024,16.75,16.81,16.1,16.4,"35,239,739"
1/17/2024,16.26,16.41,16.05,16.39,"30,832,775"
1/16/2024,16.59,16.74,16.29,16.53,"32,659,260"
1/12/2024,16.68,17.06,16.62,16.76,"33,952,550"
1/11/2024,16.81,16.93,16.17,16.68,"39,552,365"
1/10/2024,16.5,17.03,16.4,16.79,"41,254,398"
1/9/2024,16.51,16.63,16.28,16.39,"35,794,473"
1/8/2024,16.22,16.89,16.14,16.67,"49,089,953"
1/5/2024,15.7,16.13,15.66,15.98,"57,700,013"
1/4/2024,16.05,16.58,15.95,16.25,"39,937,698"
1/3/2024,16.12,16.38,16.01,16.09,"46,865,204"
1/2/2024,16.95,16.95,16.5,16.58,"41,626,684"
12/29/2023,17.52,17.64,17.1,17.17,"38,943,466"
12/28/2023,17.46,17.84,17.42,17.56,"38,989,961"
12/27/2023,17.78,17.91,17.45,17.47,"32,918,437"
12/26/2023,17.44,17.75,17.33,17.68,"31,750,737"
12/22/2023,17.7,17.7,17.33,17.41,"33,693,787"
12/21/2023,17.53,17.74,17.42,17.59,"30,493,554"
12/20/2023,17.87,17.92,17.19,17.25,"58,666,901"
12/19/2023,17.98,18.19,17.84,17.95,"43,530,312"
12/18/2023,18.21,18.58,17.77,17.84,"60,188,148"
12/15/2023,18.67,19.15,18.04,18.2,"93,307,116"
12/14/2023,18.17,18.58,17.72,18.21,"67,462,755"
12/13/2023,17.65,17.9,17.22,17.87,"52,682,624"
12/12/2023,17.69,17.88,17.23,17.5,"46,231,909"
12/11/2023,17.97,18.28,17.7,17.77,"50,929,623"
12/8/2023,17.18,17.92,17.09,17.77,"57,542,134"
12/7/2023,17.22,17.48,17.08,17.22,"56,454,997"
12/6/2023,17.69,17.83,17.05,17.13,"96,110,978"
12/5/2023,18.25,18.55,17.96,18.3,"54,460,845"
12/4/2023,19.75,19.9,18.27,18.4,"104,948,518"
12/1/2023,19.93,20.29,19.55,20.27,"61,493,670"
11/30/2023,19.94,20.23,19.68,20.05,"55,500,991"
11/29/2023,19.95,20.31,19.78,19.84,"62,782,105"
11/28/2023,19.11,19.8,19.03,19.71,"54,170,695"
11/27/2023,19.13,19.5,18.62,19.08,"58,808,177"
11/24/2023,19.38,19.6,18.93,19.2,"39,800,361"
11/22/2023,20.26,20.44,19.33,19.69,"68,452,455"
11/21/2023,21.11,21.85,19.72,19.8,"106,643,319"
11/20/2023,20.65,21.6,20.56,21.34,"90,575,566"
11/17/2023,19.68,20.58,19.66,20.49,"69,668,728"
11/16/2023,19.8,19.88,19.29,19.77,"49,942,759"
11/15/2023,19.9,20.37,19.61,19.95,"75,533,454"
11/14/2023,20,20.1,19.5,19.94,"83,230,466"
11/13/2023,19.59,19.88,19.3,19.71,"74,877,458"
11/10/2023,18.16,19.72,18.06,19.67,"92,955,800"
11/9/2023,18.66,18.87,18.16,18.27,"48,454,200"
11/8/2023,18.85,18.93,18.15,18.49,"46,063,132"
11/7/2023,18.86,19.17,18.53,18.8,"56,289,102"
11/6/2023,18.99,19.08,17.93,18.54,"79,952,555"
11/3/2023,18.02,19.08,17.76,18.89,"109,302,021"
11/2/2023,17.48,18.3,17.21,17.97,"170,406,782"
11/1/2023,14.8,14.96,14.48,14.92,"54,419,071"
10/31/2023,14.58,15.01,14.55,14.8,"40,195,406"
10/30/2023,15.27,15.29,14.56,14.69,"46,886,417"
10/27/2023,15.48,15.6,14.96,15.07,"39,913,561"
10/26/2023,15.6,15.91,15.05,15.29,"49,351,804"
10/25/2023,16.57,16.63,15.58,15.59,"46,706,480"
10/24/2023,16.38,16.93,16.3,16.64,"39,833,762"
10/23/2023,15.9,16.34,15.21,16.2,"55,967,151"
10/20/2023,16.85,16.94,15.81,16.11,"63,875,487"
10/19/2023,17.44,17.58,16.97,17.06,"46,303,217"
10/18/2023,17.81,18.22,17.19,17.2,"44,208,265"
10/17/2023,17,18.03,16.91,17.84,"54,401,289"
10/16/2023,17.21,17.46,16.67,17.36,"44,987,257"
10/13/2023,18.06,18.16,17.27,17.36,"54,881,953"
10/12/2023,17.92,18.24,17.55,17.94,"57,940,929"
10/11/2023,17.87,18.44,17.73,17.92,"55,745,629"
10/10/2023,18.06,18.4,17.62,17.8,"99,971,501"
10/9/2023,16.27,17.83,16.22,17.61,"106,161,182"
10/6/2023,15.56,16.7,15.51,16.61,"65,946,320"
10/5/2023,15.59,15.9,15.41,15.81,"49,648,072"
10/4/2023,15.46,15.85,15.16,15.73,"52,786,237"
10/3/2023,15.61,15.77,14.82,14.9,"51,578,129"
10/2/2023,16.03,16.44,15.77,15.88,"41,043,913"
9/29/2023,16.11,16.81,15.96,16,"78,055,083"
9/28/2023,15.14,15.96,14.83,15.77,"66,590,819"
9/27/2023,14.2,14.96,14.16,14.85,"62,780,567"
9/26/2023,13.95,14.17,13.88,13.96,"37,276,213"
9/25/2023,14,14.24,13.82,14.22,"39,693,894"
9/22/2023,14.23,14.42,14.03,14.13,"47,714,543"
9/21/2023,14.34,14.6,13.68,14,"73,071,796"
9/20/2023,15.25,15.43,14.73,14.74,"37,640,487"
9/19/2023,15.34,15.52,14.95,15.15,"37,804,835"
9/18/2023,15.18,15.63,15.07,15.46,"37,404,081"
9/15/2023,15.77,15.9,15.17,15.33,"56,271,175"
9/14/2023,15.69,16.04,15.47,15.83,"38,572,508"
9/13/2023,15.63,15.85,15.42,15.6,"34,354,449"
9/12/2023,15.46,16.15,15.43,15.59,"39,497,916"
9/11/2023,15.41,16.1,15.36,15.79,"55,294,677"
9/8/2023,15.12,15.61,15.09,15.13,"34,047,562"
9/7/2023,14.88,15.24,14.29,15.21,"51,798,780"
9/6/2023,15.17,15.62,15.08,15.3,"38,738,076"
9/5/2023,15.08,15.42,14.9,15.21,"33,818,426"
9/1/2023,15.16,15.37,14.83,15.18,"45,258,903"
8/31/2023,15.6,15.85,14.65,14.98,"101,517,203"
8/30/2023,15.46,16.35,15.33,16.33,"65,674,056"
8/29/2023,14.6,15.63,14.5,15.4,"47,213,155"
8/28/2023,14.69,14.88,14.5,14.64,"35,964,677"
8/25/2023,14.14,14.65,14.01,14.53,"55,668,905"
8/24/2023,15.7,15.71,13.88,14.14,"93,586,208"
8/23/2023,14.5,15.47,14.42,15.3,"53,523,342"
8/22/2023,14.76,15.13,14.63,14.67,"52,106,867"
8/21/2023,14.42,14.78,14.34,14.5,"43,206,161"
8/18/2023,13.88,14.6,13.68,14.4,"70,215,160"
8/17/2023,15.39,15.44,14.04,14.15,"91,086,683"
8/16/2023,15.21,15.73,15.12,15.45,"40,394,555"
8/15/2023,15.61,15.87,15.29,15.37,"44,000,374"
8/14/2023,15.2,15.74,14.95,15.72,"47,511,417"
8/11/2023,15.05,15.58,14.91,15.41,"56,616,788"
8/10/2023,15.44,15.87,15.25,15.41,"73,129,139"
8/9/2023,16.76,16.92,15.1,15.25,"126,230,391"
8/8/2023,17.49,17.49,16.1,17.04,"143,014,237"
8/7/2023,18.25,18.39,17.01,17.99,"133,808,372"
8/4/2023,18.87,19.08,18.08,18.2,"72,386,045"
8/3/2023,18.63,19.3,18.61,18.71,"55,168,608"
8/2/2023,19.26,19.62,18.15,18.97,"98,215,768"
8/1/2023,19.46,20.24,19.23,19.99,"100,126,141"
7/31/2023,18.82,20,18.38,19.84,"142,173,835"
7/28/2023,17.21,17.97,16.74,17.81,"106,125,623"
7/27/2023,16.8,17.19,16,16.15,"50,685,242"
7/26/2023,16.4,16.69,16.13,16.43,"35,804,775"
7/25/2023,16.35,16.86,16.35,16.55,"36,612,927"
7/24/2023,16.61,16.69,16.12,16.32,"36,133,647"
7/21/2023,17.47,17.49,16,16.43,"63,375,867"
7/20/2023,17.54,18,16.98,17.13,"62,711,592"
7/19/2023,18.02,19,17.76,18.05,"89,044,567"
7/18/2023,17.88,18.13,17.19,18.08,"87,365,660"
7/17/2023,16.42,17.59,16.32,17.4,"63,504,956"
7/14/2023,16.76,17,16.27,16.4,"45,115,040"
7/13/2023,16.7,17.26,16.63,16.74,"58,397,771"
7/12/2023,16.78,16.94,16.41,16.59,"50,079,436"
7/11/2023,16.47,16.93,16.15,16.49,"63,236,574"
7/10/2023,15.37,16.33,14.95,16.3,"62,823,618"
7/7/2023,15.23,15.9,15.19,15.34,"48,273,342"
7/6/2023,15.32,15.38,14.62,15.13,"57,158,281"
7/5/2023,15.43,15.77,15.23,15.7,"39,179,854"
7/3/2023,15.49,15.59,15.19,15.52,"26,037,426"
6/30/2023,15.48,15.8,15.23,15.33,"42,195,264"
6/29/2023,15.4,15.57,15.06,15.2,"46,300,897"
6/28/2023,14.53,15.43,14.47,15.28,"66,001,041"
6/27/2023,14.22,14.76,13.96,14.61,"55,410,531"
6/26/2023,13.87,14.42,13.83,13.94,"50,679,919"
6/23/2023,13.64,14.14,13.56,14.03,"74,851,018"
6/22/2023,14.3,14.44,13.86,14.05,"103,460,998"
6/21/2023,15.66,15.76,14.37,14.64,"97,885,028"
6/20/2023,15.99,16.89,15.58,15.79,"81,335,009"
6/16/2023,16.87,16.91,16.01,16.3,"90,696,215"
6/15/2023,15.66,16.79,15.49,16.6,"91,200,891"
6/14/2023,15.93,16.19,15.44,15.91,"70,871,917"
6/13/2023,16.18,16.27,15.16,16,"112,765,935"
6/12/2023,15.44,16.03,15.33,15.65,"90,250,316"
6/9/2023,15.36,15.98,14.82,15.02,"94,126,339"
6/8/2023,14.44,15.59,14.39,15.19,"115,591,618"
6/7/2023,16.01,17.16,14.52,14.69,"227,244,050"
6/6/2023,15.3,15.58,14.92,15.46,"74,284,337"
6/5/2023,14.37,15.7,14.35,15.24,"121,425,810"
6/2/2023,14.65,15.03,14.16,14.52,"79,487,612"
6/1/2023,14.46,15.22,14.2,14.54,"126,015,134"
5/31/2023,14.19,14.79,13.82,14.71,"130,392,206"
5/30/2023,14.44,15.01,14.24,14.71,"159,089,328"
5/26/2023,12.84,14.2,12.82,13.65,"127,770,554"
5/25/2023,13.18,13.22,12.34,12.84,"106,557,773"
5/24/2023,12.05,12.43,11.82,12.23,"90,496,870"
5/23/2023,11.95,13.42,11.87,12.64,"148,701,808"
5/22/2023,11.62,12.11,11.39,11.84,"76,377,076"
5/19/2023,11.97,12.41,11.52,11.71,"150,269,322"
5/18/2023,10.46,11.81,10.39,11.74,"171,402,281"
5/17/2023,9.54,10.29,9.46,10.25,"63,834,517"
5/16/2023,9.4,9.63,9.35,9.47,"42,311,914"
5/15/2023,9.21,9.6,9.02,9.52,"53,555,516"
5/12/2023,9.86,10.01,9.47,9.5,"62,123,944"
5/11/2023,10.14,10.16,9.71,9.88,"73,754,074"
5/10/2023,9.73,10.3,9.46,9.94,"149,374,961"
5/9/2023,9.22,9.69,8.66,9.55,"223,573,281"
5/8/2023,7.64,7.86,7.59,7.74,"105,304,009"
5/5/2023,7.44,7.55,7.32,7.41,"45,848,838"
5/4/2023,7.47,7.52,7.28,7.38,"29,989,336"
5/3/2023,7.62,7.68,7.45,7.56,"24,322,418"
5/2/2023,7.72,7.91,7.43,7.59,"38,007,950"
5/1/2023,7.75,7.82,7.66,7.78,"19,134,155"
4/28/2023,7.77,8,7.62,7.75,"24,915,472"
4/27/2023,7.83,7.91,7.72,7.82,"21,385,464"
4/26/2023,7.87,7.91,7.65,7.74,"21,396,726"
4/25/2023,8,8.02,7.73,7.74,"21,849,092"
4/24/2023,8.16,8.25,7.94,8.1,"20,439,283"
4/21/2023,8.14,8.22,8.09,8.18,"14,896,712"
4/20/2023,8.29,8.5,8.13,8.15,"23,573,036"
4/19/2023,8.58,8.66,8.48,8.49,"18,193,674"
4/18/2023,8.93,9.02,8.72,8.73,"21,185,250"
4/17/2023,8.81,9.04,8.78,8.8,"26,047,508"
4/14/2023,8.53,8.91,8.47,8.81,"42,364,533"
4/13/2023,8.5,8.7,8.43,8.58,"27,983,250"
4/12/2023,8.75,8.78,8.3,8.33,"28,771,280"
4/11/2023,8.35,8.79,8.34,8.61,"35,617,852"
4/10/2023,8,8.44,7.9,8.39,"29,184,726"
4/6/2023,7.88,8.14,7.79,8.09,"23,488,564"
4/5/2023,8.63,8.65,7.84,7.98,"54,946,873"
4/4/2023,8.53,8.54,8.23,8.35,"23,961,225"
4/3/2023,8.37,8.53,8.21,8.38,"22,511,967"
3/31/2023,8.15,8.48,8.08,8.45,"26,174,838"
3/30/2023,8.33,8.38,8.05,8.15,"21,001,636"
3/29/2023,8.09,8.25,8.05,8.22,"15,339,672"
3/28/2023,8.06,8.12,7.97,8,"14,860,487"
3/27/2023,8.15,8.32,7.94,8.04,"20,666,810"
3/24/2023,8.29,8.35,8.06,8.2,"17,939,822"
3/23/2023,8.32,8.56,8.16,8.33,"22,662,235"
3/22/2023,8.44,8.62,8.2,8.21,"34,150,971"
3/21/2023,8.2,8.51,8.17,8.45,"27,104,478"
3/20/2023,7.77,8.1,7.72,8.08,"25,497,386"
3/17/2023,7.93,8.03,7.84,7.88,"20,920,767"
3/16/2023,8.01,8.08,7.86,7.98,"20,504,460"
3/15/2023,7.81,7.99,7.7,7.9,"28,217,378"
3/14/2023,8.05,8.14,7.78,7.89,"33,460,106"
3/13/2023,7.29,8.15,7.19,7.87,"63,183,533"
3/10/2023,7.59,7.68,7.28,7.35,"41,954,279"
3/9/2023,8.07,8.26,7.68,7.69,"29,005,915"
3/8/2023,8.36,8.58,8.06,8.13,"38,723,632"
3/7/2023,8.28,8.43,8.19,8.28,"26,819,619"
3/6/2023,8.34,8.45,8.2,8.28,"28,316,225"
3/3/2023,8,8.5,8,8.33,"43,229,102"
3/2/2023,7.59,8.03,7.56,7.97,"36,805,933"
3/1/2023,7.83,7.91,7.69,7.69,"27,939,113"
2/28/2023,7.96,8.1,7.8,7.84,"32,937,011"
2/27/2023,8.12,8.23,7.96,8.03,"35,270,013"
2/24/2023,7.94,8.2,7.87,8.09,"41,518,558"
2/23/2023,8.42,8.48,7.91,8.17,"60,015,539"
2/22/2023,8.48,8.63,8.16,8.36,"55,345,996"
2/21/2023,9.01,9.1,8.4,8.47,"65,226,614"
2/17/2023,9.57,9.71,9.09,9.2,"62,137,799"
2/16/2023,9.65,10.31,9.6,9.71,"88,638,835"
2/15/2023,9.16,10.23,9.11,10.11,"153,514,526"
2/14/2023,8.59,9.3,8.23,9.22,"216,055,237"
2/13/2023,7.58,7.78,7.45,7.61,"87,397,065"
2/10/2023,7.79,7.86,7.46,7.51,"43,042,403"
2/9/2023,8.34,8.43,7.94,7.95,"33,366,661"
2/8/2023,8.25,8.57,8.17,8.22,"35,105,483"
2/7/2023,8.33,8.41,8.06,8.33,"42,201,785"
2/6/2023,8.31,8.54,8.24,8.31,"38,845,474"
2/3/2023,8.54,8.9,8.37,8.41,"64,785,463"
2/2/2023,8.51,9.21,8.47,8.99,"71,889,705"
2/1/2023,7.73,8.22,7.68,8.2,"50,123,739"
1/31/2023,7.41,7.82,7.38,7.78,"40,984,037"
1/30/2023,7.5,7.61,7.36,7.37,"28,567,795"
1/27/2023,7.19,7.73,7.14,7.55,"37,555,172"
1/26/2023,7.37,7.45,7.04,7.24,"28,005,624"
1/25/2023,6.92,7.27,6.69,7.22,"37,147,944"
1/24/2023,7,7.42,7,7.02,"22,649,458"
1/23/2023,7.03,7.41,6.99,7.38,"31,633,292"
1/20/2023,6.76,7.06,6.72,7.02,"28,751,729"
1/19/2023,6.8,6.9,6.67,6.73,"24,841,655"
1/18/2023,7.16,7.3,6.88,6.9,"32,743,429"
1/17/2023,6.99,7.15,6.73,7.07,"30,910,341"
1/13/2023,6.84,7.01,6.81,6.96,"20,981,000"
1/12/2023,7.01,7.05,6.78,7.01,"30,152,469"
1/11/2023,6.84,6.99,6.76,6.98,"25,936,693"
1/10/2023,6.5,6.72,6.49,6.7,"28,236,577"
1/9/2023,6.49,6.67,6.4,6.5,"31,028,876"
1/6/2023,6.4,6.45,6.09,6.4,"30,596,404"
1/5/2023,6.45,6.49,6.25,6.32,"34,185,994"
1/4/2023,6.48,6.68,6.37,6.58,"31,660,509"
1/3/2023,6.58,6.64,6.28,6.39,"29,969,947"
12/30/2022,6.19,6.42,6.19,6.42,"27,830,898"
12/29/2022,6.1,6.53,6.1,6.4,"42,694,169"
12/28/2022,5.98,6.17,5.95,6.07,"30,096,787"
12/27/2022,6.15,6.22,5.92,6,"34,573,340"
12/23/2022,6.27,6.3,6.07,6.29,"20,418,981"
12/22/2022,6.37,6.38,6.18,6.32,"28,065,983"
12/21/2022,6.24,6.52,6.04,6.5,"34,408,622"
12/20/2022,6.29,6.54,6.2,6.31,"30,215,576"
12/19/2022,6.8,6.83,6.32,6.35,"41,511,615"
12/16/2022,7.02,7.08,6.76,6.9,"32,655,552"
12/15/2022,7.17,7.3,7.01,7.01,"25,417,145"
12/14/2022,7.5,7.6,7.27,7.35,"22,653,792"
12/13/2022,7.73,7.97,7.49,7.5,"41,033,831"
12/12/2022,7.11,7.31,7.09,7.29,"22,672,395"
12/9/2022,7.06,7.19,7.03,7.11,"23,367,305"
12/8/2022,7.1,7.27,6.94,7.12,"23,107,690"
12/7/2022,7.08,7.35,7.02,7.07,"28,351,611"
12/6/2022,7.19,7.2,6.88,6.99,"32,868,065"
12/5/2022,7.62,7.7,7.11,7.19,"32,158,154"
12/2/2022,7.62,7.76,7.5,7.66,"18,794,030"
12/1/2022,7.51,7.88,7.47,7.86,"34,424,376"
11/30/2022,7.14,7.51,7.03,7.5,"32,745,744"
11/29/2022,7.2,7.3,7.05,7.08,"22,150,765"
11/28/2022,7.23,7.4,7.15,7.16,"19,467,050"
11/25/2022,7.32,7.34,7.19,7.28,"10,824,422"
11/23/2022,7.25,7.42,7.12,7.37,"24,182,861"
11/22/2022,7.18,7.25,6.98,7.22,"27,327,800"
11/21/2022,7.31,7.32,7.07,7.19,"36,605,643"
11/18/2022,7.76,7.79,7.31,7.39,"27,245,241"
11/17/2022,7.83,7.88,7.53,7.62,"33,746,453"
11/16/2022,8.18,8.24,8,8.06,"28,435,997"
11/15/2022,8.45,8.47,8.16,8.34,"34,454,137"
11/14/2022,8.18,8.32,7.95,8.1,"37,313,248"
11/11/2022,7.48,8.42,7.38,8.41,"55,324,135"
11/10/2022,7.46,7.97,7.43,7.64,"58,579,775"
11/9/2022,7.12,7.19,6.95,6.98,"42,517,300"
11/8/2022,7.08,7.42,6.91,7.21,"56,353,934"
11/7/2022,7.78,7.85,6.89,7.02,"99,332,839"
11/4/2022,8.19,8.2,7.65,7.93,"64,338,926"
11/3/2022,8.07,8.3,7.87,8.08,"36,419,546"
11/2/2022,8.7,8.76,8.2,8.22,"36,042,604"
11/1/2022,8.99,9.06,8.56,8.65,"29,799,983"
10/31/2022,8.59,8.83,8.43,8.79,"31,376,113"
10/28/2022,8.55,8.66,8.37,8.64,"20,697,363"
10/27/2022,8.68,8.78,8.46,8.6,"28,940,839"
10/26/2022,8.48,9.05,8.39,8.57,"33,606,930"
10/25/2022,8.36,8.66,8.36,8.66,"31,001,500"
10/24/2022,8.3,8.3,8.01,8.27,"28,062,245"
10/21/2022,7.93,8.32,7.81,8.29,"30,705,741"
10/20/2022,7.73,8.26,7.73,8.04,"26,689,513"
10/19/2022,8.06,8.13,7.85,7.91,"26,593,980"
10/18/2022,8.15,8.33,8.04,8.16,"37,120,360"
10/17/2022,7.71,8.06,7.69,7.94,"31,751,687"
10/14/2022,8.23,8.31,7.53,7.53,"37,484,777"
10/13/2022,7.74,8.2,7.57,8.08,"36,040,853"
10/12/2022,8.06,8.1,7.82,8.07,"30,201,563"
10/11/2022,7.99,8.3,7.7,8.04,"40,775,759"
10/10/2022,8.17,8.18,7.88,8.06,"26,923,337"
10/7/2022,8.26,8.28,8.11,8.15,"29,550,481"
10/6/2022,8.4,8.6,8.32,8.47,"27,653,442"
10/5/2022,8.26,8.49,8.08,8.42,"37,790,218"
10/4/2022,8.48,8.61,8.34,8.46,"36,313,344"
10/3/2022,8.15,8.3,7.97,8.24,"35,523,982"
9/30/2022,8.01,8.5,7.97,8.13,"47,454,794"
9/29/2022,8.05,8.33,7.78,8.08,"57,908,658"
9/28/2022,7.63,8,7.62,7.94,"31,955,946"
9/27/2022,7.69,7.84,7.46,7.63,"31,794,676"
9/26/2022,7.35,7.83,7.35,7.53,"45,429,792"
9/23/2022,7.2,7.42,7.13,7.4,"34,197,320"
9/22/2022,7.74,7.74,7.24,7.37,"49,138,288"
9/21/2022,7.72,8.07,7.66,7.69,"36,814,509"
9/20/2022,7.78,7.92,7.6,7.62,"30,349,629"
9/19/2022,7.64,7.86,7.58,7.86,"29,238,773"
9/16/2022,7.75,7.93,7.64,7.78,"42,155,538"
9/15/2022,7.47,8.1,7.45,8.01,"51,700,626"
9/14/2022,7.45,7.63,7.33,7.63,"29,422,539"
9/13/2022,7.63,7.66,7.45,7.48,"29,770,663"
9/12/2022,7.86,8.03,7.82,8.01,"30,544,819"
9/9/2022,7.68,7.82,7.64,7.79,"27,860,611"
9/8/2022,7.33,7.53,7.27,7.53,"26,303,595"
9/7/2022,7.27,7.43,7.18,7.39,"30,329,957"
9/6/2022,7.45,7.46,7.17,7.28,"30,429,420"
9/2/2022,7.67,7.67,7.35,7.4,"25,965,044"
9/1/2022,7.61,7.62,7.22,7.49,"39,079,702"
8/31/2022,7.95,8,7.7,7.72,"28,691,526"
8/30/2022,7.93,7.98,7.68,7.79,"27,189,202"
8/29/2022,7.82,8,7.76,7.81,"28,566,219"
8/26/2022,8.42,8.43,7.93,7.94,"34,150,358"
8/25/2022,8.22,8.43,8.05,8.42,"25,635,573"
8/24/2022,8.04,8.36,7.98,8.1,"26,576,407"
8/23/2022,8.1,8.28,8,8.01,"25,658,542"
8/22/2022,8.32,8.4,8.06,8.07,"37,824,865"
8/19/2022,9,9.01,8.48,8.51,"40,560,185"
8/18/2022,9.42,9.47,9.12,9.15,"26,365,589"
8/17/2022,9.56,9.62,9.33,9.43,"33,933,634"
8/16/2022,9.85,9.88,9.36,9.74,"40,681,240"
8/15/2022,9.82,10.1,9.76,9.91,"33,263,354"
8/12/2022,9.55,9.97,9.42,9.91,"30,638,186"
8/11/2022,9.76,10.05,9.4,9.42,"44,790,863"
8/10/2022,9.51,9.66,9.32,9.59,"46,054,905"
8/9/2022,9.54,9.57,9.01,9.25,"58,788,927"
8/8/2022,9.77,10.4,9.71,9.82,"125,272,644"
8/5/2022,11.01,11.62,10.85,11.45,"50,264,847"
8/4/2022,11.19,11.41,11.03,11.32,"32,093,381"
8/3/2022,11.08,11.34,11.04,11.2,"35,796,465"
8/2/2022,10.32,11.23,10.26,10.92,"40,958,813"
8/1/2022,10.25,10.7,10.12,10.47,"31,694,733"
7/29/2022,10.01,10.35,9.92,10.35,"31,106,607"
7/28/2022,10.03,10.2,9.74,10.13,"27,172,854"
7/27/2022,9.67,10.03,9.5,10.02,"29,810,929"
7/26/2022,9.66,9.66,9.38,9.4,"21,997,819"
7/25/2022,9.83,9.85,9.52,9.68,"21,484,978"
7/22/2022,10.35,10.57,9.73,9.84,"38,915,495"
7/21/2022,10.37,10.76,10.22,10.49,"51,691,188"
7/20/2022,9.44,10.2,9.44,10.11,"40,845,162"
7/19/2022,9.15,9.37,8.89,9.34,"29,033,769"
7/18/2022,9.25,9.45,9.01,9.03,"32,428,356"
7/15/2022,9.01,9.12,8.65,9.04,"34,918,133"
7/14/2022,9.23,9.28,8.85,8.9,"26,702,065"
7/13/2022,9.22,9.55,9.05,9.28,"32,461,304"
7/12/2022,9.66,9.96,9.27,9.49,"42,765,812"
7/11/2022,9.98,9.99,9.53,9.56,"34,049,499"
7/8/2022,9.92,10.38,9.83,10.17,"36,737,070"
7/7/2022,9.76,10.28,9.75,10.18,"35,672,506"
7/6/2022,10.01,10.31,9.74,9.8,"54,604,339"
7/5/2022,9.14,10.1,9,10.07,"55,913,039"
7/1/2022,9.11,9.43,9.03,9.27,"33,504,389"
6/30/2022,9.02,9.19,8.72,9.07,"33,636,395"
6/29/2022,9.35,9.42,9.07,9.23,"40,408,663"
6/28/2022,9.57,9.88,9.19,9.31,"45,683,156"
6/27/2022,10.15,10.16,9.51,9.62,"44,767,950"
6/24/2022,9.53,10.2,9.48,10.19,"67,826,046"
6/23/2022,9.02,9.5,8.84,9.46,"44,618,047"
6/22/2022,8.52,9.29,8.45,9.01,"43,486,258"
6/21/2022,8.59,9.05,8.56,8.71,"48,887,634"
6/17/2022,7.7,8.33,7.69,8.24,"45,517,993"
6/16/2022,7.84,7.99,7.58,7.67,"36,793,539"
6/15/2022,7.92,8.3,7.82,8.12,"38,235,303"
6/14/2022,7.74,7.98,7.59,7.82,"30,564,136"
6/13/2022,7.99,8,7.5,7.64,"40,942,971"
6/10/2022,8.48,8.58,8.14,8.26,"30,293,236"
6/9/2022,9.13,9.16,8.67,8.68,"30,588,227"
6/8/2022,9.18,9.42,9.09,9.18,"29,056,310"
6/7/2022,8.89,9.14,8.73,9.13,"28,049,430"
6/6/2022,9.11,9.21,8.78,8.98,"35,101,113"
6/3/2022,9.04,9.25,8.86,8.94,"36,632,342"
6/2/2022,8.54,9.39,8.46,9.3,"41,479,909"
6/1/2022,8.72,8.98,8.38,8.46,"34,438,066"
5/31/2022,8.97,9.1,8.56,8.68,"41,672,271"
5/27/2022,8.5,8.85,8.43,8.85,"37,063,986"
5/26/2022,7.84,8.4,7.77,8.36,"39,738,920"
5/25/2022,7.52,8.02,7.51,7.96,"35,068,948"
5/24/2022,7.98,7.99,7.37,7.55,"47,218,653"
5/23/2022,8.01,8.17,7.8,8.01,"27,755,176"
5/20/2022,8.26,8.4,7.71,8.08,"40,879,105"
5/19/2022,7.97,8.58,7.95,8.31,"35,780,868"
5/18/2022,8.21,8.43,7.92,8.01,"29,304,567"
5/17/2022,8.1,8.46,8.01,8.36,"38,620,763"
5/16/2022,8.17,8.43,8.01,8.04,"46,153,164"
5/13/2022,7.52,8.35,7.52,8.34,"69,242,703"
5/12/2022,6.55,7.38,6.44,7.34,"82,147,335"
5/11/2022,7.28,7.54,6.66,6.71,"72,894,876"
5/10/2022,7.56,7.7,6.93,7.29,"86,932,388"
5/9/2022,7.78,7.85,7.32,7.46,"170,871,733"
5/6/2022,10,10.05,9.42,9.48,"69,691,303"
5/5/2022,10.8,10.8,9.98,10.12,"40,523,644"
5/4/2022,10.53,11.01,10.08,10.98,"43,239,867"
5/3/2022,10.69,10.98,10.44,10.55,"31,372,676"
5/2/2022,10.38,10.76,10.18,10.74,"41,193,848"
4/29/2022,10.9,11.23,10.36,10.4,"30,937,495"
4/28/2022,10.69,11.05,10.37,10.95,"40,074,509"
4/27/2022,11.01,11.2,10.53,10.56,"54,508,483"
4/26/2022,11.94,12.05,11.1,11.12,"38,666,484"
4/25/2022,11.83,12.16,11.68,12.11,"31,727,574"
4/22/2022,12.33,12.73,11.86,11.96,"30,386,141"
4/21/2022,13.02,13.33,12.23,12.33,"32,008,952"
4/20/2022,13.08,13.17,12.74,12.79,"31,528,605"
4/19/2022,12.08,13.02,12.07,12.91,"31,753,902"
4/18/2022,12.35,12.42,11.88,12.15,"25,395,600"
4/14/2022,12.92,12.92,12.41,12.42,"23,284,123"
4/13/2022,12.35,12.94,12.23,12.9,"21,152,882"
4/12/2022,12.88,13.2,12.43,12.46,"26,226,526"
4/11/2022,12.45,12.82,12.13,12.66,"26,095,830"
4/8/2022,12.7,13.05,12.57,12.7,"24,962,502"
4/7/2022,12.95,13.34,12.48,12.84,"34,727,408"
4/6/2022,13.52,13.54,12.85,13,"40,647,687"
4/5/2022,14.61,14.86,13.8,13.89,"37,677,310"
4/4/2022,14.03,14.66,14.02,14.63,"40,124,782"
4/1/2022,13.77,14.07,13.5,13.83,"23,831,607"
3/31/2022,13.9,14.06,13.63,13.73,"22,839,957"
3/30/2022,14.04,14.36,13.74,13.88,"32,163,994"
3/29/2022,13.65,14.28,13.35,14.2,"46,433,721"
3/28/2022,13.01,13.44,12.86,13.42,"27,151,982"
3/25/2022,13.36,13.4,12.71,12.97,"24,796,929"
3/24/2022,13.25,13.42,12.83,13.39,"29,535,255"
3/23/2022,13.16,13.55,13.02,13.18,"33,699,354"
3/22/2022,12.52,13.48,12.52,13.27,"46,210,656"
3/21/2022,12.72,13.05,12.42,12.59,"39,410,854"
3/18/2022,12.28,13.02,12.22,12.82,"59,125,472"
3/17/2022,11.72,12.37,11.66,12.32,"43,948,861"
3/16/2022,10.95,11.82,10.94,11.79,"62,746,614"
3/15/2022,10.47,10.85,10.27,10.77,"40,451,175"
3/14/2022,11.17,11.41,10.41,10.5,"49,762,551"
3/11/2022,11.86,12.01,11.37,11.39,"37,817,372"
3/10/2022,11.38,11.97,11.32,11.87,"52,295,390"
3/9/2022,11.41,12.02,11.27,11.65,"43,591,369"
3/8/2022,10.93,11.39,10.72,11.04,"49,279,564"
3/7/2022,11.43,11.75,11.1,11.11,"63,070,581"
3/4/2022,11.7,11.77,10.74,10.96,"43,631,139"
3/3/2022,12.01,12.06,11.24,11.34,"46,171,972"
3/2/2022,12.21,12.21,11.42,12.06,"56,698,280"
3/1/2022,11.99,12.52,11.71,12.18,"64,867,173"
2/28/2022,11.96,12.18,11.39,11.85,"75,390,479"
2/25/2022,11.59,11.89,11,11.47,"75,433,711"
2/24/2022,9.75,11.87,9.74,11.83,"118,793,047"
2/23/2022,10.83,11.26,10.4,10.43,"93,964,473"
2/22/2022,10.7,11.19,10.3,10.48,"104,501,495"
2/18/2022,11.92,12.01,10.57,11.02,"137,808,130"
2/17/2022,12.39,12.7,11.7,11.77,"151,385,399"
2/16/2022,13.91,14.26,13.66,13.97,"58,624,449"
2/15/2022,13.52,14.19,13.41,14.17,"48,523,679"
2/14/2022,13.1,13.8,12.98,13.26,"40,617,850"
2/11/2022,13.45,13.92,12.97,13.13,"41,831,569"
2/10/2022,13.5,14.17,13.37,13.56,"41,998,243"
2/9/2022,13.29,13.89,13.26,13.87,"34,451,922"
2/8/2022,12.75,13.19,12.62,13.15,"30,317,109"
2/7/2022,13.03,13.6,12.94,12.98,"45,646,074"
2/4/2022,12.47,13.09,12.27,12.94,"38,989,151"
2/3/2022,12.95,13.32,12.42,12.45,"47,236,945"
2/2/2022,14.09,14.2,13.19,13.32,"47,204,312"
2/1/2022,14.23,14.37,13.56,14.2,"69,012,946"
1/31/2022,12.77,13.74,12.76,13.71,"51,039,253"
1/28/2022,12.3,12.88,11.89,12.71,"54,887,541"
1/27/2022,13.01,13.06,12.2,12.28,"52,622,863"
1/26/2022,13.6,13.82,12.68,12.75,"69,949,711"
1/25/2022,13.12,13.6,12.83,13.06,"47,456,624"
1/24/2022,12.79,13.41,11.75,13.4,"110,640,165"
1/21/2022,14.25,14.48,13.5,13.53,"73,031,305"
1/20/2022,14.89,15.55,14.57,14.62,"44,690,391"
1/19/2022,14.9,15.25,14.54,14.56,"48,049,078"
1/18/2022,15.45,15.75,14.92,14.97,"49,275,074"
1/14/2022,15.94,16.25,15.62,16.01,"35,624,910"
1/13/2022,16.8,16.82,15.94,16.01,"35,492,186"
1/12/2022,17.16,17.46,16.4,16.72,"39,784,185"
1/11/2022,16.4,17.25,16.32,16.89,"47,442,586"
1/10/2022,16.19,16.57,15.35,16.5,"77,649,430"
1/7/2022,16.7,17.33,16.48,16.56,"37,989,265"
1/6/2022,16.87,17.18,16.06,16.74,"49,737,071"
1/5/2022,18.03,18.57,16.87,16.96,"58,445,907"
1/4/2022,18.61,18.84,17.79,18.17,"39,643,168"
1/3/2022,18.36,18.57,17.86,18.53,"34,386,628"
12/31/2021,18.61,18.92,18.21,18.21,"23,555,998"
12/30/2021,18.1,19,18.07,18.69,"29,285,189"
12/29/2021,18.53,18.6,17.91,18.17,"28,217,548"
12/28/2021,18.89,19.07,18.44,18.57,"20,518,849"
12/27/2021,18.78,19.25,18.78,18.94,"21,782,025"
12/23/2021,18.85,19.14,18.72,18.93,"24,758,314"
12/22/2021,18.65,19.45,18.65,18.88,"33,894,183"
12/21/2021,18.16,18.98,18.1,18.9,"33,878,598"
12/20/2021,18.59,18.67,17.84,17.96,"42,265,899"
12/17/2021,18.03,19.1,17.81,19.06,"44,495,175"
12/16/2021,18.96,19.12,18.15,18.34,"33,949,973"
12/15/2021,18.37,18.94,18,18.86,"39,361,880"
12/14/2021,18,18.86,17.91,18.64,"38,864,751"
12/13/2021,18.8,19.08,18.17,18.4,"38,376,018"
12/10/2021,19.28,19.58,18.7,18.94,"27,594,490"
12/9/2021,19.95,20.15,19.04,19.21,"30,354,670"
12/8/2021,19.51,19.83,19.03,19.82,"28,425,939"
12/7/2021,19.26,19.86,19.07,19.46,"35,128,988"
12/6/2021,18.54,18.97,18.08,18.8,"56,459,758"
12/3/2021,19.5,19.53,18.4,18.98,"56,039,602"
12/2/2021,19.3,19.91,19.06,19.69,"45,802,940"
12/1/2021,20.53,20.89,19.29,19.38,"48,488,718"
11/30/2021,20.95,21.25,20.11,20.65,"38,196,416"
11/29/2021,21.19,21.4,20.56,21.07,"29,113,989"
11/26/2021,20.41,21.09,20.35,21.03,"20,691,212"
11/24/2021,20.35,21.2,20.06,21.11,"35,233,903"
11/23/2021,20.59,21.05,20.05,20.59,"44,587,969"
11/22/2021,21.53,21.57,20.18,20.65,"59,899,106"
11/19/2021,21.6,21.96,21.3,21.41,"30,013,125"
11/18/2021,22.5,22.55,21.34,21.5,"51,039,943"
11/17/2021,23.05,23.22,22.4,22.49,"27,994,121"
11/16/2021,23.29,23.29,22.61,23.13,"31,574,786"
11/15/2021,23,23.52,22.95,23.41,"33,225,734"
11/12/2021,23.02,23.23,22.38,22.83,"53,516,196"
11/11/2021,23.04,23.13,22.67,22.99,"43,381,487"
11/10/2021,23.6,23.64,22.12,22.52,"94,860,149"
11/9/2021,25.9,25.98,23.95,24.25,"117,540,155"
11/8/2021,26.25,27.11,26.12,26.75,"41,359,562"
11/5/2021,26.45,26.63,25.72,26,"26,004,970"
11/4/2021,26.26,26.57,25.87,26.47,"25,029,657"
11/3/2021,25.89,26.24,25.17,26.12,"25,244,192"
11/2/2021,26.56,26.72,25.56,25.92,"30,794,632"
11/1/2021,26.11,26.65,25.88,26.56,"26,684,709"
10/29/2021,25.5,26.12,25.45,25.88,"21,910,308"
10/28/2021,25.3,25.8,25.12,25.64,"21,203,027"
10/27/2021,25.64,25.9,25.02,25.06,"24,157,199"
10/26/2021,25.99,26.75,25.25,25.52,"56,767,030"
10/25/2021,24.5,25.54,24.48,25.41,"33,962,065"
10/22/2021,24.49,24.85,24.25,24.43,"20,166,825"
10/21/2021,24.13,24.93,24.08,24.78,"23,976,568"
10/20/2021,24.79,24.96,24.17,24.22,"24,248,046"
10/19/2021,24.5,25.2,24.36,24.69,"29,393,871"
10/18/2021,24,24.39,23.92,24.26,"25,609,889"
10/15/2021,24.5,24.52,23.83,24,"24,366,136"
10/14/2021,24.43,24.71,24.21,24.35,"26,106,710"
10/13/2021,23.83,24.31,23.79,24.13,"28,494,029"
10/12/2021,23.55,23.81,23.29,23.69,"26,280,035"
10/11/2021,23.26,23.98,23.26,23.53,"23,971,679"
10/8/2021,23.86,24.1,23.11,23.5,"39,713,420"
10/7/2021,23.71,24.13,23.54,23.73,"38,873,699"
10/6/2021,24.91,25.01,23.35,23.58,"125,175,676"
10/5/2021,23.21,23.88,23.07,23.21,"56,574,824"
10/4/2021,24.01,24.05,23.02,23.17,"46,789,720"
10/1/2021,24.21,24.36,23.72,24.33,"32,777,971"
9/30/2021,24.69,25.05,23.88,24.04,"59,505,593"
9/29/2021,25.61,25.7,24.42,24.52,"46,164,524"
9/28/2021,27.02,27.13,25.21,25.34,"64,206,202"
9/27/2021,28.23,28.38,27.23,27.47,"44,102,849"
9/24/2021,28.27,28.76,27.9,28.56,"40,309,743"
9/23/2021,27.71,29.19,27.67,28.77,"60,028,602"
9/22/2021,26.61,27.77,26.58,27.43,"44,308,146"
9/21/2021,26.89,27.15,26.08,26.62,"50,933,596"
9/20/2021,27.57,28.1,26.06,26.55,"89,413,466"
9/17/2021,28.66,29.29,28.07,28.71,"182,214,590"
9/16/2021,27.2,28.79,27.02,28.63,"109,991,984"
9/15/2021,26.3,27.15,26.03,27.08,"49,555,491"
9/14/2021,25.97,26.7,25.9,26.26,"34,568,976"
9/13/2021,26.15,26.24,25.03,25.83,"42,372,268"
9/10/2021,26.18,26.73,26.17,26.28,"37,307,791"
9/9/2021,25.39,26.24,25.29,26.13,"34,190,814"
9/8/2021,26.6,26.61,24.96,25.58,"54,394,364"
9/7/2021,26.79,26.88,26.27,26.7,"35,835,094"
9/3/2021,26.49,26.75,26.22,26.64,"26,652,612"
9/2/2021,26.21,26.87,26.09,26.51,"38,507,376"
9/1/2021,26.46,26.51,26.03,26.2,"34,417,234"
8/31/2021,25.79,26.36,25.66,26.34,"93,168,646"
8/30/2021,25.74,26.6,25.62,25.76,"44,139,329"
8/27/2021,25.05,26.09,24.91,25.71,"52,268,503"
8/26/2021,24.4,25.41,24.36,24.87,"46,179,423"
8/25/2021,25.12,25.19,24.07,24.35,"54,678,454"
8/24/2021,25,25.35,24.76,25.1,"37,227,370"
8/23/2021,24.02,24.93,23.9,24.82,"35,705,261"
8/20/2021,24.22,24.48,23.66,24.01,"52,062,313"
8/19/2021,25.01,25.64,24.14,24.16,"67,605,646"
8/18/2021,24.07,25.94,23.68,25.28,"92,065,605"
8/17/2021,23.9,24.59,23.74,23.97,"35,348,320"
8/16/2021,24.9,24.9,23.77,24.5,"46,189,789"
8/13/2021,25,25.1,24.31,24.9,"52,395,086"
8/12/2021,24.45,25.76,23.59,24.89,"189,542,237"
8/11/2021,23.07,23.19,22.09,22.35,"34,678,970"
8/10/2021,23.01,23.52,22.78,22.92,"25,947,920"
8/9/2021,21.85,23.28,21.8,22.93,"35,611,060"
8/6/2021,22.64,22.69,21.79,21.82,"24,200,671"
8/5/2021,22.22,22.77,22.02,22.52,"18,575,248"
8/4/2021,22.2,22.54,22.07,22.3,"15,537,433"
8/3/2021,22.03,22.27,21.71,22.24,"17,040,068"
8/2/2021,21.91,22.37,21.48,22.1,"21,372,877"
7/30/2021,21.85,22.41,21.71,21.71,"15,889,153"
7/29/2021,22.78,22.85,22.14,22.18,"19,219,083"
7/28/2021,21.75,22.62,21.69,22.56,"25,073,557"
7/27/2021,21.96,22.11,21.09,21.68,"23,078,733"
7/26/2021,21.8,22.3,21.48,22.13,"16,267,893"
7/23/2021,22.01,22.08,21.51,21.81,"17,653,323"
7/22/2021,22.55,22.67,21.88,22.07,"17,468,879"
7/21/2021,22.27,22.68,22.12,22.52,"20,437,265"
7/20/2021,21.63,22.35,21.22,22.18,"22,954,034"
7/19/2021,20.97,21.69,20.55,21.54,"30,314,387"
7/16/2021,21.6,21.71,21.24,21.37,"19,503,109"
7/15/2021,21.72,22.06,21.01,21.47,"31,870,960"
7/14/2021,22.49,22.62,21.51,21.56,"33,796,192"
7/13/2021,22.98,22.99,22.42,22.45,"24,748,843"
7/12/2021,23.26,23.5,22.88,22.95,"23,457,170"
7/9/2021,22.96,23.39,22.76,23.29,"22,492,370"
7/8/2021,22.43,23.21,22.25,23.08,"34,612,558"
7/7/2021,24.23,24.26,22.72,22.89,"66,937,305"
7/6/2021,24.6,25.2,24.47,24.68,"28,764,530"
7/2/2021,25,25.34,24.33,24.44,"29,529,097"
7/1/2021,26.1,26.13,24.59,24.72,"55,571,523"
6/30/2021,26.48,26.92,26.21,26.36,"28,957,136"
6/29/2021,27.38,27.44,26.44,26.63,"38,478,919"
6/28/2021,26.98,27.5,26.86,27.38,"42,184,606"
6/25/2021,26.58,27.01,26.25,26.78,"140,832,704"
6/24/2021,26.49,26.71,26.17,26.53,"48,419,360"
6/23/2021,25.46,26.35,25.34,26.27,"53,362,161"
6/22/2021,25.39,25.52,24.96,25.4,"46,171,052"
6/21/2021,25.1,25.55,24.51,25.42,"54,805,001"
6/18/2021,25.59,25.94,25.02,25.37,"65,852,610"
6/17/2021,24.68,25.46,24.55,25.45,"64,408,370"
6/16/2021,24.09,24.94,23.86,24.8,"58,452,612"
6/15/2021,25.03,25.55,24.39,24.41,"46,693,199"
6/14/2021,24.73,25.15,24.47,25,"51,801,476"
6/11/2021,24.12,24.71,24.03,24.67,"33,113,056"
6/10/2021,24,24.39,23.44,24.14,"35,482,902"
6/9/2021,24.45,24.74,24.17,24.17,"36,006,240"
6/8/2021,24.85,25.23,23.93,24.38,"53,488,561"
6/7/2021,24,24.76,23.79,24.46,"49,641,037"
6/4/2021,23.71,24.49,23.5,24.03,"42,537,599"
6/3/2021,24.14,24.26,23.34,23.63,"48,164,194"
6/2/2021,23.02,24.84,22.82,24.45,"86,473,158"
6/1/2021,23.19,23.35,22.36,23.06,"52,695,506"
5/28/2021,23,24.75,22.76,22.95,"111,845,970"
5/27/2021,22.01,22.7,21.65,22.7,"76,230,463"
5/26/2021,21.58,22.24,21.49,22.12,"42,958,297"
5/25/2021,21.42,22.11,21.28,21.48,"49,890,803"
5/24/2021,21.06,21.52,20.68,21.22,"46,596,776"
5/21/2021,20.84,21.16,20.47,20.75,"35,372,922"
5/20/2021,20.75,20.81,20.28,20.61,"46,302,386"
5/19/2021,20.1,21.04,19.94,20.67,"45,314,036"
5/18/2021,20.52,21.62,20.26,21.24,"59,672,370"
5/17/2021,19.73,20.49,19.63,20.46,"50,039,596"
5/14/2021,18.82,20.2,18.53,20.08,"79,409,513"
5/13/2021,19.14,19.47,17.82,18.37,"87,811,609"
5/12/2021,20,20,18.51,18.89,"128,281,543"
5/11/2021,17.2,20.3,17.06,20.21,"203,230,517"
5/10/2021,19.28,19.3,18.18,18.47,"104,670,546"
5/7/2021,20.3,20.75,19.58,19.75,"63,725,501"
5/6/2021,21.02,21.02,19.41,20.09,"92,201,104"
5/5/2021,21.81,21.94,20.97,21.15,"39,134,673"
5/4/2021,21.94,22.2,20.87,21.64,"63,429,554"
5/3/2021,23.01,23.08,22.21,22.3,"33,934,417"
4/30/2021,23.18,23.55,22.84,23.04,"24,717,299"
4/29/2021,23.87,24.14,22.81,23.37,"36,770,148"
4/28/2021,23.67,24.17,23.42,23.85,"22,068,111"
4/27/2021,24.17,24.26,23.57,23.88,"27,678,340"
4/26/2021,23.69,24.26,23.46,24.11,"33,667,583"
4/23/2021,22.89,23.55,22.74,23.41,"32,169,533"
4/22/2021,22.94,23.51,22.51,22.86,"51,346,366"
4/21/2021,21.65,22.64,21.43,22.63,"42,641,404"
4/20/2021,21.96,22.55,21.24,21.78,"47,123,090"
4/19/2021,22.15,22.33,21.53,21.94,"45,753,872"
4/16/2021,22.86,23.26,22.3,22.47,"46,627,689"
4/15/2021,24.01,24.06,22.69,23.15,"58,849,349"
4/14/2021,25.35,26.2,23.65,23.7,"108,793,791"
4/13/2021,23.19,25.66,23.12,25.42,"83,913,494"
4/12/2021,24.52,24.55,22.73,23.34,"68,620,842"
4/9/2021,23.46,24.35,23.37,24.04,"54,082,682"
4/8/2021,23.2,23.6,22.74,23.41,"35,905,537"
4/7/2021,23,23.55,22.81,22.9,"32,766,194"
4/6/2021,23.55,23.61,22.83,23.27,"41,933,453"
4/5/2021,23.78,24.45,23.34,23.44,"65,374,263"
4/1/2021,23.95,23.95,22.73,23.07,"51,788,762"
3/31/2021,22.5,23.85,22.38,23.29,"61,458,497"
3/30/2021,21.36,22.09,20.86,22.04,"52,039,738"
3/29/2021,22.48,22.5,21.39,21.73,"57,647,369"
3/26/2021,22.63,23.05,21.76,22.58,"57,916,429"
3/25/2021,21.2,22.8,21.05,22.58,"74,592,579"
3/24/2021,23.3,23.49,21.75,21.88,"69,271,892"
3/23/2021,24,24.11,23.1,23.26,"50,169,702"
3/22/2021,24.89,24.92,23.86,24.22,"46,214,140"
3/19/2021,24.01,24.57,23.39,24.32,"57,915,872"
3/18/2021,24.73,25.18,23.78,23.98,"57,523,321"
3/17/2021,24.52,25.73,24.3,25.21,"77,081,743"
3/16/2021,26.75,27.1,25.23,25.61,"73,615,140"
3/15/2021,27.35,27.47,26.31,26.79,"56,548,963"
3/12/2021,25.74,26.92,25.18,26.92,"58,721,863"
3/11/2021,25.95,26.84,25.58,26.73,"84,788,705"
3/10/2021,25.03,26.24,24.27,24.75,"103,212,792"
3/9/2021,23.38,24.74,23.1,24.26,"99,586,460"
3/8/2021,23.77,24.58,22.4,22.52,"94,432,814"
3/5/2021,24.36,24.68,20.18,23.95,"173,468,558"
3/4/2021,24.85,25.56,23.05,24.73,"161,611,160"
3/3/2021,24.99,25.17,23.43,23.59,"79,046,238"
3/2/2021,25,25.59,24.26,24.48,"73,996,950"
3/1/2021,25.19,25.9,24.62,24.81,"85,059,882"
2/26/2021,24.2,24.5,22.7,23.9,"119,588,572"
2/25/2021,25.82,26.44,23.15,23.96,"161,776,411"
2/24/2021,26.71,27.23,25.75,26.39,"90,095,691"
2/23/2021,25.96,27.46,23.9,26.75,"145,289,437"
2/22/2021,29.96,30.19,27.54,28,"183,049,487"
2/19/2021,27.02,29.96,26.9,29,"320,063,732"
2/18/2021,24.99,26.31,24.5,25.17,"313,175,121"
2/17/2021,27.99,29.73,27,27.08,"151,007,022"
2/16/2021,30.02,30.44,27.3,27.84,"180,294,325"
2/12/2021,33.36,33.65,31.34,31.91,"60,925,593"
2/11/2021,35.79,35.98,32.61,33.11,"52,094,876"
2/10/2021,38.15,38.24,35,35.7,"45,177,247"
2/9/2021,36.9,38.26,36.13,38.17,"44,243,214"
2/8/2021,37.22,39.22,35.89,36.05,"72,610,624"
2/5/2021,32.61,35.2,31.75,34.05,"62,375,282"
2/4/2021,32.58,33.18,31.05,32.05,"31,657,211"
2/3/2021,32.39,32.95,31.38,31.76,"35,311,995"
2/2/2021,34.1,34.2,30.5,31.02,"69,647,948"
2/1/2021,35.33,35.62,32.58,33.96,"43,460,896"
1/29/2021,36.61,38.01,34.66,35.18,"42,030,917"
1/28/2021,39.54,42,33.1,35.66,"85,250,675"
1/27/2021,32.97,45,32.25,39,"170,758,759"
1/26/2021,35.14,36.87,34.32,35.37,"65,869,976"
1/25/2021,34.46,39.58,29.56,36.23,"191,345,300"
1/22/2021,25.85,32.65,25.82,32.58,"156,844,666"
1/21/2021,26.42,26.68,25.3,25.98,"29,891,354"
1/20/2021,27.29,27.3,25.7,26.34,"37,459,017"
1/19/2021,26.81,27.54,26,26.62,"48,675,845"
1/15/2021,26.26,28,25.46,25.64,"92,285,513"
1/14/2021,25.45,25.62,24.37,24.92,"32,908,003"
1/13/2021,25.71,27.43,25.13,25.5,"51,216,556"
1/12/2021,26.34,26.42,25.51,26.18,"26,994,964"
1/11/2021,24.61,26.6,24.31,25.93,"32,608,983"
1/8/2021,25.7,26.44,24.7,25.2,"41,313,824"
1/7/2021,24.02,25.19,23.67,25,"32,240,048"
1/6/2021,24.12,24.46,23.25,23.54,"32,732,892"
1/5/2021,23.18,24.67,22.89,24.6,"29,050,437"
1/4/2021,23.91,24.5,22.5,23.37,"44,970,355"
12/31/2020,24.63,24.72,23.52,23.55,"39,922,546"
12/30/2020,24.97,25.91,24.63,25.1,"34,586,667"
12/29/2020,25.75,26.18,24.34,24.66,"47,302,415"
12/28/2020,28.39,28.59,25.4,25.63,"55,878,713"
