,RKLB (NASD),,,,
Date,Open,High,Low,Close,Volume
12/23/2025,73.81,79.18,73.29,77.18,"35,673,312"
12/22/2025,72.94,78.45,72.75,77.55,"48,279,566"
12/19/2025,61.12,70.56,60.75,70.52,"52,764,831"
12/18/2025,56.2,60.25,56.03,59.92,"27,939,357"
12/17/2025,56.1,56.91,53.09,53.96,"23,761,067"
12/16/2025,54.19,56.73,52.68,55.49,"22,447,398"
12/15/2025,63.05,64.56,55.08,55.41,"32,932,215"
12/12/2025,62.5,65.18,59.8,61.49,"33,545,330"
12/11/2025,57.51,64.15,56.85,63.53,"31,378,814"
12/10/2025,53.44,58.83,52.25,57.52,"38,839,854"
12/9/2025,51.23,53.75,50.34,53.43,"17,526,159"
12/8/2025,50.08,52.37,49.22,51.56,"21,748,454"
12/5/2025,48.88,49.7,47.7,49.06,"14,633,125"
12/4/2025,45.65,49.68,44.82,49.37,"28,366,585"
12/3/2025,41.9,44.74,41.5,44.72,"14,385,205"
12/2/2025,40.56,42.99,40.42,41.9,"13,390,810"
12/1/2025,41.15,41.3,39.98,40.37,"13,260,625"
11/28/2025,42.51,42.7,41.8,42.14,"5,636,841"
11/26/2025,43.24,43.59,41.38,41.93,"10,906,064"
11/25/2025,42.03,42.81,40.38,42.6,"10,568,827"
11/24/2025,40.76,42.53,39.3,42.45,"20,280,997"
11/21/2025,39.83,41.05,37.57,40.3,"18,869,983"
11/20/2025,46.08,46.26,39.32,39.48,"25,029,291"
11/19/2025,42.5,44.53,42.43,43.62,"15,303,963"
11/18/2025,42.22,43.61,41.23,42.78,"16,982,022"
11/17/2025,45.15,45.68,42.23,43.31,"17,583,509"
11/14/2025,43.71,47.22,43.3,45.54,"21,107,143"
11/13/2025,48.76,49.38,44.37,45.25,"26,517,134"
11/12/2025,51.93,55.33,49.66,49.97,"21,987,076"
11/11/2025,56,56.96,51.21,51.24,"33,240,062"
11/10/2025,53.74,54.5,50.76,51.9,"22,929,766"
11/7/2025,47.66,52.1,46.31,51.64,"25,058,754"
11/6/2025,56.21,56.21,49.41,49.61,"21,053,053"
11/5/2025,56.66,57.28,54.87,56.42,"13,254,318"
11/4/2025,57.8,59.49,56.51,56.57,"13,725,537"
11/3/2025,63.03,63.1,59.13,61.34,"11,463,477"
10/31/2025,61.77,63.45,60.4,62.98,"13,830,091"
10/30/2025,65,65.18,60.89,60.92,"12,478,959"
10/29/2025,64.15,67.39,63.48,66.16,"17,907,153"
10/28/2025,65.68,66.54,63.61,63.75,"11,772,870"
10/27/2025,66.19,66.35,64.15,65.62,"19,183,285"
10/24/2025,64.81,66.18,63.65,64.56,"12,041,181"
10/23/2025,61.56,64.7,60.75,63.57,"13,226,358"
10/22/2025,62.97,64.02,58.41,60.57,"22,149,432"
10/21/2025,68.04,68.04,64.86,65.4,"17,508,152"
10/20/2025,69.14,72.18,66.68,67.35,"25,835,156"
10/17/2025,65.89,68.5,63.7,66.27,"16,892,933"
10/16/2025,70.07,72.25,66.42,67,"23,835,179"
10/15/2025,70.02,73.97,67.08,69.27,"26,290,819"
10/14/2025,65.34,69.67,62.19,68.03,"27,623,545"
10/13/2025,67.88,70.44,64.62,65.42,"26,180,258"
10/10/2025,70.8,73.5,64.14,64.26,"40,876,811"
10/9/2025,64.9,68.54,64.42,66.42,"25,844,499"
10/8/2025,64.15,68.53,63.65,65.31,"36,149,875"
10/7/2025,59.01,62.56,57.02,61.51,"36,545,635"
10/6/2025,56.87,59.26,55.8,58.5,"31,020,499"
10/3/2025,52.05,56.94,51.26,56.16,"37,741,857"
10/2/2025,48.64,52.65,48.51,52.47,"35,212,859"
10/1/2025,47.38,49.42,47.12,47.97,"25,640,218"
9/30/2025,47.21,47.99,46.51,47.91,"14,856,093"
9/29/2025,47.4,48.1,46.37,47.01,"16,145,380"
9/26/2025,47.3,47.69,45.83,46.26,"14,907,054"
9/25/2025,48,48.62,45.21,46.63,"22,418,540"
9/24/2025,51.8,52.48,48.43,48.69,"30,681,604"
9/23/2025,49.03,54.16,47.91,52.91,"38,063,987"
9/22/2025,47.13,50.26,46.8,49.81,"22,995,857"
9/19/2025,47.68,48.93,47.13,47.79,"26,870,013"
9/18/2025,48.92,49.19,47,47.18,"19,434,130"
9/17/2025,47.57,48.54,46.45,48.08,"20,731,040"
9/16/2025,52,52.08,47.01,47.25,"42,608,071"
9/15/2025,53.58,55.17,52.72,54.04,"23,957,068"
9/12/2025,48.98,54.03,48.61,53.34,"27,889,793"
9/11/2025,46.32,49.67,46.06,48.43,"22,816,313"
9/10/2025,47.53,48.11,45.6,46.17,"11,638,482"
9/9/2025,47.01,47.53,45.51,47.03,"13,243,732"
9/8/2025,45.5,48.2,45.49,47.73,"18,846,406"
9/5/2025,43.57,45.99,42.39,45.84,"17,361,988"
9/4/2025,44.16,44.58,42.7,42.99,"17,273,102"
9/3/2025,50.27,50.9,43.51,43.53,"33,322,331"
9/2/2025,46.75,49.54,45.68,49.31,"20,305,189"
8/29/2025,47.85,48.8,46.02,48.6,"15,897,764"
8/28/2025,46.88,47.98,45.34,47.91,"16,940,195"
8/27/2025,48.68,48.74,45.82,46.25,"16,784,736"
8/26/2025,47.73,50.92,47,48.13,"47,698,035"
8/25/2025,45.16,49.59,44.05,47.22,"30,133,227"
8/22/2025,40.97,44.68,40.42,44.38,"18,818,248"
8/21/2025,40.78,41.87,40.22,41.53,"14,951,474"
8/20/2025,40.21,40.86,38.26,40.69,"20,325,039"
8/19/2025,45.1,45.16,40.9,40.92,"24,104,830"
8/18/2025,44.3,47.08,44.03,44.97,"21,268,927"
8/15/2025,42.98,44.88,41.75,44.27,"14,183,124"
8/14/2025,42.76,45.69,42.01,42.81,"18,472,926"
8/13/2025,44,44.7,42.44,43,"14,523,637"
8/12/2025,45.37,47.27,43.42,43.43,"20,922,204"
8/11/2025,44.65,46.1,41.51,45.02,"24,893,549"
8/8/2025,47.54,49.92,43.5,44.69,"39,170,199"
8/7/2025,44.19,44.58,43.1,44.21,"21,522,059"
8/6/2025,44.71,45.1,43.67,44.1,"8,051,641"
8/5/2025,45.12,45.38,43.13,44.75,"10,920,434"
8/4/2025,45.1,45.8,44.07,44.54,"11,625,061"
8/1/2025,43.2,46.17,42.32,44.81,"16,566,292"
7/31/2025,46.37,47.72,45.43,45.92,"13,041,472"
7/30/2025,43.86,46.56,43.36,46.44,"16,853,439"
7/29/2025,45.41,45.51,42.83,43.79,"14,706,515"
7/28/2025,47.96,48.17,44.41,45.11,"20,928,726"
7/25/2025,47.9,48.23,46.45,47.43,"14,517,933"
7/24/2025,49.3,49.62,47.31,48.13,"12,600,554"
7/23/2025,47.62,49.28,46.93,49.15,"18,179,914"
7/22/2025,45.99,47.87,44.46,46.88,"24,381,737"
7/21/2025,50.05,51.58,46.85,47.19,"29,305,900"
7/18/2025,50.65,51.85,47.91,51.39,"32,919,640"
7/17/2025,48.7,53.44,48.6,51.33,"46,760,173"
7/16/2025,45.55,48.07,44.86,47.69,"26,770,886"
7/15/2025,43.29,45.48,42.82,44.6,"29,999,724"
7/14/2025,39.3,43.47,38.77,43.21,"29,196,169"
7/11/2025,38.97,40.3,38.6,39.03,"16,371,475"
7/10/2025,39.17,39.68,38.13,39.1,"13,663,829"
7/9/2025,38.53,39.43,37.77,39.14,"16,267,272"
7/8/2025,38.49,39.94,37.98,38.74,"27,769,372"
7/7/2025,36.98,39.06,35.28,38.88,"35,564,138"
7/3/2025,35.79,36.21,35.25,35.66,"7,975,973"
7/2/2025,34.39,35.79,33.73,35.68,"14,865,574"
7/1/2025,37.02,38.26,33.88,34.33,"26,656,511"
6/30/2025,36.54,37.95,35.42,35.77,"18,438,352"
6/27/2025,36.65,37.66,34.83,35.38,"75,749,287"
6/26/2025,32.41,37.27,32.41,36.14,"41,601,812"
6/25/2025,34,34.5,31.78,32.35,"22,969,836"
6/24/2025,33.08,34.23,32.43,33.46,"28,392,644"
6/23/2025,28.93,32.93,28.44,32.78,"44,056,812"
6/20/2025,28.35,30.11,27.84,30.04,"37,065,965"
6/18/2025,26.4,28.07,26.23,27.85,"18,457,723"
6/17/2025,26.1,27.22,25.71,26.42,"14,498,908"
6/16/2025,25.87,26.58,25.6,26.55,"13,601,318"
6/13/2025,25.65,26.51,25.24,25.41,"15,593,935"
6/12/2025,27.04,27.41,26.28,26.4,"12,967,501"
6/11/2025,27.72,28.04,26.89,27.36,"21,283,359"
6/10/2025,29.57,29.79,27,27.17,"30,798,147"
6/9/2025,30,32.7,28.35,29.64,"60,217,083"
6/6/2025,28.16,29.09,26.35,28.92,"34,136,532"
6/5/2025,26.88,26.96,25.52,26.45,"28,419,065"
6/4/2025,26.75,27.46,26.16,26.91,"11,683,044"
6/3/2025,27.39,28,26.47,26.72,"12,186,460"
6/2/2025,26.5,27,25.81,26.6,"10,757,146"
5/30/2025,27.02,27.22,26.03,26.79,"12,706,288"
5/29/2025,29.69,30.03,27.26,27.35,"16,382,724"
5/28/2025,29.91,30.78,28.52,28.93,"30,832,457"
5/27/2025,26.6,28.76,26.58,28.76,"21,781,500"
5/23/2025,25.34,25.52,24.67,25.42,"14,249,928"
5/22/2025,24.75,26.57,23.92,25.82,"18,681,195"
5/21/2025,25.66,26.66,25.04,25.17,"17,081,847"
5/20/2025,25.94,26.4,25.34,26,"18,173,574"
5/19/2025,24.3,25.82,24.29,25.8,"17,316,297"
5/16/2025,25.3,25.75,24.93,25.57,"24,452,924"
5/15/2025,23.59,25.23,22.77,25.22,"27,530,551"
5/14/2025,21.99,24.52,21.86,24.13,"36,800,892"
5/13/2025,21.68,22.37,21.44,21.83,"14,950,661"
5/12/2025,21.76,21.8,20.89,21.26,"15,229,690"
5/9/2025,22.9,22.9,20.23,20.51,"30,349,715"
5/8/2025,23.03,23.2,22.25,23.1,"15,754,037"
5/7/2025,22.4,22.48,21.85,22.29,"7,784,717"
5/6/2025,21.92,22.44,21.5,22.37,"7,751,350"
5/5/2025,22.56,22.93,22.26,22.48,"8,016,305"
5/2/2025,22.38,23.42,22.34,22.99,"12,728,867"
5/1/2025,22.37,22.38,21.7,22.12,"8,397,374"
4/30/2025,21.2,22.1,20.73,21.79,"10,400,129"
4/29/2025,22.83,23,22.3,22.4,"6,646,525"
4/28/2025,23.2,23.77,21.72,22.67,"13,139,011"
4/25/2025,21.99,22.56,21.75,22.38,"13,775,635"
4/24/2025,20.31,22.07,20.02,21.88,"15,536,370"
4/23/2025,20.45,21.4,20.09,20.29,"17,819,299"
4/22/2025,18.88,19.42,18.55,19.04,"9,383,879"
4/21/2025,19.47,19.72,18.21,18.65,"9,055,626"
4/17/2025,20.09,20.43,19.42,19.74,"9,225,420"
4/16/2025,20.3,20.64,19.51,19.98,"14,733,021"
4/15/2025,19.95,22.1,19.77,21.07,"30,434,199"
4/14/2025,20.31,20.46,18.66,19.13,"13,196,837"
4/11/2025,19.56,19.97,18.87,19.63,"15,484,352"
4/10/2025,19.81,20.74,18.93,19.63,"16,731,421"
4/9/2025,17.5,21.39,17.2,20.59,"31,470,410"
4/8/2025,18.54,19.39,16.73,17.18,"19,958,387"
4/7/2025,14.72,18.24,14.71,17.52,"23,935,487"
4/4/2025,17.13,17.38,15,16.37,"22,799,681"
4/3/2025,17.77,18.31,17.42,17.89,"16,592,890"
4/2/2025,17.59,19.75,17.5,19.34,"15,260,401"
4/1/2025,17.69,18.8,17.11,18.15,"14,075,277"
3/31/2025,17.89,18.4,17.35,17.88,"15,132,500"
3/28/2025,19.56,19.79,18.43,18.62,"25,511,877"
3/27/2025,19.05,19.29,18.31,18.42,"11,754,337"
3/26/2025,20.04,20.35,19.39,19.44,"12,811,602"
3/25/2025,20.3,20.39,19.61,20.27,"12,026,534"
3/24/2025,19.45,20.45,19.41,20.21,"13,807,146"
3/21/2025,18.11,18.98,17.98,18.94,"16,743,564"
3/20/2025,18.4,18.87,18.16,18.53,"8,508,991"
3/19/2025,18.3,19.07,17.78,18.78,"12,096,266"
3/18/2025,18.6,18.6,17.96,17.98,"9,768,330"
3/17/2025,19.09,19.95,18.85,19.1,"15,581,579"
3/14/2025,18.1,18.97,17.8,18.81,"12,008,907"
3/13/2025,18.35,18.52,17.29,17.57,"10,493,851"
3/12/2025,18.92,19.38,17.58,18.43,"19,095,608"
3/11/2025,16.31,18.14,16.05,17.83,"15,509,238"
3/10/2025,18.2,18.23,16.47,17.12,"21,121,958"
3/7/2025,18.29,19.1,17.67,18.8,"16,108,782"
3/6/2025,19.58,20.27,18.37,18.66,"18,086,788"
3/5/2025,19.12,20.84,18.77,20.4,"18,412,430"
3/4/2025,17.97,19.95,17.51,19,"25,807,896"
3/3/2025,21.24,21.45,18.4,18.66,"26,785,154"
2/28/2025,16.36,20.49,16.17,20.49,"37,550,739"
2/27/2025,21.98,22.16,19.76,19.83,"23,948,955"
2/26/2025,21.02,21.46,20.5,21.25,"16,409,886"
2/25/2025,21.7,22.16,19.78,20.28,"29,088,977"
2/24/2025,23.74,23.9,21.72,22.49,"19,606,062"
2/21/2025,25.9,25.93,23.36,23.55,"16,255,114"
2/20/2025,25.98,26.15,23.87,25.26,"22,884,773"
2/19/2025,28,28.3,25.73,25.93,"18,899,047"
2/18/2025,28.27,29.79,27.39,27.74,"20,977,182"
2/14/2025,28.24,28.65,27.04,28.02,"15,313,031"
2/13/2025,28.08,28.38,27.01,28.3,"18,636,357"
2/12/2025,28.01,28.58,27.4,27.62,"15,500,028"
2/11/2025,29.86,30.32,28.08,28.22,"20,244,702"
2/10/2025,27.75,31.08,27.36,30.6,"27,264,836"
2/7/2025,27.98,29.69,27.22,27.41,"19,260,137"
2/6/2025,28.58,28.92,27.25,27.68,"15,384,031"
2/5/2025,28.96,29.14,27.85,28.6,"15,149,086"
2/4/2025,29.02,30.16,28.41,28.68,"17,138,224"
2/3/2025,27.19,29.18,26.45,28.38,"18,884,717"
1/31/2025,28.75,30.53,28.26,29.05,"20,697,040"
1/30/2025,29.19,30.81,27.77,28.53,"19,556,513"
1/29/2025,29.24,30.45,28.26,28.87,"12,874,510"
1/28/2025,29.7,30.49,27.85,28.98,"16,086,858"
1/27/2025,28.94,30.23,28.48,29.43,"17,477,224"
1/24/2025,32.03,33.34,30.2,30.36,"23,878,644"
1/23/2025,29,31.75,28.51,31.57,"23,888,105"
1/22/2025,29.65,30.18,28.44,29.62,"27,902,183"
1/21/2025,26,31.64,25.52,31.27,"62,027,703"
1/17/2025,25.13,25.65,23.94,24,"14,068,297"
1/16/2025,25.03,25.78,24.2,24.64,"10,860,202"
1/15/2025,25.04,26.5,24.78,24.87,"15,252,228"
1/14/2025,24.45,24.86,23.42,24.16,"13,862,770"
1/13/2025,25.55,25.67,23.61,23.91,"18,040,154"
1/10/2025,26.85,27.99,26.01,26.91,"15,339,962"
1/8/2025,27.3,28.32,25.89,27.36,"18,750,161"
1/7/2025,29.13,29.96,27.42,27.95,"19,138,758"
1/6/2025,28.99,30.26,28.58,28.8,"22,305,366"
1/3/2025,25.03,28.77,25.03,28.74,"22,114,682"
1/2/2025,25.43,25.66,23.7,24.96,"13,792,668"
12/31/2024,26.54,26.88,25.18,25.47,"13,084,832"
12/30/2024,26.22,26.81,24.9,26.32,"13,775,610"
12/27/2024,28.21,28.71,26.74,27.22,"15,559,153"
12/26/2024,26.6,28.8,26.11,28.44,"20,056,033"
12/24/2024,25.57,26.6,25.09,26.6,"8,689,609"
12/23/2024,24.97,26.32,24.34,25.59,"14,463,670"
12/20/2024,22.14,25.29,22.01,24.87,"25,072,884"
12/19/2024,23.66,24.7,22.7,23.22,"15,541,757"
12/18/2024,26.28,26.78,22.89,22.92,"21,660,874"
12/17/2024,25.9,26.45,24.53,26.37,"15,277,958"
12/16/2024,24.47,25.95,23.35,25.9,"19,543,689"
12/13/2024,22.43,24.57,22.42,24.42,"18,758,537"
12/12/2024,22.92,23.96,22.33,22.58,"13,386,699"
12/11/2024,22.98,23.99,21.93,23.35,"14,544,824"
12/10/2024,22.85,24.4,22.8,22.85,"12,572,951"
12/9/2024,24.96,25.09,21.87,23.24,"27,871,041"
12/6/2024,24.43,25,23.43,24.68,"19,915,408"
12/5/2024,23.11,24.52,22.66,23.92,"19,910,388"
12/4/2024,22.95,24,22.34,23.11,"23,047,128"
12/3/2024,23.8,24.26,22.5,23.01,"30,532,442"
12/2/2024,27.98,28.1,24,24.16,"41,206,917"
11/29/2024,26,28.05,25.66,27.28,"19,870,548"
11/27/2024,25.9,27.2,24.73,25.67,"26,623,100"
11/26/2024,23.72,26.71,23.62,25.44,"41,464,099"
11/25/2024,25.39,25.58,22.82,24.06,"40,883,178"
11/22/2024,23.03,23.81,22.38,23.26,"28,378,030"
11/21/2024,20.4,22.48,19.75,22.41,"28,114,890"
11/20/2024,20.55,20.76,19.64,20.18,"17,269,695"
11/19/2024,19.03,20.97,18.72,20.5,"28,809,562"
11/18/2024,19.54,20.35,18.47,19.29,"29,165,923"
11/15/2024,17.03,19.48,16.8,19,"42,280,047"
11/14/2024,19.43,19.43,17.25,17.36,"45,508,969"
11/13/2024,19.24,22.55,18.65,18.83,"121,001,251"
11/12/2024,14.49,15.02,14.24,14.66,"25,153,564"
11/11/2024,14.64,15.24,14.01,14.78,"27,297,214"
11/8/2024,13.32,13.9,12.9,13.51,"17,769,112"
11/7/2024,13.5,13.89,13.08,13.46,"15,823,830"
11/6/2024,12.3,13.06,12.07,13.05,"17,747,251"
11/5/2024,11.34,11.85,11.28,11.81,"8,553,958"
11/4/2024,11.27,11.4,10.97,11.25,"7,701,599"
11/1/2024,10.9,11.5,10.85,11.42,"11,010,849"
10/31/2024,10.91,10.91,10.29,10.7,"13,057,466"
10/30/2024,11.35,11.63,10.95,10.96,"9,128,508"
10/29/2024,11.15,11.58,10.87,11.47,"9,573,348"
10/28/2024,11.25,11.47,11.06,11.26,"8,443,051"
10/25/2024,11.24,11.33,10.91,11.18,"10,553,284"
10/24/2024,11.01,12.09,11.01,11.19,"16,684,242"
10/23/2024,11.16,11.27,10.65,10.91,"10,104,856"
10/22/2024,11.21,11.52,11.03,11.16,"10,455,704"
10/21/2024,10.85,11.29,10.68,11.26,"11,021,171"
10/18/2024,10.77,11,10.48,10.81,"10,093,113"
10/17/2024,11.17,11.19,10.55,10.68,"14,503,153"
10/16/2024,10.03,11.19,9.98,11.19,"26,303,545"
10/15/2024,9.82,10.34,9.48,9.94,"16,863,619"
10/14/2024,9.92,10.11,9.66,9.88,"14,831,171"
10/11/2024,9.35,9.78,9.2,9.7,"8,278,486"
10/10/2024,9.34,9.53,9.27,9.39,"6,877,009"
10/9/2024,9.27,9.66,8.99,9.45,"10,854,528"
10/8/2024,9.6,10.14,9.36,9.41,"12,438,522"
10/7/2024,9.96,10.11,9.48,9.68,"12,518,515"
10/4/2024,9.52,10.01,9.42,9.8,"10,754,750"
10/3/2024,9.6,9.86,9.16,9.25,"8,922,634"
10/2/2024,8.96,9.76,8.8,9.71,"15,642,571"
10/1/2024,9.66,9.72,9.09,9.23,"14,756,841"
9/30/2024,9.87,10.15,9.52,9.73,"20,449,882"
9/27/2024,8.87,10.29,8.84,9.78,"39,176,855"
9/26/2024,8.84,8.98,8.63,8.69,"15,727,027"
9/25/2024,7.56,8.79,7.55,8.62,"29,464,604"
9/24/2024,7.58,7.62,7.28,7.59,"9,793,424"
9/23/2024,7.63,7.67,7.47,7.56,"12,454,711"
9/20/2024,7.15,7.72,7.13,7.47,"22,836,028"
9/19/2024,7.33,7.37,7,7.17,"10,540,491"
9/18/2024,7.15,7.5,7.1,7.12,"11,804,502"
9/17/2024,7.45,7.51,7.07,7.17,"9,184,991"
9/16/2024,7.47,7.53,7.17,7.37,"13,219,562"
9/13/2024,6.96,7.47,6.91,7.46,"13,806,136"
9/12/2024,6.68,7.05,6.63,6.86,"13,988,565"
9/11/2024,6.18,6.7,6.15,6.68,"13,295,217"
9/10/2024,6.14,6.17,5.96,6.15,"6,175,742"
9/9/2024,5.9,6.28,5.88,6.14,"9,684,920"
9/6/2024,6.11,6.2,5.74,5.81,"9,211,303"
9/5/2024,6.29,6.34,6.04,6.08,"6,214,629"
9/4/2024,6.02,6.47,6.02,6.34,"9,643,748"
9/3/2024,6.2,6.25,6,6.06,"6,921,286"
8/30/2024,6.24,6.49,6.22,6.27,"8,159,281"
8/29/2024,6.19,6.47,6.14,6.23,"8,084,109"
8/28/2024,6.02,6.25,5.96,6.09,"12,833,299"
8/27/2024,6.59,6.6,6.11,6.12,"16,090,534"
8/26/2024,6.96,6.97,6.51,6.74,"13,359,443"
8/23/2024,6.99,7.07,6.76,6.96,"14,731,078"
8/22/2024,7,7.26,6.83,6.84,"22,202,441"
8/21/2024,6.7,7.27,6.22,7,"26,839,916"
8/20/2024,7.25,7.26,6.6,6.65,"27,622,924"
8/19/2024,6.78,7.36,6.47,7.19,"47,084,173"
8/16/2024,6.27,7.1,5.92,6.56,"74,179,892"
8/15/2024,5.25,6.04,5.25,5.83,"23,961,792"
8/14/2024,5.27,5.35,5.16,5.18,"4,493,585"
8/13/2024,5.25,5.3,5.03,5.23,"12,138,628"
8/12/2024,5.41,5.54,5.18,5.39,"7,080,554"
8/9/2024,5.35,5.59,5.2,5.37,"17,827,847"
8/8/2024,4.68,4.93,4.63,4.77,"7,105,058"
8/7/2024,4.82,4.82,4.55,4.58,"4,765,710"
8/6/2024,4.81,4.86,4.63,4.72,"4,073,573"
8/5/2024,4.25,4.74,4.2,4.66,"7,152,084"
8/2/2024,4.71,4.86,4.65,4.81,"8,456,408"
8/1/2024,5.24,5.25,4.89,4.96,"7,307,544"
7/31/2024,5.3,5.45,5.21,5.24,"5,100,743"
7/30/2024,5.34,5.4,5.16,5.26,"4,324,909"
7/29/2024,5.42,5.5,5.28,5.32,"3,932,544"
7/26/2024,5.34,5.46,5.3,5.4,"4,424,524"
7/25/2024,5.12,5.4,5.09,5.25,"5,001,933"
7/24/2024,5.31,5.47,5.19,5.21,"4,038,488"
7/23/2024,5.33,5.52,5.3,5.4,"4,069,513"
7/22/2024,5.25,5.37,5.18,5.34,"4,040,321"
7/19/2024,5.26,5.36,5.15,5.2,"3,317,965"
7/18/2024,5.5,5.55,5.19,5.26,"6,243,974"
7/17/2024,5.45,5.61,5.34,5.45,"10,461,493"
7/16/2024,5.83,5.84,5.51,5.63,"10,333,659"
7/15/2024,5.59,5.77,5.36,5.72,"8,167,875"
7/12/2024,5.39,5.68,5.38,5.65,"11,371,348"
7/11/2024,5.22,5.35,5.15,5.33,"7,586,807"
7/10/2024,5.15,5.25,5.03,5.13,"5,289,343"
7/9/2024,4.97,5.09,4.91,5.08,"4,808,148"
7/8/2024,4.97,5.12,4.92,4.97,"5,084,109"
7/5/2024,4.65,4.88,4.64,4.88,"4,684,030"
7/3/2024,4.63,4.73,4.61,4.62,"2,711,688"
7/2/2024,4.51,4.65,4.49,4.61,"5,351,873"
7/1/2024,4.78,4.8,4.5,4.54,"7,074,427"
6/28/2024,4.9,4.95,4.71,4.8,"15,030,062"
6/27/2024,4.79,4.92,4.76,4.86,"4,011,825"
6/26/2024,4.68,4.8,4.67,4.76,"4,750,625"
6/25/2024,4.81,4.84,4.66,4.74,"6,000,201"
6/24/2024,5.08,5.16,4.75,4.83,"11,430,276"
6/21/2024,4.81,5.1,4.72,5.01,"22,081,206"
6/20/2024,4.94,4.97,4.67,4.8,"12,331,665"
6/18/2024,4.59,4.99,4.54,4.91,"19,721,320"
6/17/2024,4.35,4.38,4.2,4.34,"7,195,189"
6/14/2024,4.5,4.53,4.33,4.39,"4,803,287"
6/13/2024,4.7,4.71,4.51,4.55,"4,704,539"
6/12/2024,4.71,4.94,4.62,4.64,"7,816,271"
6/11/2024,4.55,4.6,4.41,4.57,"6,532,693"
6/10/2024,4.38,4.62,4.34,4.56,"7,097,452"
6/7/2024,4.31,4.44,4.28,4.44,"4,053,558"
6/6/2024,4.38,4.44,4.32,4.37,"3,247,744"
6/5/2024,4.33,4.44,4.26,4.44,"4,798,638"
6/4/2024,4.28,4.31,4.23,4.28,"4,188,512"
6/3/2024,4.4,4.45,4.26,4.33,"4,725,074"
5/31/2024,4.32,4.42,4.22,4.37,"6,454,335"
5/30/2024,4.28,4.38,4.17,4.33,"5,056,701"
5/29/2024,4.31,4.32,4.15,4.18,"6,190,245"
5/28/2024,4.25,4.47,4.24,4.39,"7,648,444"
5/24/2024,4.25,4.27,4.18,4.21,"5,153,828"
5/23/2024,4.36,4.38,4.18,4.22,"5,007,321"
5/22/2024,4.47,4.49,4.28,4.34,"4,592,586"
5/21/2024,4.38,4.53,4.35,4.46,"5,936,252"
5/20/2024,4.29,4.44,4.24,4.4,"5,456,604"
5/17/2024,4.24,4.3,4.18,4.25,"4,909,704"
5/16/2024,4.34,4.45,4.22,4.24,"5,501,699"
5/15/2024,4.6,4.64,4.32,4.34,"11,808,231"
5/14/2024,4.24,4.58,4.24,4.56,"20,583,411"
5/13/2024,4.16,4.46,4.15,4.16,"10,483,204"
5/10/2024,4.1,4.2,3.98,4.11,"9,940,200"
5/9/2024,4.13,4.3,4.11,4.26,"7,792,433"
5/8/2024,3.88,4.12,3.82,4.1,"9,529,392"
5/7/2024,3.9,3.99,3.66,3.97,"17,275,471"
5/6/2024,4.06,4.12,4.03,4.06,"8,227,083"
5/3/2024,4,4.08,3.96,4,"5,417,240"
5/2/2024,3.9,3.96,3.81,3.95,"6,283,341"
5/1/2024,3.76,3.98,3.72,3.85,"9,613,338"
4/30/2024,3.82,3.84,3.71,3.76,"7,577,561"
4/29/2024,3.81,3.83,3.73,3.8,"3,869,197"
4/26/2024,3.67,3.78,3.65,3.77,"5,016,457"
4/25/2024,3.66,3.69,3.56,3.65,"5,236,162"
4/24/2024,3.73,3.78,3.62,3.69,"6,095,203"
4/23/2024,3.58,3.78,3.58,3.68,"5,609,680"
4/22/2024,3.58,3.61,3.49,3.59,"5,642,325"
4/19/2024,3.53,3.62,3.51,3.55,"5,730,346"
4/18/2024,3.58,3.64,3.48,3.55,"5,011,490"
4/17/2024,3.58,3.66,3.54,3.57,"4,283,854"
4/16/2024,3.51,3.65,3.47,3.56,"7,230,973"
4/15/2024,3.76,3.79,3.51,3.53,"15,973,752"
4/12/2024,3.85,3.87,3.7,3.73,"8,803,045"
4/11/2024,3.83,3.96,3.78,3.86,"7,521,131"
4/10/2024,3.74,3.78,3.66,3.74,"7,771,430"
4/9/2024,3.84,3.92,3.78,3.84,"5,242,361"
4/8/2024,3.81,3.84,3.73,3.77,"6,365,134"
4/5/2024,3.91,3.92,3.78,3.8,"9,366,369"
4/4/2024,3.93,4.04,3.86,3.9,"6,599,813"
4/3/2024,3.9,3.95,3.8,3.88,"7,968,882"
4/2/2024,4.03,4.03,3.83,3.87,"12,248,319"
4/1/2024,4.13,4.14,4.03,4.08,"5,843,477"
3/28/2024,4.13,4.23,4.09,4.11,"6,250,844"
3/27/2024,4.1,4.15,4.05,4.14,"4,884,037"
3/26/2024,4.1,4.19,4.05,4.06,"8,577,231"
3/25/2024,4.07,4.2,4.06,4.08,"4,500,139"
3/22/2024,4.06,4.12,4,4.05,"8,715,694"
3/21/2024,4.11,4.28,4.05,4.09,"8,974,064"
3/20/2024,4.01,4.1,3.95,4.03,"10,242,785"
3/19/2024,4,4.1,3.98,4.06,"6,529,396"
3/18/2024,4.16,4.16,3.97,4,"12,878,026"
3/15/2024,4.14,4.27,4.11,4.12,"14,500,671"
3/14/2024,4.28,4.3,4.11,4.17,"7,492,905"
3/13/2024,4.34,4.45,4.29,4.29,"7,219,995"
3/12/2024,4.34,4.38,4.23,4.34,"8,475,587"
3/11/2024,4.44,4.73,4.44,4.48,"7,305,379"
3/8/2024,4.47,4.53,4.34,4.42,"4,892,045"
3/7/2024,4.34,4.44,4.29,4.43,"4,794,905"
3/6/2024,4.3,4.47,4.26,4.3,"5,275,289"
3/5/2024,4.39,4.39,4.17,4.24,"8,795,502"
3/4/2024,4.62,4.7,4.39,4.43,"6,287,062"
3/1/2024,4.63,4.67,4.5,4.54,"5,118,678"
2/29/2024,4.69,4.81,4.49,4.59,"11,037,498"
2/28/2024,4.42,4.77,4.11,4.59,"11,858,753"
2/27/2024,4.6,4.8,4.57,4.71,"11,001,934"
2/26/2024,4.39,4.6,4.35,4.57,"7,252,731"
2/23/2024,4.46,4.53,4.36,4.38,"6,560,090"
2/22/2024,4.71,4.75,4.43,4.44,"8,943,699"
2/21/2024,4.79,4.81,4.62,4.64,"5,457,639"
2/20/2024,4.92,5.1,4.79,4.83,"7,477,612"
2/16/2024,4.9,5.08,4.84,4.89,"7,296,774"
2/15/2024,4.88,5.04,4.8,4.89,"8,775,648"
2/14/2024,4.57,4.82,4.39,4.8,"10,111,762"
2/13/2024,4.58,4.65,4.38,4.44,"8,760,413"
2/12/2024,4.44,4.79,4.44,4.72,"15,404,890"
2/9/2024,4.39,4.42,4.24,4.34,"6,984,726"
2/8/2024,4.28,4.36,4.23,4.3,"6,020,072"
2/7/2024,4.29,4.47,4.19,4.27,"8,081,276"
2/6/2024,4.04,4.26,4.03,4.26,"10,817,050"
2/5/2024,3.98,4.11,3.95,4.07,"11,193,080"
2/2/2024,4.01,4.02,3.92,3.98,"47,872,620"
2/1/2024,4.19,4.29,3.89,4.02,"61,536,960"
1/31/2024,4.98,5.16,4.85,4.85,"5,797,092"
1/30/2024,5.08,5.11,4.92,4.98,"3,265,772"
1/29/2024,4.88,5.14,4.88,5.14,"3,040,108"
1/26/2024,4.94,5.02,4.85,4.88,"2,506,188"
1/25/2024,5.11,5.11,4.83,4.92,"4,034,878"
1/24/2024,5.17,5.25,4.97,5.03,"3,415,962"
1/23/2024,5.1,5.22,5.04,5.08,"3,484,596"
1/22/2024,4.9,5.07,4.85,5.05,"5,269,768"
1/19/2024,4.9,4.9,4.69,4.86,"4,340,320"
1/18/2024,5,5.05,4.77,4.85,"4,912,931"
1/17/2024,4.9,5.02,4.86,4.92,"4,845,566"
1/16/2024,5.11,5.16,4.88,4.94,"6,317,870"
1/12/2024,5.19,5.35,5.11,5.17,"4,361,582"
1/11/2024,5.3,5.32,5.06,5.16,"6,273,160"
1/10/2024,5.45,5.48,5.27,5.34,"5,999,249"
1/9/2024,5.66,5.67,5.4,5.45,"6,822,537"
1/8/2024,5.42,5.65,5.32,5.55,"6,530,831"
1/5/2024,5.45,5.62,5.36,5.4,"5,860,546"
1/4/2024,5.12,5.55,5.1,5.47,"7,896,187"
1/3/2024,5.17,5.21,5.05,5.1,"6,560,048"
1/2/2024,5.45,5.57,5.27,5.31,"6,728,259"
12/29/2023,5.78,5.78,5.44,5.53,"9,211,956"
12/28/2023,5.71,6.14,5.65,5.79,"11,186,675"
12/27/2023,5.65,5.81,5.56,5.74,"8,655,127"
12/26/2023,5.64,5.83,5.38,5.64,"18,716,502"
12/22/2023,5.09,5.76,4.94,5.44,"51,904,987"
12/21/2023,4.49,4.54,4.34,4.43,"8,652,409"
12/20/2023,4.68,4.75,4.39,4.41,"5,020,804"
12/19/2023,4.54,4.69,4.53,4.69,"5,075,985"
12/18/2023,4.68,4.69,4.44,4.49,"6,468,214"
12/15/2023,4.99,5.07,4.6,4.61,"15,336,496"
12/14/2023,5.15,5.48,5.03,5.17,"6,583,197"
12/13/2023,4.6,4.93,4.53,4.93,"4,221,488"
12/12/2023,4.63,4.67,4.48,4.6,"3,180,439"
12/11/2023,4.79,4.84,4.6,4.66,"3,222,138"
12/8/2023,4.76,4.93,4.72,4.8,"3,203,115"
12/7/2023,4.51,4.71,4.47,4.7,"3,745,456"
12/6/2023,4.48,4.61,4.45,4.46,"2,256,565"
12/5/2023,4.54,4.6,4.42,4.45,"3,022,059"
12/4/2023,4.46,4.59,4.45,4.58,"2,843,472"
12/1/2023,4.4,4.56,4.36,4.46,"4,429,178"
11/30/2023,4.41,4.51,4.34,4.38,"3,073,684"
11/29/2023,4.5,4.64,4.35,4.39,"4,889,973"
11/28/2023,4.3,4.41,4.16,4.4,"3,847,769"
11/27/2023,4.37,4.41,4.25,4.27,"2,789,111"
11/24/2023,4.28,4.41,4.2,4.38,"1,984,894"
11/22/2023,4.22,4.31,4.19,4.26,"2,594,577"
11/21/2023,4.32,4.32,4.17,4.21,"2,836,287"
11/20/2023,4.29,4.39,4.26,4.31,"4,659,262"
11/17/2023,4.26,4.31,4.15,4.21,"3,915,995"
11/16/2023,4.37,4.4,4.14,4.22,"4,810,439"
11/15/2023,4.38,4.65,4.31,4.4,"8,002,336"
11/14/2023,4.5,4.64,4.2,4.32,"24,910,167"
11/13/2023,4.38,4.39,4.26,4.33,"2,034,504"
11/10/2023,4.32,4.4,4.21,4.37,"2,553,665"
11/9/2023,4.54,4.55,4.21,4.28,"4,978,385"
11/8/2023,4.52,4.52,4.35,4.36,"2,413,468"
11/7/2023,4.33,4.51,4.27,4.5,"2,078,649"
11/6/2023,4.63,4.65,4.33,4.35,"2,412,308"
11/3/2023,4.71,4.81,4.59,4.61,"3,381,041"
11/2/2023,4.33,4.64,4.33,4.59,"3,824,968"
11/1/2023,4.21,4.26,4.12,4.24,"1,998,630"
10/31/2023,4.19,4.25,4.12,4.23,"1,947,902"
10/30/2023,4.2,4.28,4.11,4.2,"2,317,841"
10/27/2023,4.31,4.37,4.14,4.16,"2,275,651"
10/26/2023,4.21,4.35,4.19,4.28,"3,093,817"
10/25/2023,4.09,4.19,4.06,4.09,"2,225,886"
10/24/2023,4.19,4.28,4.11,4.14,"1,977,056"
10/23/2023,4.08,4.23,4,4.11,"3,143,872"
10/20/2023,4.2,4.22,4.06,4.09,"3,146,766"
10/19/2023,4.29,4.35,4.19,4.21,"2,846,709"
10/18/2023,4.38,4.43,4.2,4.25,"2,860,805"
10/17/2023,4.36,4.53,4.32,4.48,"2,835,592"
10/16/2023,4.28,4.5,4.24,4.46,"3,162,760"
10/13/2023,4.46,4.48,4.23,4.29,"3,803,410"
10/12/2023,4.87,4.88,4.36,4.42,"4,566,748"
10/11/2023,4.95,5.07,4.76,4.83,"3,619,975"
10/10/2023,4.66,5.02,4.65,4.86,"4,345,349"
10/9/2023,4.41,4.65,4.41,4.62,"3,348,766"
10/6/2023,4.39,4.53,4.35,4.5,"3,451,096"
10/5/2023,4.32,4.48,4.26,4.45,"2,639,290"
10/4/2023,4.23,4.34,4.14,4.31,"2,565,520"
10/3/2023,4.35,4.37,4.13,4.17,"3,802,053"
10/2/2023,4.4,4.42,4.29,4.39,"2,906,979"
9/29/2023,4.4,4.57,4.32,4.38,"3,058,283"
9/28/2023,4.31,4.42,4.24,4.34,"3,361,744"
9/27/2023,4.2,4.33,4.19,4.3,"4,091,295"
9/26/2023,4.34,4.44,4.22,4.24,"3,480,290"
9/25/2023,4.47,4.5,4.31,4.35,"4,554,185"
9/22/2023,4.54,4.67,4.46,4.48,"3,695,933"
9/21/2023,4.34,4.57,4.25,4.48,"5,165,065"
9/20/2023,4.62,4.64,4.39,4.42,"6,338,896"
9/19/2023,4.26,4.76,4.17,4.66,"17,140,808"
9/18/2023,5.1,5.22,5.02,5.04,"3,402,651"
9/15/2023,5.25,5.29,5.06,5.12,"13,269,019"
9/14/2023,5.36,5.43,5.21,5.26,"4,963,557"
9/13/2023,5.47,5.48,5.23,5.37,"5,675,191"
9/12/2023,5.81,5.83,5.27,5.31,"12,847,445"
9/11/2023,6.26,6.35,6.03,6.04,"3,519,954"
9/8/2023,6.3,6.34,6.14,6.2,"2,350,360"
9/7/2023,6.29,6.36,6.06,6.32,"2,504,603"
9/6/2023,6.51,6.58,6.3,6.41,"2,040,159"
9/5/2023,6.31,6.6,6.29,6.53,"2,943,792"
9/1/2023,6.38,6.48,6.27,6.34,"2,326,432"
8/31/2023,6.37,6.49,6.22,6.31,"3,242,224"
8/30/2023,6.16,6.45,6.12,6.38,"2,888,646"
8/29/2023,5.87,6.27,5.84,6.17,"2,886,656"
8/28/2023,5.88,6.03,5.83,5.93,"2,290,727"
8/25/2023,5.7,5.88,5.63,5.79,"2,697,234"
8/24/2023,6.03,6.08,5.6,5.65,"2,961,239"
8/23/2023,5.83,6.01,5.83,5.93,"2,294,773"
8/22/2023,5.93,6,5.66,5.83,"2,379,728"
8/21/2023,5.94,5.98,5.82,5.88,"2,618,672"
8/18/2023,5.43,5.93,5.36,5.86,"4,287,672"
8/17/2023,5.9,5.95,5.55,5.56,"4,678,236"
8/16/2023,6.03,6.11,5.87,5.88,"3,133,090"
8/15/2023,6.26,6.28,6.07,6.09,"2,739,196"
8/14/2023,6.24,6.37,6.08,6.31,"2,358,912"
8/11/2023,6.15,6.39,6.12,6.32,"2,313,176"
8/10/2023,6.51,6.7,6.14,6.23,"4,650,576"
8/9/2023,7.36,7.49,6.15,6.45,"7,997,675"
8/8/2023,6.42,6.74,6.27,6.66,"4,704,179"
8/7/2023,6.87,6.88,6.4,6.59,"4,534,057"
8/4/2023,7.05,7.14,6.8,6.83,"3,034,410"
8/3/2023,6.89,7.14,6.8,7.03,"2,917,708"
8/2/2023,7.08,7.1,6.81,6.98,"3,715,805"
8/1/2023,7.26,7.35,7.15,7.26,"2,301,257"
7/31/2023,7.11,7.4,7.09,7.37,"4,816,467"
7/28/2023,6.85,7.13,6.85,7.1,"4,373,152"
7/27/2023,7.29,7.29,6.71,6.73,"6,190,749"
7/26/2023,7.5,7.53,6.98,7.14,"7,082,607"
7/25/2023,7.52,7.79,7.52,7.62,"5,847,527"
7/24/2023,7.47,7.5,7.27,7.39,"4,197,320"
7/21/2023,7.87,7.89,7.36,7.5,"6,228,699"
7/20/2023,7.86,8.03,7.56,7.81,"6,236,487"
7/19/2023,7.88,8.05,7.61,7.93,"10,581,633"
7/18/2023,7.06,7.87,7,7.83,"13,228,904"
7/17/2023,6.33,6.94,6.2,6.89,"4,946,655"
7/14/2023,6.73,6.84,6.29,6.32,"5,086,681"
7/13/2023,6.12,6.82,6.12,6.64,"8,664,464"
7/12/2023,6.35,6.42,5.9,6.07,"5,752,274"
7/11/2023,6.01,6.25,5.85,6.18,"7,450,701"
7/10/2023,5.7,5.98,5.68,5.97,"3,618,474"
7/7/2023,5.62,5.8,5.62,5.73,"2,238,906"
7/6/2023,5.76,5.77,5.53,5.6,"2,777,556"
7/5/2023,5.98,6.02,5.83,5.86,"3,347,338"
7/3/2023,6.03,6.07,5.94,5.98,"2,923,926"
6/30/2023,6.06,6.14,5.95,6,"5,658,415"
6/29/2023,5.88,6.06,5.8,5.98,"3,801,777"
6/28/2023,5.56,6.01,5.51,5.87,"4,342,895"
6/27/2023,5.38,5.53,5.31,5.5,"2,327,561"
6/26/2023,5.55,5.67,5.36,5.37,"3,081,287"
6/23/2023,5.72,5.74,5.52,5.54,"12,060,805"
6/22/2023,5.86,5.87,5.57,5.79,"2,934,620"
6/21/2023,5.75,5.95,5.65,5.9,"3,377,971"
6/20/2023,5.65,5.94,5.61,5.81,"4,317,612"
6/16/2023,5.8,5.83,5.48,5.6,"10,221,101"
6/15/2023,5.64,5.79,5.48,5.68,"3,923,362"
6/14/2023,5.96,6.04,5.59,5.69,"5,355,773"
6/13/2023,5.34,6.1,5.34,5.94,"8,253,938"
6/12/2023,5.24,5.36,5.1,5.32,"3,247,821"
6/9/2023,5.3,5.37,5.17,5.22,"3,178,722"
6/8/2023,5.14,5.28,5.04,5.28,"2,837,316"
6/7/2023,5.24,5.41,5.12,5.13,"4,077,765"
6/6/2023,4.9,5.19,4.9,5.18,"3,947,680"
6/5/2023,4.85,4.95,4.79,4.9,"3,029,188"
6/2/2023,4.8,4.93,4.76,4.9,"2,962,800"
6/1/2023,4.62,4.78,4.53,4.74,"3,076,837"
5/31/2023,4.56,4.61,4.47,4.58,"4,964,565"
5/30/2023,4.51,4.66,4.5,4.59,"2,618,613"
5/26/2023,4.59,4.6,4.38,4.45,"3,207,745"
5/25/2023,4.65,4.7,4.46,4.59,"3,260,768"
5/24/2023,4.55,4.65,4.36,4.63,"4,342,287"
5/23/2023,4.8,4.9,4.45,4.52,"7,344,705"
5/22/2023,4.7,5.02,4.69,4.95,"4,460,160"
5/19/2023,4.7,4.7,4.55,4.67,"3,961,728"
5/18/2023,4.51,4.68,4.45,4.65,"4,189,540"
5/17/2023,4.33,4.61,4.26,4.5,"5,290,131"
5/16/2023,4.22,4.36,4.22,4.28,"3,355,852"
5/15/2023,4.2,4.38,4.07,4.34,"4,372,551"
5/12/2023,4.14,4.26,4.05,4.12,"3,631,487"
5/11/2023,4.12,4.39,4.04,4.1,"4,852,946"
5/10/2023,4.05,4.2,3.85,4.12,"6,138,672"
5/9/2023,3.83,4.02,3.76,3.94,"4,784,474"
5/8/2023,3.92,3.94,3.83,3.85,"4,072,048"
5/5/2023,3.8,3.91,3.78,3.85,"3,309,171"
5/4/2023,3.9,3.93,3.83,3.88,"2,563,427"
5/3/2023,3.81,4.01,3.77,3.91,"3,924,203"
5/2/2023,3.86,3.86,3.76,3.77,"2,227,550"
5/1/2023,3.92,3.99,3.84,3.88,"1,657,071"
4/28/2023,3.87,3.95,3.84,3.92,"1,862,033"
4/27/2023,3.82,3.9,3.78,3.9,"1,889,880"
4/26/2023,3.82,3.88,3.74,3.77,"2,392,837"
4/25/2023,3.88,3.9,3.76,3.81,"2,263,507"
4/24/2023,4.01,4.07,3.88,3.92,"2,158,185"
4/21/2023,3.95,4.01,3.93,4,"2,115,637"
4/20/2023,3.99,4.03,3.88,3.95,"3,870,043"
4/19/2023,4.03,4.06,3.96,4,"2,416,833"
4/18/2023,4.17,4.17,4.03,4.08,"2,292,371"
4/17/2023,4.01,4.21,3.98,4.14,"2,415,017"
4/14/2023,4.09,4.1,3.94,4.02,"2,221,941"
4/13/2023,4.03,4.15,3.99,4.11,"2,111,447"
4/12/2023,4.13,4.15,3.94,3.96,"2,632,105"
4/11/2023,4.05,4.11,3.99,4.07,"2,798,680"
4/10/2023,3.73,4.01,3.72,4,"4,070,698"
4/6/2023,3.69,3.77,3.62,3.77,"3,058,357"
4/5/2023,3.87,3.88,3.65,3.67,"4,079,666"
4/4/2023,4.08,4.08,3.83,3.87,"3,308,286"
4/3/2023,4.05,4.1,3.96,4.04,"1,868,846"
3/31/2023,3.95,4.17,3.92,4.04,"3,511,211"
3/30/2023,3.99,4.06,3.88,3.95,"2,426,293"
3/29/2023,3.95,3.98,3.86,3.96,"2,634,032"
3/28/2023,3.92,3.98,3.85,3.89,"1,673,084"
3/27/2023,4,4.16,3.93,3.93,"2,904,925"
3/24/2023,3.86,3.94,3.69,3.93,"4,178,187"
3/23/2023,3.87,3.99,3.81,3.85,"2,563,213"
3/22/2023,3.92,3.99,3.85,3.85,"2,785,725"
3/21/2023,3.92,3.98,3.81,3.95,"2,856,099"
3/20/2023,3.9,3.95,3.8,3.85,"3,171,467"
3/17/2023,3.97,4.02,3.84,3.88,"3,314,340"
3/16/2023,3.86,4,3.77,3.96,"2,420,834"
3/15/2023,3.84,3.94,3.77,3.92,"3,826,893"
3/14/2023,4.06,4.06,3.84,3.89,"3,162,805"
3/13/2023,3.79,4.01,3.7,3.94,"4,392,785"
3/10/2023,4.05,4.07,3.78,3.91,"6,357,609"
3/9/2023,4.26,4.35,4.07,4.08,"2,924,127"
3/8/2023,4.39,4.4,4.26,4.29,"2,063,151"
3/7/2023,4.43,4.49,4.34,4.4,"2,061,857"
3/6/2023,4.58,4.6,4.39,4.43,"3,422,303"
3/3/2023,4.24,4.58,4.22,4.57,"4,576,183"
3/2/2023,4.35,4.36,4.18,4.24,"4,341,914"
3/1/2023,4.45,4.52,4.17,4.4,"6,103,326"
2/28/2023,4.55,4.64,4.48,4.5,"4,606,099"
2/27/2023,4.53,4.67,4.47,4.59,"3,518,763"
2/24/2023,4.5,4.5,4.38,4.45,"2,598,483"
2/23/2023,4.69,4.77,4.52,4.55,"3,013,526"
2/22/2023,4.6,4.73,4.54,4.62,"4,199,478"
2/21/2023,4.82,4.89,4.53,4.58,"3,117,430"
2/17/2023,4.94,4.95,4.74,4.91,"3,420,353"
2/16/2023,5.02,5.16,4.96,4.97,"2,740,534"
2/15/2023,4.92,5.23,4.9,5.16,"4,621,192"
2/14/2023,4.7,4.99,4.6,4.96,"3,523,489"
2/13/2023,4.84,4.84,4.64,4.71,"2,050,153"
2/10/2023,4.53,4.79,4.49,4.77,"4,209,162"
2/9/2023,4.85,4.98,4.53,4.55,"3,479,767"
2/8/2023,4.85,4.92,4.75,4.79,"2,148,013"
2/7/2023,4.92,4.95,4.7,4.9,"4,685,428"
2/6/2023,5.22,5.28,4.9,4.92,"4,660,207"
2/3/2023,5.12,5.47,5.06,5.31,"6,147,343"
2/2/2023,5.08,5.3,5.01,5.24,"7,139,921"
2/1/2023,4.9,5.17,4.89,4.98,"6,022,427"
1/31/2023,4.89,4.99,4.83,4.97,"2,053,935"
1/30/2023,4.87,4.97,4.78,4.88,"2,232,380"
1/27/2023,4.86,5.04,4.81,4.94,"3,663,653"
1/26/2023,5,5.05,4.79,4.88,"3,034,484"
1/25/2023,4.97,5,4.72,4.91,"4,641,852"
1/24/2023,4.81,5.02,4.73,4.97,"3,699,918"
1/23/2023,4.82,4.84,4.61,4.82,"4,296,082"
1/20/2023,4.92,4.95,4.68,4.78,"4,876,297"
1/19/2023,5.04,5.12,4.69,4.79,"4,902,575"
1/18/2023,5.55,5.68,5.09,5.17,"6,095,115"
1/17/2023,5.05,5.52,4.98,5.48,"5,193,956"
1/13/2023,4.73,5.11,4.72,4.97,"6,578,391"
1/12/2023,4.52,4.83,4.48,4.83,"3,219,015"
1/11/2023,4.4,4.53,4.34,4.51,"2,464,110"
1/10/2023,4.19,4.38,4.09,4.38,"1,998,697"
1/9/2023,4.25,4.36,4.21,4.22,"2,333,309"
1/6/2023,4.2,4.25,4.05,4.23,"3,133,154"
1/5/2023,3.97,4.26,3.91,4.17,"2,669,945"
1/4/2023,3.9,4.05,3.87,4.04,"2,126,809"
1/3/2023,3.85,4.05,3.78,3.87,"3,877,170"
12/30/2022,3.62,3.81,3.59,3.77,"2,692,128"
12/29/2022,3.61,3.8,3.54,3.69,"3,993,137"
12/28/2022,3.55,3.69,3.48,3.58,"3,218,122"
12/27/2022,3.76,3.77,3.56,3.56,"3,028,071"
12/23/2022,3.74,3.78,3.64,3.77,"1,903,793"
12/22/2022,3.72,3.74,3.61,3.73,"2,611,856"
12/21/2022,3.78,3.89,3.66,3.74,"3,780,582"
12/20/2022,3.85,3.97,3.67,3.72,"5,952,551"
12/19/2022,4.08,4.08,3.79,3.9,"4,313,468"
12/16/2022,4.05,4.13,3.95,4.07,"6,088,739"
12/15/2022,4.05,4.12,4,4.03,"2,861,529"
12/14/2022,4.15,4.23,4.06,4.12,"3,473,453"
12/13/2022,4.35,4.5,4.07,4.17,"3,899,549"
12/12/2022,4.03,4.21,4.01,4.15,"2,277,794"
12/9/2022,3.99,4.14,3.94,4,"1,816,183"
12/8/2022,3.95,4.22,3.92,3.98,"2,720,731"
12/7/2022,4.01,4.04,3.87,3.94,"3,145,312"
12/6/2022,4.17,4.19,3.93,4,"3,437,538"
12/5/2022,4.26,4.34,4.1,4.15,"3,028,721"
12/2/2022,4.16,4.29,4.07,4.25,"2,498,652"
12/1/2022,4.28,4.28,4.07,4.22,"3,203,493"
11/30/2022,3.99,4.2,3.88,4.19,"4,943,654"
11/29/2022,4.04,4.11,3.94,3.96,"4,053,871"
11/28/2022,4.17,4.29,4,4.01,"3,845,317"
11/25/2022,4.5,4.55,4.14,4.18,"3,209,948"
11/23/2022,4.36,4.45,4.32,4.4,"3,245,839"
11/22/2022,4.32,4.41,4.2,4.36,"2,867,496"
11/21/2022,4.61,4.65,4.29,4.32,"3,719,993"
11/18/2022,4.7,4.71,4.43,4.6,"2,205,709"
11/17/2022,4.65,4.66,4.36,4.52,"3,553,400"
11/16/2022,5.05,5.08,4.65,4.69,"5,543,970"
11/15/2022,5.36,5.43,5.12,5.22,"4,809,176"
11/14/2022,5.56,5.58,5.15,5.16,"3,348,969"
11/11/2022,5.31,5.76,5.22,5.63,"4,028,330"
11/10/2022,5.16,5.71,5.16,5.31,"5,296,559"
11/9/2022,5.07,5.08,4.73,4.74,"4,027,218"
11/8/2022,5.13,5.22,4.99,5.11,"2,018,973"
11/7/2022,5.25,5.26,4.98,5.09,"2,485,240"
11/4/2022,5.16,5.21,4.95,5.18,"2,586,034"
11/3/2022,4.83,5.28,4.81,4.94,"3,168,160"
11/2/2022,5.29,5.29,4.88,4.89,"2,684,994"
11/1/2022,5.25,5.37,5.13,5.2,"2,114,636"
10/31/2022,5.12,5.18,4.84,5.09,"2,280,228"
10/28/2022,4.79,5.23,4.75,5.13,"3,057,288"
10/27/2022,4.72,4.86,4.72,4.79,"2,304,502"
10/26/2022,4.58,4.97,4.52,4.69,"3,034,851"
10/25/2022,4.28,4.74,4.25,4.63,"3,068,163"
10/24/2022,4.3,4.3,4.08,4.25,"1,892,216"
10/21/2022,4.21,4.27,4.07,4.24,"1,743,901"
10/20/2022,4.19,4.38,4.18,4.21,"2,141,822"
10/19/2022,4.26,4.36,4.16,4.19,"2,119,034"
10/18/2022,4.43,4.49,4.25,4.35,"3,411,994"
10/17/2022,4.01,4.29,4.01,4.22,"2,297,573"
10/14/2022,4.2,4.23,3.92,3.95,"2,690,271"
10/13/2022,3.85,4.18,3.81,4.11,"2,763,641"
10/12/2022,4.14,4.15,3.77,4,"5,588,046"
10/11/2022,4.28,4.33,4.16,4.19,"3,005,286"
10/10/2022,4.36,4.4,4.17,4.3,"2,136,523"
10/7/2022,4.51,4.56,4.33,4.36,"2,434,315"
10/6/2022,4.57,4.78,4.57,4.62,"2,181,964"
10/5/2022,4.53,4.66,4.49,4.61,"2,709,866"
10/4/2022,4.44,4.63,4.44,4.62,"3,203,878"
10/3/2022,4.14,4.37,4.01,4.31,"4,025,161"
9/30/2022,4.16,4.27,4.07,4.07,"2,975,267"
9/29/2022,4.29,4.32,4.09,4.16,"3,739,177"
9/28/2022,4.23,4.43,4.15,4.38,"3,364,903"
9/27/2022,4.39,4.4,4.16,4.19,"4,715,730"
9/26/2022,4.1,4.33,4.08,4.23,"4,953,318"
9/23/2022,4.2,4.21,3.97,4.12,"6,160,872"
9/22/2022,4.92,4.95,4.3,4.31,"10,496,515"
9/21/2022,5.13,5.18,4.9,4.92,"4,143,440"
9/20/2022,5.08,5.13,4.99,5.05,"2,816,271"
9/19/2022,4.97,5.13,4.91,5.08,"3,573,696"
9/16/2022,5,5.12,4.9,5.05,"8,818,903"
9/15/2022,5.65,5.93,5.04,5.1,"11,927,878"
9/14/2022,5.68,5.71,5.38,5.71,"2,784,276"
9/13/2022,5.48,5.69,5.38,5.64,"3,928,923"
9/12/2022,5.65,5.72,5.57,5.72,"2,998,446"
9/9/2022,5.61,5.79,5.56,5.59,"3,575,830"
9/8/2022,5.49,5.58,5.34,5.56,"2,956,394"
9/7/2022,5.26,5.68,5.22,5.59,"4,454,309"
9/6/2022,5.39,5.4,5.23,5.26,"2,864,543"
9/2/2022,5.4,5.46,5.16,5.32,"4,269,943"
9/1/2022,5.5,5.58,5.12,5.27,"4,504,721"
8/31/2022,5.43,5.91,5.38,5.5,"6,814,072"
8/30/2022,5.21,5.21,4.95,5.13,"3,414,308"
8/29/2022,5.18,5.23,5.04,5.13,"2,977,469"
8/26/2022,5.53,5.54,5.2,5.3,"2,691,260"
8/25/2022,5.36,5.57,5.32,5.51,"3,638,403"
8/24/2022,5.25,5.37,5.14,5.35,"5,845,868"
8/23/2022,5.51,5.54,5.31,5.35,"4,953,100"
8/22/2022,5.5,5.69,5.39,5.49,"4,783,384"
8/19/2022,5.75,5.81,5.58,5.74,"3,295,747"
8/18/2022,6.11,6.12,5.71,6,"5,040,273"
8/17/2022,6.47,6.47,5.94,6.02,"5,060,064"
8/16/2022,6.58,6.76,6.29,6.61,"5,626,227"
8/15/2022,7.18,7.29,6.58,6.61,"7,151,973"
8/12/2022,6,7.15,5.61,7.1,"8,655,925"
8/11/2022,6.18,6.23,5.84,5.86,"5,927,834"
8/10/2022,5.76,5.93,5.6,5.79,"5,215,376"
8/9/2022,5.43,5.54,5.22,5.44,"3,608,860"
8/8/2022,5.5,5.75,5.38,5.45,"3,594,267"
8/5/2022,5.32,5.43,5.15,5.34,"2,925,617"
8/4/2022,5.23,5.6,5.09,5.45,"5,339,930"
8/3/2022,4.84,5.17,4.74,5.15,"3,714,879"
8/2/2022,4.69,4.85,4.67,4.72,"2,414,944"
8/1/2022,4.66,4.78,4.49,4.73,"2,751,914"
7/29/2022,4.56,4.68,4.4,4.67,"2,742,301"
7/28/2022,4.4,4.55,4.21,4.55,"2,935,584"
7/27/2022,4.17,4.29,4.11,4.28,"2,062,027"
7/26/2022,4.09,4.13,4,4.1,"2,315,756"
7/25/2022,4.07,4.14,3.97,4.13,"1,729,760"
7/22/2022,4.4,4.43,4.03,4.05,"1,859,106"
7/21/2022,4.37,4.51,4.21,4.36,"1,936,975"
7/20/2022,4.1,4.42,4.1,4.37,"3,165,106"
7/19/2022,4.11,4.17,4.01,4.09,"2,893,400"
7/18/2022,4.01,4.21,3.96,4.06,"2,275,972"
7/15/2022,4,4,3.76,3.95,"2,176,301"
7/14/2022,3.99,4.05,3.86,3.91,"2,107,077"
7/13/2022,3.93,4.07,3.85,4.01,"1,865,885"
7/12/2022,3.97,4.06,3.93,3.99,"1,951,746"
7/11/2022,4.21,4.24,3.95,3.97,"2,395,421"
7/8/2022,4.13,4.3,4.06,4.25,"3,123,485"
7/7/2022,4.06,4.17,3.94,4.16,"3,115,453"
7/6/2022,3.96,3.99,3.8,3.95,"3,155,196"
7/5/2022,3.82,3.97,3.59,3.97,"4,284,301"
7/1/2022,3.79,3.9,3.7,3.8,"2,876,785"
6/30/2022,3.7,3.84,3.53,3.79,"4,976,706"
6/29/2022,3.96,4,3.66,3.72,"5,416,557"
6/28/2022,4.19,4.22,3.96,3.96,"4,358,682"
6/27/2022,4.17,4.31,4.03,4.09,"4,202,215"
6/24/2022,4.14,4.29,4.08,4.1,"29,129,031"
6/23/2022,4.14,4.21,3.98,4.07,"4,934,123"
6/22/2022,4.12,4.29,4.07,4.09,"4,079,825"
6/21/2022,4.39,4.42,4.14,4.15,"4,988,942"
6/17/2022,4.21,4.32,4.09,4.18,"11,889,824"
6/16/2022,4.23,4.26,4.07,4.14,"5,210,439"
6/15/2022,4.1,4.39,4.02,4.33,"4,989,652"
6/14/2022,4.13,4.16,3.93,4,"4,188,365"
6/13/2022,4.05,4.17,3.93,4.09,"6,252,016"
6/10/2022,4.33,4.43,4.19,4.22,"5,419,094"
6/9/2022,4.83,4.83,4.43,4.44,"5,430,089"
6/8/2022,4.81,4.9,4.66,4.85,"4,459,754"
6/7/2022,4.86,4.94,4.65,4.84,"4,945,379"
6/6/2022,5.11,5.14,4.85,4.98,"5,424,261"
6/3/2022,4.86,4.96,4.76,4.9,"5,059,033"
6/2/2022,4.75,5.14,4.75,4.92,"5,958,136"
6/1/2022,4.73,4.83,4.59,4.71,"4,402,643"
5/31/2022,5.09,5.15,4.69,4.76,"5,785,208"
5/27/2022,4.74,5.16,4.73,5,"4,981,580"
5/26/2022,4.62,4.83,4.59,4.66,"3,403,733"
5/25/2022,4.37,4.64,4.27,4.58,"5,137,668"
5/24/2022,4.52,4.56,4.33,4.37,"4,122,538"
5/23/2022,4.75,4.79,4.5,4.58,"5,860,554"
5/20/2022,4.85,4.9,4.5,4.73,"5,182,488"
5/19/2022,4.68,4.88,4.55,4.75,"6,447,245"
5/18/2022,5.32,5.34,4.63,4.7,"12,769,853"
5/17/2022,5.51,5.79,5.33,5.66,"4,119,798"
5/16/2022,5.81,5.9,5.39,5.41,"5,343,773"
5/13/2022,5.35,5.99,5.31,5.86,"6,332,525"
5/12/2022,5.02,5.39,4.94,5.19,"5,433,595"
5/11/2022,5.49,5.64,5.11,5.17,"4,750,971"
5/10/2022,5.84,5.96,5.38,5.51,"4,038,426"
5/9/2022,6.25,6.39,5.61,5.67,"4,957,492"
5/6/2022,6.72,6.72,6.26,6.52,"3,086,954"
5/5/2022,6.98,7.1,6.61,6.78,"2,694,796"
5/4/2022,7.12,7.13,6.59,7.06,"4,388,937"
5/3/2022,7.5,7.6,7.02,7.11,"3,598,897"
5/2/2022,7.39,7.49,7.08,7.46,"2,591,270"
4/29/2022,7.48,7.82,7.34,7.38,"2,410,088"
4/28/2022,7.41,7.53,6.98,7.51,"3,466,734"
4/27/2022,7.27,7.45,7.15,7.32,"2,522,072"
4/26/2022,7.76,7.79,7.23,7.24,"2,727,071"
4/25/2022,7.62,7.89,7.47,7.83,"3,307,010"
4/22/2022,7.95,8.09,7.57,7.71,"3,065,196"
4/21/2022,8.58,8.74,7.83,7.87,"4,182,608"
4/20/2022,8.47,8.54,8.2,8.46,"3,314,292"
4/19/2022,8.02,8.47,7.95,8.44,"2,797,739"
4/18/2022,8.38,8.38,7.93,7.98,"2,206,916"
4/14/2022,8.35,8.48,8.25,8.42,"2,262,582"
4/13/2022,8.22,8.42,8.04,8.38,"2,916,623"
4/12/2022,7.96,8.34,7.96,8.2,"3,420,752"
4/11/2022,7.79,7.95,7.65,7.83,"2,441,580"
4/8/2022,7.87,8.01,7.67,7.8,"2,954,801"
4/7/2022,8.02,8.09,7.74,7.93,"4,507,986"
4/6/2022,8.14,8.27,7.98,8.06,"4,171,608"
4/5/2022,8.33,8.35,8.08,8.2,"3,379,271"
4/4/2022,8.02,8.4,7.95,8.3,"3,841,363"
4/1/2022,8.05,8.11,7.76,7.92,"2,601,297"
3/31/2022,8.12,8.35,7.99,8.05,"2,731,049"
3/30/2022,8.24,8.48,7.97,8.1,"3,286,956"
3/29/2022,7.73,8.39,7.67,8.29,"4,002,429"
3/28/2022,8.08,8.09,7.51,7.64,"5,616,031"
3/25/2022,8.6,8.6,7.84,7.96,"6,280,070"
3/24/2022,8.76,8.9,8.52,8.64,"2,505,865"
3/23/2022,8.96,9.09,8.72,8.76,"3,580,095"
3/22/2022,8.77,9.39,8.77,9,"7,025,588"
3/21/2022,9.01,9.22,8.77,8.83,"8,038,953"
3/18/2022,8.73,9.49,8.57,9.07,"21,492,149"
3/17/2022,8.53,8.81,8.47,8.65,"14,658,338"
3/16/2022,7.89,8.68,7.82,8.6,"11,239,996"
3/15/2022,8.51,8.73,7.72,7.92,"8,386,359"
3/14/2022,8.35,8.68,8.27,8.53,"7,406,253"
3/11/2022,8.9,8.99,8.37,8.39,"4,539,585"
3/10/2022,8.6,8.97,8.51,8.74,"4,210,324"
3/9/2022,8.68,9.05,8.51,8.83,"6,396,414"
3/8/2022,8.41,8.8,8.31,8.51,"6,612,208"
3/7/2022,8.52,8.83,8.3,8.37,"7,589,609"
3/4/2022,8.48,8.59,8.24,8.4,"3,406,215"
3/3/2022,8.94,8.98,8.25,8.48,"8,379,867"
3/2/2022,9,9.31,8.85,9.05,"3,918,942"
3/1/2022,9.65,9.76,8.93,9.1,"5,479,975"
2/28/2022,9.53,9.64,9.06,9.54,"5,433,278"
2/25/2022,9.83,9.94,9.26,9.45,"3,599,309"
2/24/2022,8.32,9.91,8.2,9.89,"4,007,937"
2/23/2022,9.07,9.36,8.56,8.63,"3,021,303"
2/22/2022,8.74,9.05,8.59,8.73,"2,709,433"
2/18/2022,9.08,9.29,8.72,8.94,"2,417,900"
2/17/2022,9.77,9.97,9.02,9.06,"2,320,703"
2/16/2022,10.1,10.11,9.76,9.94,"1,969,454"
2/15/2022,9.68,10.23,9.64,10.16,"1,682,231"
2/14/2022,9.59,9.85,9.27,9.48,"1,685,796"
2/11/2022,10.46,10.54,9.46,9.63,"2,432,420"
2/10/2022,10.21,11.11,10.2,10.28,"2,823,873"
2/9/2022,10.15,10.68,10.06,10.64,"2,471,176"
2/8/2022,9.52,10.06,9.38,10.01,"1,782,263"
2/7/2022,9.53,9.87,9.47,9.57,"1,682,897"
2/4/2022,9.03,9.58,8.85,9.49,"1,426,011"
2/3/2022,9.13,9.3,8.95,9.03,"1,495,962"
2/2/2022,9.55,9.56,9.16,9.42,"1,824,966"
2/1/2022,9.55,9.68,9.08,9.49,"2,765,339"
1/31/2022,8.37,9.16,8.37,9.04,"2,799,068"
1/28/2022,8.08,8.33,7.55,8.24,"4,508,167"
1/27/2022,8.64,8.71,7.94,8.1,"5,495,875"
1/26/2022,8.74,9.06,8.35,8.48,"2,850,931"
1/25/2022,8.58,8.82,8.23,8.49,"2,515,903"
1/24/2022,8.47,8.83,8,8.72,"5,392,558"
1/21/2022,9.59,9.71,8.95,9,"3,210,028"
1/20/2022,10.01,10.42,9.7,9.73,"2,008,958"
1/19/2022,10.21,10.32,9.69,9.85,"2,633,408"
1/18/2022,10.27,10.58,10.06,10.09,"2,472,161"
1/14/2022,10.5,10.68,10.05,10.42,"2,485,011"
1/13/2022,11.61,11.62,10.61,10.64,"2,534,530"
1/12/2022,11.62,11.74,11.2,11.45,"3,372,751"
1/11/2022,10.44,11.03,10.3,10.86,"1,692,756"
1/10/2022,10.78,10.84,10.06,10.46,"2,315,129"
1/7/2022,10.68,11.08,10.56,10.86,"2,108,621"
1/6/2022,10.81,10.94,10.11,10.65,"2,914,038"
1/5/2022,11.62,11.65,10.63,10.7,"3,087,368"
1/4/2022,12.18,12.29,11.5,11.65,"2,199,528"
1/3/2022,12.31,12.33,11.9,12.2,"1,287,205"
12/31/2021,12.06,12.47,11.98,12.28,"1,534,686"
12/30/2021,11.3,12.1,11.3,12.03,"2,217,848"
12/29/2021,11.73,11.8,11.07,11.33,"3,205,692"
12/28/2021,11.9,11.95,11.57,11.73,"2,497,100"
12/27/2021,12.14,12.23,11.71,11.9,"2,292,704"
12/23/2021,12.02,12.33,11.84,12,"3,167,027"
12/22/2021,12.16,12.4,12.03,12.36,"1,358,952"
12/21/2021,11.97,12.36,11.81,12.19,"1,445,422"
12/20/2021,11.91,12.18,11.62,11.89,"2,151,625"
12/17/2021,12.24,12.75,11.48,12.18,"12,944,560"
12/16/2021,12.79,13.14,12.24,12.39,"2,764,402"
12/15/2021,12.55,12.85,12.04,12.63,"2,266,151"
12/14/2021,11.59,12.8,11.55,12.57,"3,153,188"
12/13/2021,12.71,13.01,11.68,11.76,"4,394,257"
12/10/2021,12.5,13.03,12.5,12.76,"2,680,471"
12/9/2021,12.99,13.15,12.42,12.53,"3,085,384"
12/8/2021,13.02,13.22,12.81,12.94,"2,973,027"
12/7/2021,12.62,13.12,12.55,12.9,"3,265,792"
12/6/2021,12.97,13.11,12,12.28,"5,911,541"
12/3/2021,15,15.11,12.74,13,"8,057,642"
12/2/2021,15.15,15.22,14.07,14.81,"4,761,631"
12/1/2021,15.91,16.97,15.16,15.19,"7,972,387"
11/30/2021,15.83,16.41,14.99,15.86,"10,249,424"
11/29/2021,15.51,15.79,15.12,15.46,"3,522,837"
11/26/2021,14.82,15.59,14.76,15.45,"1,946,466"
11/24/2021,14.28,15.58,14.2,15.51,"2,969,983"
11/23/2021,15.81,15.83,14.11,14.55,"4,565,632"
11/22/2021,15.57,16.36,15.26,15.91,"4,427,323"
11/19/2021,15.28,16.2,15.26,15.5,"3,058,539"
11/18/2021,16.2,16.33,14.71,15.48,"6,573,605"
11/17/2021,15.7,16.75,15.4,16.28,"7,449,333"
11/16/2021,14.69,15.71,14.49,15.48,"6,544,935"
11/15/2021,14.48,14.7,14.06,14.29,"2,520,073"
11/12/2021,14.29,14.48,14.08,14.37,"1,993,322"
11/11/2021,14.2,14.59,13.91,14.23,"1,825,782"
11/10/2021,14.68,15.27,14.32,14.59,"2,462,792"
11/9/2021,14.87,15.05,14.13,14.84,"2,805,261"
11/8/2021,15.79,15.84,14.89,14.94,"1,760,678"
11/5/2021,15.94,16.14,15.4,15.51,"2,010,669"
11/4/2021,15.2,16.24,14.91,15.74,"4,414,024"
11/3/2021,14.16,14.98,14.16,14.91,"2,744,090"
11/2/2021,14.45,14.49,14.02,14.25,"1,438,268"
11/1/2021,14.43,14.57,13.95,14.26,"2,048,507"
10/29/2021,13.29,14.14,13.24,14.05,"1,991,701"
10/28/2021,12.97,13.55,12.66,13.37,"2,080,847"
10/27/2021,13.19,13.22,12.73,12.84,"1,351,879"
10/26/2021,13.05,13.82,12.95,13.22,"2,831,936"
10/25/2021,13,13.13,12.77,12.99,"1,929,249"
10/22/2021,12.64,13.05,12.3,13,"2,401,410"
10/21/2021,12.73,13.08,12.48,12.66,"3,277,132"
10/20/2021,12.42,13.14,12.31,12.72,"4,869,820"
10/19/2021,12.68,12.7,12.3,12.36,"4,421,766"
10/18/2021,12.8,12.88,12.2,12.4,"5,214,702"
10/15/2021,13.67,13.75,12.71,12.8,"5,226,078"
10/14/2021,13.4,13.7,13.03,13.57,"2,786,717"
10/13/2021,13.53,13.88,12.88,13.25,"4,602,803"
10/12/2021,14.11,14.24,13.48,13.5,"4,044,289"
10/11/2021,14.66,14.68,14,14.05,"3,243,112"
10/8/2021,14,16.1,13.83,14.71,"16,596,453"
10/7/2021,15.25,15.91,14.65,15.46,"9,600,181"
10/6/2021,14.4,14.68,13.8,14,"4,949,225"
10/5/2021,14.83,14.98,14.05,14.59,"2,761,433"
10/4/2021,15.97,16.04,14.36,14.79,"3,945,755"
10/1/2021,15.9,16.43,14.94,15.98,"4,469,971"
9/30/2021,15.36,16.19,15.02,16.13,"3,539,648"
9/29/2021,15.97,16.39,14.59,14.66,"3,193,721"
9/28/2021,14.25,15.63,14.25,15.56,"3,804,628"
9/27/2021,14.3,15.33,14.16,14.32,"3,192,176"
9/24/2021,14.18,14.25,13.46,14.05,"1,952,433"
9/23/2021,14.54,14.77,14.05,14.15,"2,109,370"
9/22/2021,15,15.4,14.5,14.54,"2,151,474"
9/21/2021,14.86,15.09,14.29,14.47,"2,417,832"
9/20/2021,14.78,15.1,14.03,14.81,"3,338,878"
9/17/2021,16.15,16.15,15.28,15.41,"3,880,128"
9/16/2021,15.58,16.59,14.91,15.89,"3,616,555"
9/15/2021,16.04,16.05,14.62,15.39,"4,028,470"
9/14/2021,15.89,16.97,15.13,15.78,"5,329,524"
9/13/2021,18.38,18.41,15.03,15.4,"8,788,112"
9/10/2021,20.28,20.87,17.81,18.69,"13,557,431"
9/9/2021,16.27,21.34,16.27,20.72,"43,147,806"
9/8/2021,14.75,15.7,14.51,15.09,"6,717,263"
9/7/2021,15.02,16.46,14.07,14.5,"15,909,102"
9/3/2021,11.75,14.34,11.01,13.52,"10,006,086"
9/2/2021,10.2,12.27,10,11.63,"4,163,167"
9/1/2021,10.18,10.3,9.98,10.14,"1,942,575"
8/31/2021,10.02,10.2,9.66,10.03,"2,193,768"
8/30/2021,10.5,10.51,9.8,10.03,"2,264,954"
8/27/2021,10.31,10.5,9.5,10.35,"2,825,007"
8/26/2021,11,11.04,9.96,9.96,"3,293,796"
8/25/2021,11.58,11.6,9.98,10.43,"5,599,989"
8/24/2021,11.3,11.9,11.11,11.57,"1,278,985"
8/23/2021,10.95,11.07,10.65,11.07,"1,139,219"
8/20/2021,10,10.65,9.9,10.47,"1,504,900"
8/19/2021,10.08,10.1,9.91,10.01,"602,976"
8/18/2021,10,10.33,9.97,10.1,"484,271"
8/17/2021,10.16,10.18,9.9,10.03,"1,217,105"
8/16/2021,10.69,10.69,10.15,10.21,"809,370"
8/13/2021,10.65,10.79,10.36,10.62,"722,838"
8/12/2021,11.2,11.28,10.5,10.54,"1,062,902"
8/11/2021,10.76,11.25,10.6,11.18,"906,104"
8/10/2021,10.42,10.81,10.35,10.57,"807,726"
8/9/2021,10.22,10.42,10.15,10.36,"530,622"
8/6/2021,10.3,10.47,10.06,10.12,"688,495"
8/5/2021,10.12,10.3,10.1,10.22,"592,222"
8/4/2021,10,10.13,10,10.11,"430,096"
8/3/2021,10.05,10.06,9.96,10,"790,903"
8/2/2021,10.23,10.25,10,10.02,"903,370"
7/30/2021,10.37,10.37,10.12,10.17,"993,414"
7/29/2021,10.41,10.53,10.12,10.31,"987,606"
7/28/2021,10.5,10.67,10.17,10.28,"672,346"
7/27/2021,10.53,10.57,10.35,10.46,"467,455"
7/26/2021,10.82,10.84,10.52,10.56,"477,747"
7/23/2021,10.99,11.05,10.62,10.77,"525,700"
7/22/2021,11,11.05,10.76,10.96,"592,615"
7/21/2021,10.68,10.75,10.51,10.75,"275,685"
7/20/2021,10.71,10.75,10.42,10.6,"319,545"
7/19/2021,10.36,10.78,10.27,10.71,"605,299"
7/16/2021,10.47,10.89,10.3,10.8,"940,755"
7/15/2021,10.6,10.79,10.3,10.4,"1,147,655"
7/14/2021,11.1,11.1,10.48,10.62,"1,467,760"
7/13/2021,11.53,11.57,10.97,10.97,"988,749"
7/12/2021,11.67,11.69,11.33,11.6,"1,122,717"
7/9/2021,11.12,11.49,11.12,11.45,"1,010,125"
7/8/2021,10.78,11.14,10.59,11.13,"1,588,513"
7/7/2021,11.04,11.23,10.71,11.1,"910,810"
7/6/2021,11.69,11.87,10.89,10.92,"1,659,788"
7/2/2021,11.1,12.28,11.03,11.39,"3,944,400"
7/1/2021,11,11.13,10.6,10.96,"765,504"
6/30/2021,11.08,11.45,10.85,10.89,"1,579,863"
6/29/2021,11.01,11.09,10.81,10.9,"758,639"
6/28/2021,10.7,10.98,10.62,10.95,"949,420"
6/25/2021,10.38,10.65,10.27,10.51,"1,063,758"
6/24/2021,10.32,10.34,10.26,10.29,"378,958"
6/23/2021,10.35,10.39,10.29,10.31,"324,907"
6/22/2021,10.48,10.5,10.3,10.35,"366,713"
6/21/2021,10.45,10.55,10.39,10.41,"392,289"
6/18/2021,10.36,10.42,10.24,10.4,"463,105"
6/17/2021,10.35,10.41,10.23,10.34,"528,152"
6/16/2021,10.35,10.53,10.21,10.27,"783,202"
6/15/2021,10.44,10.52,10.12,10.35,"746,431"
6/14/2021,10.55,10.59,10.17,10.22,"477,840"
6/11/2021,10.55,10.6,10.45,10.47,"424,298"
6/10/2021,10.66,10.72,10.45,10.52,"518,796"
6/9/2021,10.86,10.9,10.5,10.63,"750,369"
6/8/2021,10.21,10.6,10.13,10.47,"1,373,291"
6/7/2021,10.25,10.29,10.06,10.07,"592,565"
6/4/2021,10.15,10.27,10.05,10.15,"464,602"
6/3/2021,10.04,10.17,9.98,10.09,"419,697"
6/2/2021,10.11,10.12,9.98,10.07,"492,988"
6/1/2021,10.1,10.2,10.01,10.04,"662,628"
5/28/2021,9.92,10.08,9.91,9.98,"729,357"
5/27/2021,9.91,9.91,9.89,9.91,"605,012"
5/26/2021,9.91,9.97,9.89,9.9,"1,494,376"
5/25/2021,9.94,9.99,9.89,9.9,"1,029,748"
5/24/2021,9.98,10,9.92,9.94,"428,128"
5/21/2021,9.95,10.03,9.95,10,"351,177"
5/20/2021,10.03,10.03,9.91,9.96,"678,780"
5/19/2021,9.9,10,9.9,9.99,"502,994"
5/18/2021,10.02,10.08,9.99,10.01,"755,453"
5/17/2021,9.85,10.02,9.8,10,"961,423"
5/14/2021,9.97,10,9.9,9.94,"489,642"
5/13/2021,10,10,9.82,9.91,"811,864"
5/12/2021,9.92,10.05,9.86,9.92,"908,184"
5/11/2021,9.83,9.97,9.77,9.9,"1,267,175"
5/10/2021,10.05,10.06,9.86,9.9,"1,661,325"
5/7/2021,10.1,10.13,9.95,9.99,"2,091,408"
5/6/2021,10.25,10.27,10.08,10.14,"1,016,254"
5/5/2021,10.46,10.47,10.18,10.27,"708,934"
5/4/2021,10.51,10.51,10.2,10.35,"906,110"
5/3/2021,10.56,10.64,10.39,10.47,"372,510"
4/30/2021,10.51,10.54,10.43,10.46,"221,928"
4/29/2021,10.68,10.7,10.47,10.49,"495,623"
4/28/2021,10.7,10.71,10.5,10.52,"551,503"
4/27/2021,10.75,10.82,10.61,10.68,"316,132"
4/26/2021,10.8,10.8,10.65,10.7,"551,848"
4/23/2021,10.69,10.85,10.49,10.75,"696,518"
4/22/2021,10.65,10.69,10.45,10.56,"612,908"
4/21/2021,10.5,10.79,10.37,10.55,"353,632"
4/20/2021,10.49,10.79,10.27,10.55,"882,015"
4/19/2021,11.06,11.06,10.4,10.74,"890,242"
4/16/2021,10.55,11.11,10.27,10.9,"1,087,315"
4/15/2021,10.86,10.86,10.5,10.53,"996,613"
4/14/2021,11.21,11.21,10.64,10.74,"731,490"
4/13/2021,10.79,10.87,10.6,10.81,"719,203"
4/12/2021,11,11.16,10.7,10.84,"676,500"
4/9/2021,11.15,11.25,10.9,11.1,"791,023"
4/8/2021,10.79,11.13,10.68,11.11,"1,018,945"
4/7/2021,11,11.32,10.6,10.78,"1,214,216"
4/6/2021,11.09,11.09,10.89,10.99,"717,756"
4/5/2021,11.79,11.79,10.92,11.03,"1,442,616"
4/1/2021,11.95,11.99,11.23,11.48,"1,146,966"
3/31/2021,11.47,11.87,11.44,11.84,"764,602"
3/30/2021,11.71,11.79,11.35,11.4,"961,550"
3/29/2021,12.1,12.6,11.71,11.85,"1,571,053"
3/26/2021,12.18,12.19,11.36,11.68,"1,194,147"
3/25/2021,11.13,11.89,10.8,11.89,"3,111,905"
3/24/2021,12.35,12.39,11.3,11.35,"1,909,899"
3/23/2021,12.77,12.95,11.91,12.08,"1,878,377"
3/22/2021,12.25,13.17,12.01,12.51,"2,589,383"
3/19/2021,11.51,12.06,11.29,11.6,"856,603"
3/18/2021,11.85,12.04,11.31,11.47,"1,418,013"
3/17/2021,11.7,12.18,11.5,11.99,"1,239,811"
3/16/2021,12.35,12.4,11.55,11.87,"1,552,729"
3/15/2021,12.44,12.58,12.08,12.31,"1,111,799"
3/12/2021,12.3,12.45,12.04,12.22,"1,249,978"
3/11/2021,12.81,12.81,12.12,12.41,"1,985,600"
3/10/2021,12.55,12.96,11.8,12.41,"2,066,280"
3/9/2021,12.5,12.7,12.06,12.29,"1,773,541"
3/8/2021,13.03,13.2,11.91,12,"2,489,166"
3/5/2021,12.2,12.55,11.3,12.5,"3,702,612"
3/4/2021,12.5,12.63,11.06,11.33,"6,856,171"
3/3/2021,13.8,14.1,12.5,12.59,"5,236,729"
3/2/2021,14.5,15.15,13.01,13.14,"10,932,300"
3/1/2021,13.45,15.15,12.71,13.95,"40,481,651"
2/26/2021,10.41,10.52,10.22,10.25,"150,112"
2/25/2021,10.51,10.58,10.2,10.32,"130,762"
2/24/2021,10.45,10.66,10.33,10.44,"104,160"
2/23/2021,10.56,10.56,10.05,10.45,"162,591"
2/22/2021,10.75,10.79,10.6,10.7,"220,483"
2/19/2021,10.75,10.98,10.73,10.8,"165,918"
2/18/2021,10.75,10.99,10.63,10.98,"287,079"
2/17/2021,10.6,10.8,10.5,10.76,"209,895"
2/16/2021,10.49,10.55,10.41,10.48,"111,328"
2/12/2021,10.5,10.56,10.41,10.46,"283,570"
2/11/2021,10.45,11.21,10.4,10.52,"373,097"
2/10/2021,10.45,10.45,10.35,10.43,"91,890"
2/9/2021,10.5,10.5,10.37,10.39,"53,459"
2/8/2021,10.51,10.53,10.45,10.45,"67,557"
2/5/2021,10.47,10.54,10.46,10.52,"48,174"
2/4/2021,10.59,10.75,10.45,10.51,"73,112"
2/3/2021,10.51,10.63,10.46,10.62,"74,322"
2/2/2021,10.37,10.5,10.36,10.5,"50,617"
2/1/2021,10.38,10.44,10.32,10.35,"49,920"
1/29/2021,10.35,10.39,10.3,10.38,"57,171"
1/28/2021,10.4,10.42,10.3,10.39,"316,672"
1/27/2021,10.3,10.38,10.2,10.3,"336,921"
1/26/2021,10.47,10.57,10.35,10.45,"281,633"
1/25/2021,10.59,10.72,10.43,10.46,"101,674"
1/22/2021,10.51,10.68,10.46,10.5,"82,242"
1/21/2021,10.49,10.59,10.34,10.42,"16,897"
1/20/2021,10.33,10.49,10.33,10.42,"54,258"
1/19/2021,10.49,10.49,10.34,10.4,"364,135"
1/15/2021,10.45,10.48,10.25,10.35,"543,831"
1/14/2021,10.33,10.6,10.31,10.5,"156,662"
1/13/2021,10.6,10.6,10.28,10.52,"419,356"
1/12/2021,10.48,10.67,10.27,10.31,"199,635"
1/11/2021,10.45,10.45,10.3,10.4,"3,901"
1/8/2021,10.35,10.42,10.3,10.42,"4,145"
1/7/2021,10.42,10.42,10.38,10.41,629
1/6/2021,10.45,10.45,10.22,10.38,"6,245"
1/5/2021,10.44,10.6,10.35,10.35,"16,221"
1/4/2021,10.3,10.65,10.22,10.3,"57,588"
12/31/2020,10.68,10.68,10.11,10.11,"131,071"
12/30/2020,10.44,10.69,10.29,10.42,"356,187"
12/29/2020,10.38,10.61,9.97,10.29,"96,064"
12/28/2020,10.41,10.45,10.32,10.32,"280,215"
