,TSLA (NASD),,,,
Date,Open,High,Low,Close,Volume
12/23/2025,489.4,491.97,482.84,485.56,"58,223,633"
12/22/2025,489.88,498.83,485.33,488.73,"86,916,066"
12/19/2025,488.12,490.49,474.72,481.2,"103,305,424"
12/18/2025,478.16,490.86,473.12,483.37,"95,168,446"
12/17/2025,488.22,495.28,466.2,467.26,"106,490,405"
12/16/2025,472.21,491.5,465.83,489.88,"107,608,075"
12/15/2025,469.44,481.77,467.66,475.31,"114,542,204"
12/12/2025,448.09,463.01,441.67,458.96,"95,656,749"
12/11/2025,448.95,449.27,440.33,446.89,"55,979,492"
12/10/2025,446.07,456.88,443.61,451.45,"63,257,475"
12/9/2025,437.54,452.39,435.7,445.17,"62,367,442"
12/8/2025,447.45,449.75,435.25,439.58,"69,165,753"
12/5/2025,453.03,458.87,451.66,455,"56,427,522"
12/4/2025,449.94,454.63,445.39,454.53,"71,906,488"
12/3/2025,432.1,447.92,431.11,446.74,"87,482,964"
12/2/2025,430.81,436.8,422.12,429.24,"69,336,626"
12/1/2025,425.32,433.66,425.29,430.14,"57,463,552"
11/28/2025,426.59,432.93,426.2,430.17,"36,252,861"
11/26/2025,423.95,426.94,416.89,426.58,"63,462,996"
11/25/2025,414.42,420.48,405.95,419.4,"71,915,624"
11/24/2025,402.17,421.72,401.09,417.78,"96,806,374"
11/21/2025,402.32,402.8,383.76,391.09,"100,460,633"
11/20/2025,414.63,428.94,394.74,395.23,"113,548,827"
11/19/2025,406.18,411.78,398.5,403.99,"72,047,704"
11/18/2025,405.38,408.9,393.71,401.25,"80,688,637"
11/17/2025,398.74,423.96,398.74,408.92,"102,214,259"
11/14/2025,386.3,412.19,382.78,404.35,"105,506,682"
11/13/2025,423.13,424.5,396.34,401.99,"118,948,032"
11/12/2025,442.15,442.33,426.56,430.6,"58,513,520"
11/11/2025,439.4,442.49,432.36,439.62,"60,533,237"
11/10/2025,439.6,449.67,433.36,445.23,"76,515,907"
11/7/2025,437.92,439.36,421.88,429.52,"103,471,495"
11/6/2025,461.96,467.45,435.09,445.91,"109,622,907"
11/5/2025,452.05,466.33,440.71,462.07,"85,573,015"
11/4/2025,454.46,460.22,443.6,444.26,"87,756,644"
11/3/2025,455.99,474.07,453.8,468.37,"84,595,244"
10/31/2025,446.75,458,443.69,456.56,"83,135,787"
10/30/2025,451.05,455.06,439.61,440.1,"72,447,938"
10/29/2025,462.5,465.7,452.65,461.51,"67,983,544"
10/28/2025,454.78,467,451.6,460.55,"80,185,667"
10/27/2025,439.98,460.16,438.69,452.42,"105,867,547"
10/24/2025,446.83,451.68,430.17,433.72,"94,727,774"
10/23/2025,420,449.4,413.9,448.98,"126,709,833"
10/22/2025,443.45,445.54,429,438.97,"84,023,458"
10/21/2025,445.76,449.3,442.05,442.6,"54,412,169"
10/20/2025,443.87,449.8,440.61,447.43,"63,718,971"
10/17/2025,425.5,441.46,423.6,439.31,"89,331,578"
10/16/2025,434.73,439.35,421.31,428.75,"77,189,889"
10/15/2025,434.9,440.51,426.33,435.15,"71,558,185"
10/14/2025,426.79,434.2,417.86,429.24,"72,669,438"
10/13/2025,423.53,436.89,419.7,435.9,"79,552,785"
10/10/2025,436.54,443.13,411.45,413.49,"112,107,870"
10/9/2025,431.81,436.35,426.18,435.54,"69,339,928"
10/8/2025,437.57,441.33,425.23,438.69,"71,192,128"
10/7/2025,447.82,452.68,432.45,433.09,"102,296,082"
10/6/2025,440.75,453.55,436.69,453.25,"85,324,878"
10/3/2025,443.29,446.77,416.58,429.83,"133,188,180"
10/2/2025,470.54,470.75,435.57,436,"137,008,950"
10/1/2025,443.8,462.29,440.75,459.46,"98,122,285"
9/30/2025,441.52,445,433.12,444.72,"74,357,960"
9/29/2025,444.35,450.98,439.5,443.21,"79,491,510"
9/26/2025,428.3,440.47,421.02,440.4,"101,628,160"
9/25/2025,435.24,435.35,419.08,423.39,"96,746,426"
9/24/2025,429.83,444.21,429.03,442.79,"93,133,570"
9/23/2025,439.88,440.97,423.72,425.85,"83,422,691"
9/22/2025,431.11,444.98,429.13,434.21,"97,108,777"
9/19/2025,421.82,429.47,421.72,426.07,"93,131,034"
9/18/2025,428.87,432.22,416.56,416.85,"90,454,509"
9/17/2025,415.75,428.31,409.67,425.86,"106,133,532"
9/16/2025,414.5,423.25,411.43,421.62,"104,285,721"
9/15/2025,423.13,425.7,402.43,410.04,"163,823,667"
9/12/2025,370.94,396.69,370.24,395.94,"168,156,391"
9/11/2025,350.17,368.99,347.6,368.81,"103,756,010"
9/10/2025,350.55,356.33,346.07,347.79,"72,121,679"
9/9/2025,348.44,350.77,343.82,346.97,"53,815,991"
9/8/2025,354.64,358.44,344.84,346.4,"75,208,290"
9/5/2025,348,355.87,344.68,350.84,"108,989,785"
9/4/2025,336.15,338.89,331.48,338.53,"60,711,033"
9/3/2025,335.2,343.33,328.51,334.09,"88,733,288"
9/2/2025,328.23,333.33,325.6,329.36,"58,391,952"
8/29/2025,347.23,348.75,331.7,333.87,"81,145,660"
8/28/2025,350.91,353.55,340.26,345.98,"67,903,224"
8/27/2025,351.94,355.39,349.16,349.6,"65,519,012"
8/26/2025,344.93,351.9,343.72,351.67,"76,651,550"
8/25/2025,338.9,349.53,335.03,346.6,"86,670,037"
8/22/2025,321.66,340.25,319.69,340.01,"94,016,347"
8/21/2025,322.08,324.9,318.68,320.11,"55,744,445"
8/20/2025,329.22,331.37,314.6,323.9,"77,481,768"
8/19/2025,335.79,340.55,327.85,329.31,"75,956,002"
8/18/2025,329.62,336.27,329.59,335.16,"56,956,552"
8/15/2025,337.66,339.3,327.02,330.56,"74,319,792"
8/14/2025,335.76,340.47,330.4,335.58,"75,000,662"
8/13/2025,341.5,348.98,338.2,339.38,"67,838,892"
8/12/2025,345,345.26,332.94,340.84,"80,690,111"
8/11/2025,335,346.64,334.15,339.03,"105,320,174"
8/8/2025,321.43,335.15,320.98,329.65,"91,200,319"
8/7/2025,319.79,322.4,316.16,322.27,"66,658,672"
8/6/2025,307.89,320.47,306.93,319.91,"78,523,579"
8/5/2025,308.95,312.45,305.5,308.72,"57,961,278"
8/4/2025,309.08,312.12,303,309.26,"78,683,905"
8/1/2025,306.21,309.31,297.82,302.63,"89,121,446"
7/31/2025,319.61,321.37,306.1,308.27,"85,270,919"
7/30/2025,322.18,324.45,311.62,319.04,"83,931,942"
7/29/2025,325.55,326.25,318.25,321.2,"87,358,861"
7/28/2025,318.45,330.49,315.69,325.59,"112,673,755"
7/25/2025,308.74,323.63,308.01,316.06,"148,227,027"
7/24/2025,310,310.15,300.41,305.3,"156,966,023"
7/23/2025,330.9,336.2,328.67,332.56,"92,553,756"
7/22/2025,329.74,335.41,321.55,332.11,"77,370,371"
7/21/2025,334.4,338,326.88,328.49,"75,768,797"
7/18/2025,321.66,330.9,321.42,329.65,"94,254,993"
7/17/2025,323.15,324.34,317.06,319.41,"73,922,870"
7/16/2025,312.8,323.5,312.62,321.67,"97,284,786"
7/15/2025,319.68,321.2,310.5,310.78,"77,556,346"
7/14/2025,317.73,322.6,312.67,316.9,"78,043,430"
7/11/2025,307.89,314.09,305.65,313.51,"79,236,442"
7/10/2025,300.05,310.48,300,309.87,"104,365,271"
7/9/2025,297.55,300.15,293.55,295.88,"75,586,771"
7/8/2025,297,304.05,294.35,297.81,"103,246,742"
7/7/2025,291.37,296.15,288.77,293.94,"131,177,949"
7/3/2025,317.99,318.45,312.76,315.35,"58,042,302"
7/2/2025,312.63,316.83,303.82,315.65,"119,483,730"
7/1/2025,298.46,305.89,293.21,300.71,"145,085,665"
6/30/2025,319.9,325.58,316.6,317.66,"76,695,081"
6/27/2025,324.51,329.34,317.5,323.63,"89,067,049"
6/26/2025,324.61,331.05,323.61,325.78,"80,440,907"
6/25/2025,342.7,343,320.4,327.55,"119,845,050"
6/24/2025,356.17,356.26,340.44,340.47,"114,736,245"
6/23/2025,327.54,357.54,327.48,348.68,"190,716,815"
6/20/2025,327.95,332.36,317.78,322.16,"108,688,008"
6/18/2025,317.31,329.32,315.45,322.05,"95,137,686"
6/17/2025,326.09,327.26,314.74,316.35,"88,282,669"
6/16/2025,331.29,332.05,326.41,329.13,"83,925,858"
6/13/2025,313.97,332.99,313.3,325.31,"128,964,279"
6/12/2025,323.08,332.56,316.86,319.11,"105,127,536"
6/11/2025,334.4,335.5,322.5,326.43,"122,611,360"
6/10/2025,314.94,327.83,310.67,326.09,"151,256,520"
6/9/2025,285.96,309.83,281.85,308.58,"140,908,876"
6/6/2025,298.83,305.5,291.14,295.14,"164,747,685"
6/5/2025,322.49,324.55,273.21,284.7,"292,818,655"
6/4/2025,345.1,345.6,327.33,332.05,"98,912,075"
6/3/2025,346.6,355.4,343.04,344.27,"99,324,544"
6/2/2025,343.5,348.02,333.33,342.69,"81,873,829"
5/30/2025,355.52,363.68,345.29,346.46,"123,474,938"
5/29/2025,365.29,367.71,356,358.43,"88,545,666"
5/28/2025,364.84,365,355.91,356.9,"91,404,309"
5/27/2025,347.35,363.79,347.32,362.89,"120,146,414"
5/23/2025,337.92,343.18,333.21,339.34,"84,654,818"
5/22/2025,331.9,347.27,331.39,341.04,"97,113,416"
5/21/2025,344.43,347.35,332.2,334.62,"102,354,844"
5/20/2025,347.87,354.99,341.63,343.82,"131,715,548"
5/19/2025,336.3,343,333.37,342.09,"88,869,853"
5/16/2025,346.24,351.62,342.33,349.98,"95,895,665"
5/15/2025,340.34,346.14,334.72,342.82,"97,882,596"
5/14/2025,342.5,350,337,347.68,"136,997,264"
5/13/2025,320,337.59,316.8,334.07,"136,992,574"
5/12/2025,321.99,322.21,311.5,318.38,"112,826,661"
5/9/2025,290.21,307.04,290,298.26,"132,387,835"
5/8/2025,279.63,289.8,279.41,284.82,"97,539,448"
5/7/2025,276.88,277.92,271,276.22,"71,882,408"
5/6/2025,273.11,277.73,271.35,275.35,"76,715,792"
5/5/2025,284.57,284.85,274.4,280.26,"94,618,882"
5/2/2025,284.9,294.78,279.81,287.21,"114,454,683"
5/1/2025,280.01,290.87,279.81,280.52,"99,658,974"
4/30/2025,279.9,284.45,270.78,282.16,"128,961,057"
4/29/2025,285.5,293.32,279.47,292.03,"108,906,553"
4/28/2025,288.98,294.86,272.42,285.88,"151,731,771"
4/25/2025,261.69,286.85,259.63,284.95,"167,560,688"
4/24/2025,250.5,259.54,249.2,259.51,"94,464,195"
4/23/2025,254.86,259.45,244.43,250.74,"150,381,903"
4/22/2025,230.96,242.79,229.85,237.97,"120,858,452"
4/21/2025,230.26,232.21,222.79,227.5,"97,768,007"
4/17/2025,243.47,244.34,237.68,241.37,"83,404,775"
4/16/2025,247.61,251.97,233.89,241.55,"112,378,737"
4/15/2025,249.91,258.75,247.54,254.11,"79,594,318"
4/14/2025,258.36,261.8,245.93,252.35,"100,135,241"
4/11/2025,251.84,257.74,241.36,252.31,"128,948,085"
4/10/2025,260,262.49,239.33,252.4,"181,722,604"
4/9/2025,224.69,274.69,223.88,272.2,"219,433,373"
4/8/2025,245,250.44,217.8,221.86,"171,603,472"
4/7/2025,223.78,252,214.25,233.29,"183,453,776"
4/4/2025,255.38,261,236,239.43,"181,229,353"
4/3/2025,265.29,276.3,261.51,267.28,"136,174,291"
4/2/2025,254.6,284.99,251.27,282.76,"212,787,817"
4/1/2025,263.8,277.45,259.25,268.46,"146,486,911"
3/31/2025,249.31,260.56,243.36,259.16,"134,008,936"
3/28/2025,275.58,276.1,260.57,263.55,"123,809,389"
3/27/2025,272.48,291.85,271.82,273.13,"162,572,146"
3/26/2025,282.66,284.9,266.51,272.06,"156,254,441"
3/25/2025,283.6,288.2,271.28,288.14,"150,361,538"
3/24/2025,258.08,278.64,256.33,278.39,"169,079,865"
3/21/2025,234.99,249.52,234.55,248.71,"132,728,684"
3/20/2025,233.35,238,230.05,236.26,"99,028,270"
3/19/2025,231.61,241.41,229.2,235.86,"111,993,753"
3/18/2025,228.16,230.1,222.28,225.31,"111,477,636"
3/17/2025,245.06,245.4,232.8,238.01,"111,900,565"
3/14/2025,247.31,251.58,240.73,249.98,"100,242,264"
3/13/2025,248.13,248.29,232.6,240.68,"114,813,525"
3/12/2025,247.22,251.84,241.1,248.09,"142,215,681"
3/11/2025,225.31,237.06,217.02,230.58,"174,896,415"
3/10/2025,252.54,253.37,220,222.15,"189,076,948"
3/7/2025,259.32,266.25,250.73,262.67,"102,369,640"
3/6/2025,272.06,272.65,260.02,263.45,"98,451,566"
3/5/2025,272.92,279.55,267.71,279.1,"94,042,913"
3/4/2025,270.93,284.35,261.84,272.04,"126,706,623"
3/3/2025,300.34,303.94,277.3,284.65,"115,551,414"
2/28/2025,279.5,293.88,273.6,292.98,"115,696,968"
2/27/2025,291.16,297.23,280.88,281.95,"101,748,197"
2/26/2025,303.72,309,288.04,290.8,"100,118,276"
2/25/2025,327.03,328.89,297.25,302.8,"134,228,777"
2/24/2025,338.14,342.4,324.7,330.53,"76,052,321"
2/21/2025,353.44,354.98,334.42,337.8,"74,058,648"
2/20/2025,361.51,362.3,348,354.4,"45,965,354"
2/19/2025,354,367.34,353.67,360.56,"67,094,374"
2/18/2025,355.01,359.1,350.02,354.11,"51,631,702"
2/14/2025,360.62,362,347.5,355.84,"68,277,279"
2/13/2025,345,358.69,342.85,355.94,"89,441,519"
2/12/2025,329.94,346.4,329.12,336.51,"105,382,729"
2/11/2025,345.8,349.37,325.1,328.5,"118,543,400"
2/10/2025,356.21,362.7,350.51,350.73,"77,514,903"
2/7/2025,370.19,380.55,360.34,361.62,"70,298,258"
2/6/2025,373.03,375.4,363.18,374.32,"77,918,230"
2/5/2025,387.51,388.39,375.53,378.17,"57,614,721"
2/4/2025,382.63,394,381.4,392.21,"57,072,235"
2/3/2025,386.68,389.17,374.36,383.68,"93,732,122"
1/31/2025,401.53,419.99,401.34,404.6,"83,568,219"
1/30/2025,410.78,412.5,384.41,400.28,"98,092,879"
1/29/2025,395.21,398.59,384.48,389.1,"68,033,648"
1/28/2025,396.91,400.59,386.5,398.09,"48,910,676"
1/27/2025,394.8,406.69,389,397.15,"58,125,510"
1/24/2025,414.45,418.88,405.78,406.58,"56,427,149"
1/23/2025,416.06,420.73,408.95,412.38,"50,690,592"
1/22/2025,416.81,428,414.59,415.11,"60,963,342"
1/21/2025,432.64,433.2,406.31,424.07,"87,320,894"
1/17/2025,421.5,439.74,419.75,426.5,"94,991,429"
1/16/2025,423.49,424,409.13,413.82,"68,335,151"
1/15/2025,409.9,429.8,405.66,428.22,"81,375,460"
1/14/2025,414.34,422.64,394.54,396.36,"84,565,022"
1/13/2025,383.21,403.79,380.07,403.31,"67,580,494"
1/10/2025,391.4,399.28,377.29,394.74,"62,287,333"
1/8/2025,392.95,402.5,387.4,394.94,"73,038,805"
1/7/2025,405.83,414.33,390,394.36,"75,699,525"
1/6/2025,423.2,426.43,401.7,411.05,"85,516,534"
1/3/2025,381.48,411.88,379.45,410.44,"95,423,329"
1/2/2025,390.1,392.73,373.04,379.28,"109,710,749"
12/31/2024,423.79,427.93,402.54,403.84,"76,825,121"
12/30/2024,419.4,427,415.75,417.41,"64,941,012"
12/27/2024,449.52,450,426.5,431.66,"82,666,821"
12/26/2024,465.16,465.33,451.02,454.13,"76,651,210"
12/24/2024,435.9,462.78,435.14,462.28,"59,551,750"
12/23/2024,431,434.51,415.41,430.6,"72,698,055"
12/20/2024,425.51,447.08,417.64,421.06,"132,216,176"
12/19/2024,451.88,456.36,420.02,436.17,"118,566,146"
12/18/2024,466.5,488.54,427.01,440.13,"149,340,788"
12/17/2024,475.9,483.99,457.51,479.86,"131,222,978"
12/16/2024,441.09,463.19,436.15,463.02,"114,083,811"
12/13/2024,420,436.3,415.71,436.23,"89,000,158"
12/12/2024,424.84,429.3,415,418.1,"87,752,225"
12/11/2024,409.7,424.88,402.38,424.77,"104,287,559"
12/10/2024,392.68,409.73,390.85,400.99,"97,563,578"
12/9/2024,397.61,404.8,378.01,389.79,"96,359,173"
12/6/2024,377.42,389.49,370.8,389.22,"81,455,834"
12/5/2024,359.87,375.43,359.5,369.49,"81,403,569"
12/4/2024,353,358.1,348.6,357.93,"50,810,874"
12/3/2024,351.8,355.69,348.2,351.42,"58,267,196"
12/2/2024,352.38,360,351.15,357.09,"77,986,478"
11/29/2024,336.08,345.45,334.65,345.16,"37,167,621"
11/27/2024,341.8,342.55,326.59,332.89,"57,896,439"
11/26/2024,341,346.96,335.66,338.23,"62,295,857"
11/25/2024,360.14,361.93,338.2,338.59,"95,890,899"
11/22/2024,341.09,361.53,337.7,352.56,"89,140,722"
11/21/2024,343.81,347.99,335.28,339.64,"58,011,719"
11/20/2024,345,346.6,334.3,342.03,"66,340,650"
11/19/2024,335.76,347.38,332.75,346,"88,852,452"
11/18/2024,340.73,348.55,330.01,338.74,"126,547,455"
11/15/2024,310.57,324.68,309.22,320.72,"114,440,286"
11/14/2024,327.69,329.98,310.37,311.18,"120,726,109"
11/13/2024,335.85,344.6,322.5,330.24,"125,405,599"
11/12/2024,342.74,345.84,323.31,328.49,"155,726,016"
11/11/2024,346.3,358.64,336,350,"210,521,625"
11/8/2024,299.14,328.71,297.66,321.22,"204,782,763"
11/7/2024,288.89,299.75,285.52,296.91,"117,309,232"
11/6/2024,284.67,289.59,275.62,288.53,"165,228,710"
11/5/2024,247.34,255.28,246.21,251.44,"69,282,505"
11/4/2024,244.56,248.9,238.88,242.84,"68,802,354"
11/1/2024,252.04,254,246.63,248.98,"57,544,757"
10/31/2024,257.99,259.75,249.25,249.85,"66,575,292"
10/30/2024,258.04,263.35,255.82,257.55,"53,993,576"
10/29/2024,264.51,264.98,255.51,259.52,"80,521,751"
10/28/2024,270,273.54,262.24,262.51,"107,653,603"
10/25/2024,256.01,269.49,255.32,269.19,"161,611,931"
10/24/2024,244.68,262.12,242.65,260.48,"204,491,903"
10/23/2024,217.13,218.72,212.11,213.65,"80,938,892"
10/22/2024,217.31,218.22,215.26,217.97,"43,268,741"
10/21/2024,218.9,220.48,215.73,218.85,"47,328,988"
10/18/2024,220.71,222.28,219.23,220.7,"49,611,867"
10/17/2024,221.59,222.08,217.9,220.89,"50,791,784"
10/16/2024,221.4,222.82,218.93,221.33,"49,632,824"
10/15/2024,220.01,224.26,217.12,219.57,"62,988,787"
10/14/2024,220.13,221.91,213.74,219.16,"86,291,923"
10/11/2024,220.13,223.34,214.38,217.8,"142,628,874"
10/10/2024,241.81,242.79,232.34,238.77,"83,087,063"
10/9/2024,243.82,247.43,239.51,241.05,"66,289,529"
10/8/2024,243.56,246.21,240.56,244.5,"56,303,160"
10/7/2024,249,249.83,240.7,240.83,"68,113,270"
10/4/2024,246.69,250.96,244.58,250.08,"86,726,285"
10/3/2024,244.48,249.79,237.81,240.66,"80,729,240"
10/2/2024,247.55,251.16,241.5,249.02,"93,983,930"
10/1/2024,262.67,263.98,248.53,258.02,"87,397,613"
9/30/2024,259.04,264.86,255.77,261.63,"80,873,381"
9/27/2024,257.38,260.7,254.12,260.46,"70,988,067"
9/26/2024,260.6,261.75,251.53,254.22,"67,142,193"
9/25/2024,252.54,257.05,252.28,257.02,"65,034,318"
9/24/2024,254.08,257.19,249.05,254.27,"88,490,999"
9/23/2024,242.61,250,241.92,250,"86,927,194"
9/20/2024,241.52,243.99,235.92,238.25,"99,879,070"
9/19/2024,234,244.24,232.13,243.92,"102,694,576"
9/18/2024,230.09,235.68,226.88,227.2,"78,010,204"
9/17/2024,229.45,234.57,226.55,227.87,"66,761,636"
9/16/2024,229.3,229.96,223.53,226.78,"54,322,995"
9/13/2024,228,232.67,226.32,230.29,"59,515,114"
9/12/2024,224.66,231.45,223.83,229.81,"72,020,042"
9/11/2024,224.55,228.47,216.8,228.13,"83,548,633"
9/10/2024,220.07,226.4,218.64,226.17,"78,891,136"
9/9/2024,216.2,219.87,213.67,216.27,"67,443,518"
9/6/2024,232.6,233.6,210.51,210.73,"112,177,004"
9/5/2024,223.49,235,222.25,230.17,"119,355,013"
9/4/2024,210.59,222.22,210.57,219.41,"80,651,767"
9/3/2024,215.26,219.9,209.64,210.6,"76,714,222"
8/30/2024,208.63,214.57,207.03,214.11,"63,370,608"
8/29/2024,209.8,214.89,205.97,206.28,"62,308,818"
8/28/2024,209.72,211.84,202.59,205.75,"64,116,350"
8/27/2024,213.25,215.66,206.94,209.21,"62,821,390"
8/26/2024,218.75,219.09,211.01,213.21,"59,301,187"
8/23/2024,214.46,221.48,214.21,220.32,"81,525,207"
8/22/2024,223.82,224.8,210.32,210.66,"79,514,482"
8/21/2024,222.67,224.66,218.86,223.27,"70,145,964"
8/20/2024,224.88,228.22,219.56,221.1,"74,001,182"
8/19/2024,217.07,222.98,214.09,222.72,"76,435,222"
8/16/2024,211.15,219.8,210.8,216.12,"88,765,122"
8/15/2024,205.02,215.88,204.82,214.14,"89,848,530"
8/14/2024,207.39,208.44,198.75,201.38,"70,250,014"
8/13/2024,198.47,208.49,197.06,207.83,"76,247,387"
8/12/2024,199.02,199.26,194.67,197.49,"64,044,903"
8/9/2024,197.05,200.88,195.11,200,"58,648,274"
8/8/2024,195.7,200.7,192.04,198.84,"65,033,874"
8/7/2024,200.77,203.49,191.48,191.76,"71,159,778"
8/6/2024,200.75,202.9,192.67,200.64,"73,783,942"
8/5/2024,185.22,203.88,182,198.88,"100,308,836"
8/2/2024,214.88,216.13,205.78,207.67,"82,880,120"
8/1/2024,227.69,231.87,214.33,216.86,"83,861,898"
7/31/2024,227.9,234.68,226.79,232.07,"67,497,011"
7/30/2024,232.25,232.41,220,222.62,"100,560,334"
7/29/2024,224.9,234.27,224.7,232.1,"129,201,789"
7/26/2024,221.19,222.28,215.33,219.8,"94,604,145"
7/25/2024,216.8,226,216.23,220.25,"100,636,466"
7/24/2024,225.42,225.99,214.71,215.99,"167,942,939"
7/23/2024,253.6,255.76,245.63,246.38,"111,928,192"
7/22/2024,244.21,253.21,243.75,251.51,"101,225,430"
7/19/2024,247.79,249.44,236.83,239.2,"87,403,903"
7/18/2024,251.09,257.14,247.2,249.23,"110,869,037"
7/17/2024,252.73,258.47,246.18,248.5,"115,584,810"
7/16/2024,255.31,258.62,245.8,256.56,"126,332,470"
7/15/2024,255.97,265.6,251.73,252.64,"146,912,920"
7/12/2024,235.8,251.84,233.09,248.23,"155,955,773"
7/11/2024,263.3,271,239.65,241.03,"221,707,273"
7/10/2024,262.8,267.59,257.86,263.26,"128,519,430"
7/9/2024,251,265.61,250.3,262.33,"160,742,516"
7/8/2024,247.71,259.44,244.57,252.94,"157,219,580"
7/5/2024,249.81,252.37,242.46,251.52,"154,501,152"
7/3/2024,234.56,248.35,234.25,246.39,"166,561,471"
7/2/2024,218.89,231.3,218.06,231.26,"205,047,920"
7/1/2024,201.02,213.23,200.85,209.86,"135,691,395"
6/28/2024,199.55,203.2,195.26,197.88,"95,438,068"
6/27/2024,195.17,198.72,194.05,197.42,"72,746,521"
6/26/2024,186.54,197.76,186.36,196.37,"95,737,066"
6/25/2024,184.4,187.97,182.01,187.35,"63,678,265"
6/24/2024,184.97,188.8,182.55,182.58,"61,992,070"
6/21/2024,182.3,183.95,180.69,183.01,"63,029,482"
6/20/2024,184.68,185.21,179.66,181.57,"55,893,139"
6/18/2024,186.56,187.2,182.37,184.86,"68,982,265"
6/17/2024,177.92,188.81,177,187.44,"109,786,083"
6/14/2024,185.8,186,176.92,178.01,"82,038,194"
6/13/2024,188.39,191.08,181.23,182.47,"118,984,122"
6/12/2024,171.12,180.55,169.8,177.29,"90,389,446"
6/11/2024,173.92,174.75,167.41,170.66,"64,761,928"
6/10/2024,176.06,178.57,173.17,173.79,"50,869,682"
6/7/2024,176.13,179.35,175.58,177.48,"56,244,932"
6/6/2024,174.6,179.73,172.73,177.94,"69,887,024"
6/5/2024,175.35,176.15,172.13,175,"57,953,756"
6/4/2024,174.78,177.76,174,174.77,"60,056,340"
6/3/2024,178.13,182.64,174.49,176.29,"68,568,920"
5/31/2024,178.5,180.32,173.82,178.08,"67,314,602"
5/30/2024,178.58,182.67,175.38,178.79,"77,784,755"
5/29/2024,174.19,178.15,173.93,176.19,"54,782,649"
5/28/2024,176.4,178.25,173.16,176.75,"59,736,620"
5/24/2024,174.84,180.08,173.73,179.24,"65,584,478"
5/23/2024,181.8,181.9,173.26,173.74,"71,975,496"
5/22/2024,182.85,183.8,178.12,180.11,"88,313,477"
5/21/2024,175.51,186.88,174.71,186.6,"115,266,512"
5/20/2024,177.56,177.75,173.52,174.95,"61,727,425"
5/17/2024,173.55,179.63,172.75,177.46,"77,445,845"
5/16/2024,174.1,175.79,171.43,174.84,"59,812,220"
5/15/2024,179.9,180,173.11,173.99,"79,662,993"
5/14/2024,174.5,179.49,174.07,177.55,"86,407,422"
5/13/2024,170,175.4,169,171.89,"67,018,903"
5/10/2024,173.05,173.06,167.75,168.47,"72,627,178"
5/9/2024,175.01,175.62,171.37,171.97,"65,950,292"
5/8/2024,171.59,176.06,170.15,174.72,"79,969,488"
5/7/2024,182.4,183.26,177.4,177.81,"75,045,854"
5/6/2024,183.8,187.56,182.2,184.76,"84,390,253"
5/3/2024,182.1,184.78,178.42,181.19,"75,491,539"
5/2/2024,182.86,184.6,176.02,180.01,"89,148,041"
5/1/2024,182,185.86,179.01,179.99,"92,829,719"
4/30/2024,186.98,190.95,182.84,183.28,"127,031,787"
4/29/2024,188.42,198.87,184.54,194.05,"243,869,678"
4/26/2024,168.85,172.12,166.37,168.29,"109,815,725"
4/25/2024,158.96,170.88,158.36,170.18,"126,427,521"
4/24/2024,162.84,167.97,157.51,162.13,"181,178,020"
4/23/2024,143.33,147.26,141.11,144.68,"124,545,104"
4/22/2024,140.56,144.44,138.8,142.05,"107,097,564"
4/19/2024,148.97,150.94,146.22,147.05,"87,074,500"
4/18/2024,151.25,152.2,148.7,149.93,"96,098,830"
4/17/2024,157.64,158.33,153.78,155.45,"82,439,718"
4/16/2024,156.74,158.19,153.75,157.11,"96,999,956"
4/15/2024,170.24,170.69,161.38,161.48,"100,245,310"
4/12/2024,172.34,173.81,170.36,171.05,"64,722,669"
4/11/2024,172.55,175.88,168.51,174.6,"94,515,987"
4/10/2024,173.04,174.93,170.01,171.76,"84,532,407"
4/9/2024,172.91,179.22,171.92,176.88,"103,232,675"
4/8/2024,169.34,174.5,167.79,172.98,"104,423,320"
4/5/2024,169.08,170.86,160.51,164.9,"143,157,603"
4/4/2024,170.07,177.19,168.01,171.11,"123,161,960"
4/3/2024,164.02,168.82,163.28,168.38,"82,950,141"
4/2/2024,164.75,167.69,163.43,166.63,"116,650,594"
4/1/2024,176.17,176.75,170.21,175.22,"81,562,127"
3/28/2024,177.45,179.57,175.3,175.79,"77,654,838"
3/27/2024,181.41,181.91,176,179.83,"81,804,043"
3/26/2024,178.58,184.25,177.38,177.67,"113,186,227"
3/25/2024,168.76,175.24,168.73,172.63,"74,228,615"
3/22/2024,166.69,171.2,166.3,170.83,"75,580,637"
3/21/2024,176.39,178.18,171.8,172.82,"73,178,014"
3/20/2024,173,176.25,170.82,175.66,"83,846,726"
3/19/2024,172.36,172.82,167.42,171.32,"77,271,428"
3/18/2024,170.02,174.72,165.9,173.8,"108,214,358"
3/15/2024,163.16,165.18,160.76,163.57,"97,146,832"
3/14/2024,167.77,171.17,160.51,162.5,"126,325,696"
3/13/2024,173.05,176.05,169.15,169.48,"106,524,518"
3/12/2024,177.77,179.43,172.41,177.54,"87,391,684"
3/11/2024,175.45,182.87,174.8,177.77,"85,391,528"
3/8/2024,181.5,182.73,174.7,175.34,"85,544,644"
3/7/2024,174.35,180.04,173.7,178.65,"102,129,004"
3/6/2024,179.99,181.58,173.7,176.54,"107,920,944"
3/5/2024,183.05,184.59,177.57,180.74,"119,660,758"
3/4/2024,198.73,199.75,186.72,188.14,"134,334,869"
3/1/2024,200.52,204.52,198.5,202.64,"82,243,119"
2/29/2024,204.18,205.28,198.45,201.88,"85,906,974"
2/28/2024,200.42,205.3,198.44,202.04,"99,806,173"
2/27/2024,204.04,205.6,198.26,199.73,"108,645,412"
2/26/2024,192.29,201.78,192,199.4,"111,747,116"
2/23/2024,195.31,197.57,191.5,191.97,"78,841,917"
2/22/2024,194,198.32,191.36,197.41,"92,739,461"
2/21/2024,193.36,199.44,191.95,194.77,"103,844,008"
2/20/2024,196.13,198.6,189.13,193.76,"104,545,762"
2/16/2024,202.06,203.17,197.4,199.95,"111,346,705"
2/15/2024,189.16,200.88,188.86,200.45,"120,831,762"
2/14/2024,185.3,188.89,183.35,188.71,"81,202,987"
2/13/2024,183.99,187.26,182.11,184.02,"86,759,478"
2/12/2024,192.11,194.73,187.28,188.13,"95,498,597"
2/9/2024,190.18,194.12,189.48,193.57,"84,476,347"
2/8/2024,189,191.62,185.58,189.56,"83,034,043"
2/7/2024,188.18,189.79,182.68,187.58,"111,535,217"
2/6/2024,177.21,186.49,177.11,185.1,"122,675,954"
2/5/2024,184.26,184.68,175.01,181.06,"134,294,447"
2/2/2024,185.04,188.69,182,187.91,"110,612,672"
2/1/2024,188.5,189.88,184.28,188.86,"91,843,275"
1/31/2024,187,193.97,185.85,187.29,"103,221,430"
1/30/2024,195.33,196.36,190.61,191.59,"109,982,327"
1/29/2024,185.63,191.48,183.67,190.93,"125,013,148"
1/26/2024,185.5,186.78,182.1,183.25,"107,343,231"
1/25/2024,189.7,193,180.06,182.63,"198,076,787"
1/24/2024,211.88,212.73,206.77,207.83,"123,369,932"
1/23/2024,211.3,215.65,207.75,209.14,"106,605,946"
1/22/2024,212.26,217.8,206.27,208.8,"117,952,527"
1/19/2024,209.99,213.19,207.56,212.19,"102,260,343"
1/18/2024,216.88,217.45,208.74,211.88,"108,595,431"
1/17/2024,214.86,215.67,212.01,215.55,"103,164,400"
1/16/2024,215.1,223.49,212.18,219.91,"115,355,046"
1/12/2024,220.08,225.34,217.15,218.89,"123,043,812"
1/11/2024,230.57,230.93,225.37,227.22,"105,873,612"
1/10/2024,235.1,235.5,231.29,233.94,"91,628,502"
1/9/2024,238.11,238.96,232.04,234.96,"96,705,664"
1/8/2024,236.14,241.25,235.3,240.45,"85,166,580"
1/5/2024,236.86,240.12,234.9,237.49,"92,488,939"
1/4/2024,239.25,242.7,237.73,237.93,"102,629,283"
1/3/2024,244.98,245.68,236.32,238.45,"121,082,599"
1/2/2024,250.08,251.25,244.41,248.42,"104,654,163"
12/29/2023,255.1,255.19,247.43,248.48,"100,891,578"
12/28/2023,263.66,265.13,252.71,253.18,"113,619,943"
12/27/2023,258.35,263.34,257.52,261.44,"106,494,359"
12/26/2023,254.49,257.97,252.91,256.61,"86,892,382"
12/22/2023,256.76,258.22,251.37,252.54,"93,370,094"
12/21/2023,251.9,254.8,248.55,254.5,"109,594,227"
12/20/2023,256.41,259.84,247,247.14,"125,096,987"
12/19/2023,253.48,258.34,253.01,257.22,"106,737,369"
12/18/2023,253.78,258.74,251.36,252.08,"116,416,490"
12/15/2023,251.21,254.13,248.3,253.5,"135,932,762"
12/14/2023,241.22,253.88,240.79,251.05,"160,829,239"
12/13/2023,234.19,240.3,228.2,239.29,"146,286,348"
12/12/2023,238.55,238.99,233.87,237.01,"95,328,313"
12/11/2023,242.74,243.44,237.45,239.74,"97,913,888"
12/8/2023,240.27,245.27,239.27,243.84,"103,126,829"
12/7/2023,241.55,244.08,236.98,242.64,"107,142,262"
12/6/2023,242.92,246.57,239.17,239.37,"126,436,179"
12/5/2023,233.87,246.66,233.7,238.72,"137,971,115"
12/4/2023,235.75,239.37,233.29,235.58,"104,099,817"
12/1/2023,233.14,240.19,231.9,238.83,"121,331,709"
11/30/2023,245.14,245.22,236.91,240.08,"132,353,196"
11/29/2023,249.21,252.75,242.76,244.14,"135,401,335"
11/28/2023,236.68,247,234.01,246.72,"148,549,913"
11/27/2023,236.89,238.33,232.1,236.08,"112,031,763"
11/24/2023,233.75,238.75,232.33,235.45,"65,125,203"
11/22/2023,242.04,244.01,231.4,234.21,"118,117,078"
11/21/2023,235.04,243.62,233.34,241.2,"122,288,000"
11/20/2023,234.04,237.1,231.02,235.6,"116,562,402"
11/17/2023,232,237.39,226.54,234.3,"142,766,234"
11/16/2023,239.49,240.88,230.96,233.59,"136,816,819"
11/15/2023,239.29,246.7,236.45,242.84,"150,353,975"
11/14/2023,235.03,238.14,230.72,237.41,"149,771,642"
11/13/2023,215.6,225.4,211.61,223.71,"140,447,569"
11/10/2023,210.03,215.38,205.69,214.65,"131,310,128"
11/9/2023,219.75,220.8,206.68,209.98,"142,110,454"
11/8/2023,223.15,224.15,217.64,222.11,"106,584,841"
11/7/2023,219.98,223.12,215.72,222.18,"116,900,130"
11/6/2023,223.98,226.32,215,219.27,"117,335,820"
11/3/2023,221.15,226.37,218.4,219.96,"119,534,790"
11/2/2023,212.97,219.2,211.45,218.51,"125,987,621"
11/1/2023,204.04,205.99,197.85,205.66,"121,661,656"
10/31/2023,196.12,202.8,194.07,200.84,"118,068,273"
10/30/2023,209.28,210.88,194.67,197.36,"136,448,167"
10/27/2023,210.6,212.41,205.77,207.3,"94,881,173"
10/26/2023,211.32,214.8,204.88,205.76,"115,112,635"
10/25/2023,215.88,220.1,212.2,212.42,"107,065,087"
10/24/2023,216.5,222.05,214.11,216.52,"118,231,113"
10/23/2023,210,216.98,202.51,212.08,"150,683,368"
10/20/2023,217.01,218.86,210.42,211.99,"138,010,095"
10/19/2023,225.95,230.61,216.78,220.11,"170,772,713"
10/18/2023,252.7,254.63,242.08,242.68,"125,147,846"
10/17/2023,250.1,257.18,247.08,254.85,"93,562,909"
10/16/2023,250.05,255.4,248.48,253.92,"88,917,176"
10/13/2023,258.9,259.6,250.22,251.12,"102,296,786"
10/12/2023,262.92,265.41,256.63,258.87,"111,508,114"
10/11/2023,266.2,268.6,260.9,262.99,"103,706,266"
10/10/2023,257.75,268.94,257.65,263.62,"122,656,030"
10/9/2023,255.31,261.36,252.05,259.67,"101,377,947"
10/6/2023,253.98,261.65,250.65,260.53,"118,121,812"
10/5/2023,260,263.6,256.25,260.05,"119,159,214"
10/4/2023,248.14,261.86,247.6,261.16,"129,721,567"
10/3/2023,248.61,250.02,244.45,246.53,"101,985,305"
10/2/2023,244.81,254.28,242.62,251.6,"123,810,402"
9/29/2023,250,254.77,246.35,250.22,"128,522,729"
9/28/2023,240.02,247.55,238.65,246.38,"117,058,870"
9/27/2023,244.26,245.33,234.58,240.5,"136,597,184"
9/26/2023,242.98,249.55,241.66,244.12,"101,993,631"
9/25/2023,243.38,247.1,238.31,246.99,"104,636,557"
9/22/2023,257.4,257.79,244.48,244.88,"127,524,083"
9/21/2023,257.85,260.86,254.21,255.7,"119,951,516"
9/20/2023,267.04,273.93,262.46,262.59,"122,514,643"
9/19/2023,264.35,267.85,261.2,266.5,"103,704,040"
9/18/2023,271.16,271.44,263.76,265.28,"101,543,305"
9/15/2023,277.55,278.98,271,274.39,"133,692,313"
9/14/2023,271.32,276.71,270.42,276.04,"107,709,842"
9/13/2023,270.07,274.98,268.1,271.3,"111,673,737"
9/12/2023,270.76,278.39,266.6,267.48,"135,999,866"
9/11/2023,264.27,274.85,260.61,273.58,"174,667,852"
9/8/2023,251.22,256.52,246.67,248.5,"118,559,635"
9/7/2023,245.07,252.81,243.27,251.49,"115,312,886"
9/6/2023,255.14,255.39,245.06,251.92,"116,959,759"
9/5/2023,245,258,244.86,256.49,"129,469,565"
9/1/2023,257.26,259.08,242.01,245.01,"132,541,640"
8/31/2023,255.98,261.18,255.05,258.08,"108,861,698"
8/30/2023,254.2,260.51,250.59,256.9,"121,988,437"
8/29/2023,238.58,257.48,237.77,257.18,"134,047,603"
8/28/2023,242.58,244.38,235.35,238.82,"107,673,727"
8/25/2023,231.31,239,230.35,238.59,"106,612,231"
8/24/2023,238.66,238.92,228.18,230.04,"99,777,432"
8/23/2023,229.34,238.98,229.29,236.86,"101,077,635"
8/22/2023,240.25,240.82,229.55,233.19,"130,597,886"
8/21/2023,221.55,232.13,220.58,231.28,"135,702,671"
8/18/2023,214.12,217.58,212.36,215.49,"136,276,584"
8/17/2023,226.06,226.74,218.83,219.22,"120,718,417"
8/16/2023,228.02,233.97,225.38,225.6,"112,484,520"
8/15/2023,238.73,240.5,232.61,232.96,"88,197,599"
8/14/2023,235.7,240.66,233.75,239.76,"98,595,331"
8/11/2023,241.77,243.79,238.02,242.65,"99,038,642"
8/10/2023,245.4,251.8,243,245.34,"109,498,608"
8/9/2023,250.87,251.1,241.9,242.19,"101,596,324"
8/8/2023,247.45,250.92,245.01,249.7,"96,642,183"
8/7/2023,251.45,253.65,242.76,251.45,"111,097,943"
8/4/2023,260.97,264.77,253.11,253.86,"99,539,907"
8/3/2023,252.04,260.49,252,259.32,"97,829,545"
8/2/2023,255.57,259.52,250.49,254.11,"101,752,865"
8/1/2023,266.26,266.47,260.25,261.07,"83,645,720"
7/31/2023,267.48,269.08,263.78,267.43,"84,582,172"
7/28/2023,259.86,267.25,258.23,266.44,"111,446,026"
7/27/2023,268.31,269.13,255.3,255.71,"103,697,263"
7/26/2023,263.25,268.04,261.75,264.35,"95,856,177"
7/25/2023,272.38,272.9,265,265.28,"112,757,327"
7/24/2023,255.85,269.85,254.12,269.06,"137,005,037"
7/21/2023,268,268,255.8,260.02,"161,796,073"
7/20/2023,279.56,280.93,261.2,262.9,"175,158,273"
7/19/2023,296.04,299.29,289.52,291.26,"142,355,353"
7/18/2023,290.15,295.26,286.01,293.34,"112,434,713"
7/17/2023,286.63,292.23,283.57,290.38,"131,569,593"
7/14/2023,277.01,285.3,276.31,281.38,"120,062,369"
7/13/2023,274.59,279.45,270.6,277.9,"112,681,458"
7/12/2023,276.33,276.52,271.46,271.99,"95,672,139"
7/11/2023,268.65,270.9,266.37,269.79,"91,972,358"
7/10/2023,276.47,277.52,265.1,269.61,"119,425,405"
7/7/2023,278.43,280.78,273.77,274.43,"113,879,174"
7/6/2023,278.09,279.97,272.88,276.54,"120,707,419"
7/5/2023,278.82,283.85,277.6,282.48,"131,530,862"
7/3/2023,276.49,284.25,275.11,279.82,"119,685,891"
6/30/2023,260.6,264.45,259.89,261.77,"112,620,784"
6/29/2023,258.03,260.74,253.61,257.5,"131,283,360"
6/28/2023,249.7,259.88,248.89,256.24,"159,770,797"
6/27/2023,243.24,250.39,240.85,250.21,"164,968,214"
6/26/2023,250.07,258.37,240.7,241.05,"179,990,552"
6/23/2023,259.29,262.45,252.8,256.6,"177,460,803"
6/22/2023,250.77,265,248.25,264.61,"166,875,944"
6/21/2023,275.13,276.99,257.78,259.46,"211,797,109"
6/20/2023,261.5,274.75,261.12,274.45,"165,611,217"
6/16/2023,258.92,263.6,257.21,260.54,"167,915,649"
6/15/2023,248.4,258.95,247.29,255.9,"160,171,238"
6/14/2023,260.17,261.57,250.5,256.79,"170,575,536"
6/13/2023,253.51,259.68,251.34,258.71,"162,384,343"
6/12/2023,247.94,250.97,244.59,249.83,"150,740,523"
6/9/2023,249.07,252.42,242.02,244.4,"200,242,371"
6/8/2023,224.22,235.23,223.01,234.86,"164,489,739"
6/7/2023,228,230.83,223.2,224.57,"185,710,777"
6/6/2023,216.14,221.91,212.53,221.31,"146,911,576"
6/5/2023,217.8,221.29,214.52,217.61,"151,143,052"
6/2/2023,210.15,217.25,209.75,213.97,"164,398,372"
6/1/2023,202.59,209.8,199.37,207.52,"148,029,931"
5/31/2023,199.78,203.95,195.12,203.93,"150,711,736"
5/30/2023,200.1,204.48,197.53,201.16,"128,818,746"
5/26/2023,184.62,198.6,184.53,193.17,"162,061,496"
5/25/2023,186.54,186.78,180.58,184.47,"96,870,719"
5/24/2023,182.23,184.22,178.22,182.9,"137,605,054"
5/23/2023,186.2,192.96,185.26,185.77,"156,952,130"
5/22/2023,180.7,189.32,180.11,188.87,"132,001,430"
5/19/2023,177.17,181.95,176.31,180.14,"136,196,668"
5/18/2023,174.22,177.06,172.45,176.89,"109,520,332"
5/17/2023,168.41,174.5,167.19,173.86,"125,473,558"
5/16/2023,165.65,169.52,164.35,166.52,"98,288,792"
5/15/2023,167.66,169.76,164.55,166.35,"105,592,510"
5/12/2023,176.07,177.38,167.23,167.98,"157,849,625"
5/11/2023,168.7,173.57,166.79,172.08,"103,889,930"
5/10/2023,172.55,174.43,166.68,168.54,"119,840,693"
5/9/2023,168.95,169.82,166.56,169.15,"88,965,043"
5/8/2023,173.72,173.8,169.19,171.79,"112,249,449"
5/5/2023,163.97,170.79,163.51,170.06,"107,607,259"
5/4/2023,162.71,162.95,159.65,161.2,"95,108,492"
5/3/2023,160.01,165,159.91,160.61,"119,727,972"
5/2/2023,161.88,165.49,158.93,160.31,"128,259,744"
5/1/2023,163.17,163.28,158.83,161.83,"109,015,048"
4/28/2023,160.9,165,157.32,164.31,"122,515,812"
4/27/2023,152.64,160.48,152.37,160.19,"127,015,177"
4/26/2023,160.29,160.67,153.14,153.75,"153,364,142"
4/25/2023,159.82,163.47,158.75,160.67,"121,999,312"
4/24/2023,164.65,165.65,158.61,162.55,"140,006,559"
4/21/2023,164.8,166,161.32,165.08,"123,538,954"
4/20/2023,166.17,169.7,160.56,162.99,"210,970,819"
4/19/2023,179.1,183.5,177.65,180.59,"125,732,687"
4/18/2023,187.15,187.69,183.58,184.31,"92,067,016"
4/17/2023,186.32,189.69,182.69,187.04,"116,662,189"
4/14/2023,183.95,186.28,182.01,185,"96,438,664"
4/13/2023,182.96,186.5,180.94,185.9,"112,932,985"
4/12/2023,190.74,191.58,180.31,180.54,"150,256,278"
4/11/2023,186.69,189.19,185.65,186.79,"115,770,892"
4/10/2023,179.94,185.1,176.11,184.51,"142,154,637"
4/6/2023,183.08,186.39,179.74,185.06,"123,857,932"
4/5/2023,190.52,190.68,183.76,185.52,"133,882,493"
4/4/2023,197.32,198.74,190.32,192.58,"126,463,845"
4/3/2023,199.91,202.69,192.2,194.77,"169,545,900"
3/31/2023,197.53,207.79,197.2,207.46,"170,222,118"
3/30/2023,195.58,197.33,194.42,195.28,"110,252,238"
3/29/2023,193.13,195.29,189.44,193.88,"123,660,026"
3/28/2023,192,192.35,185.43,189.19,"98,654,635"
3/27/2023,194.42,197.39,189.94,191.81,"120,851,587"
3/24/2023,191.65,192.36,187.15,190.41,"116,531,584"
3/23/2023,195.26,199.31,188.65,192.22,"144,193,876"
3/22/2023,199.3,200.66,190.95,191.15,"150,376,373"
3/21/2023,188.28,198,188.04,197.58,"153,391,444"
3/20/2023,178.08,186.44,176.35,183.25,"129,684,359"
3/17/2023,184.52,186.22,177.33,180.13,"133,197,140"
3/16/2023,180.37,185.81,178.84,184.13,"121,374,453"
3/15/2023,180.8,182.34,176.03,180.45,"145,995,583"
3/14/2023,177.31,183.8,177.14,183.26,"143,717,897"
3/13/2023,167.46,177.35,163.91,174.48,"167,790,256"
3/10/2023,175.13,178.29,168.44,173.44,"191,488,872"
3/9/2023,180.25,185.18,172.51,172.92,"170,023,794"
3/8/2023,185.04,186.5,180,182,"151,897,763"
3/7/2023,191.38,194.2,186.1,187.71,"148,125,790"
3/6/2023,198.54,198.6,192.3,193.81,"128,100,106"
3/3/2023,194.8,200.48,192.88,197.79,"154,193,277"
3/2/2023,186.74,193.75,186.01,190.9,"181,979,154"
3/1/2023,206.21,207.2,198.52,202.77,"156,852,790"
2/28/2023,210.59,211.23,203.75,205.71,"153,144,912"
2/27/2023,202.03,209.42,201.26,207.63,"161,028,315"
2/24/2023,196.33,197.67,192.8,196.88,"142,228,105"
2/23/2023,203.91,205.14,196.33,202.07,"146,359,950"
2/22/2023,197.93,201.99,191.78,200.86,"191,828,457"
2/21/2023,204.99,209.71,197.22,197.37,"180,018,588"
2/17/2023,199.99,208.44,197.5,208.31,"213,738,549"
2/16/2023,210.78,217.65,201.84,202.04,"229,586,538"
2/15/2023,211.76,214.66,206.11,214.24,"182,108,581"
2/14/2023,191.94,209.82,189.44,209.25,"216,455,708"
2/13/2023,194.42,196.3,187.61,194.64,"172,475,452"
2/10/2023,202.23,206.2,192.89,196.89,"204,754,129"
2/9/2023,207.78,214,204.77,207.32,"215,431,442"
2/8/2023,196.1,203,194.31,201.29,"180,673,644"
2/7/2023,196.43,197.5,189.55,196.81,"186,010,325"
2/6/2023,193.01,198.17,189.92,194.76,"186,188,131"
2/3/2023,183.95,199,183.69,189.98,"232,662,023"
2/2/2023,187.33,196.75,182.61,188.27,"217,448,287"
2/1/2023,173.89,183.81,169.93,181.41,"213,806,323"
1/31/2023,164.57,174.3,162.78,173.22,"196,813,541"
1/30/2023,178.05,179.77,166.5,166.66,"230,878,807"
1/27/2023,162.43,180.68,161.17,177.9,"306,590,613"
1/26/2023,159.97,161.42,154.76,160.27,"234,815,090"
1/25/2023,141.91,146.41,138.07,144.43,"192,734,347"
1/24/2023,143,146.5,141.1,143.89,"158,699,056"
1/23/2023,135.87,145.38,134.27,143.75,"203,119,211"
1/20/2023,128.68,133.51,127.35,133.42,"138,858,136"
1/19/2023,127.26,129.99,124.31,127.17,"170,291,880"
1/18/2023,136.56,136.68,127.01,128.78,"195,680,318"
1/17/2023,125.7,131.7,125.02,131.49,"186,476,985"
1/13/2023,116.55,122.63,115.6,122.4,"180,714,119"
1/12/2023,122.56,124.13,117,123.56,"169,400,913"
1/11/2023,122.09,125.95,120.51,123.22,"183,810,771"
1/10/2023,121.07,122.76,114.92,118.85,"167,642,485"
1/9/2023,118.96,123.52,117.11,119.77,"190,283,951"
1/6/2023,103,114.39,101.81,113.06,"220,911,051"
1/5/2023,110.51,111.75,107.16,110.34,"157,986,324"
1/4/2023,109.11,114.59,107.52,113.64,"180,388,976"
1/3/2023,118.47,118.8,104.64,108.1,"231,402,818"
12/30/2022,119.95,124.48,119.75,123.18,"157,777,339"
12/29/2022,120.39,123.57,117.5,121.82,"221,923,313"
12/28/2022,110.35,116.27,108.24,112.71,"221,070,537"
12/27/2022,117.5,119.67,108.76,109.1,"208,643,444"
12/23/2022,126.37,128.62,121.02,123.15,"166,989,688"
12/22/2022,136,136.63,122.26,125.35,"210,090,250"
12/21/2022,139.34,141.26,135.89,137.57,"145,417,412"
12/20/2022,146.05,148.47,137.66,137.8,"159,563,267"
12/19/2022,154,155.25,145.82,149.87,"139,390,634"
12/16/2022,159.64,160.99,150.04,150.23,"139,032,175"
12/15/2022,153.44,160.93,153.28,157.67,"122,334,459"
12/14/2022,159.25,161.62,155.31,156.8,"140,682,338"
12/13/2022,174.87,175.05,156.91,160.95,"175,862,722"
12/12/2022,176.1,177.37,167.52,167.82,"109,794,471"
12/9/2022,173.84,182.5,173.36,179.05,"104,872,336"
12/8/2022,172.2,175.2,169.06,173.44,"97,624,491"
12/7/2022,175.03,179.38,172.22,174.04,"84,213,284"
12/6/2022,181.22,183.65,175.33,179.82,"92,150,823"
12/5/2022,189.44,191.27,180.55,182.45,"93,122,667"
12/2/2022,191.78,196.25,191.11,194.86,"73,645,922"
12/1/2022,197.08,198.92,191.8,194.7,"80,046,213"
11/30/2022,182.43,194.76,180.63,194.7,"109,186,404"
11/29/2022,184.99,186.38,178.75,180.83,"83,357,111"
11/28/2022,179.96,188.5,179,182.92,"93,038,148"
11/25/2022,185.06,185.2,180.63,182.86,"50,672,739"
11/23/2022,173.57,183.62,172.5,183.2,"109,536,709"
11/22/2022,168.63,170.92,166.19,169.91,"78,452,327"
11/21/2022,175.85,176.77,167.54,167.87,"92,882,712"
11/18/2022,185.05,185.19,176.55,180.19,"76,048,866"
11/17/2022,183.96,186.16,180.9,183.17,"64,335,970"
11/16/2022,191.51,192.57,185.66,186.92,"66,567,599"
11/15/2022,195.88,200.82,192.06,194.42,"91,293,785"
11/14/2022,192.77,195.73,186.34,190.95,"92,226,649"
11/11/2022,186,196.52,182.59,195.97,"114,403,575"
11/10/2022,189.9,191,180.03,190.72,"132,703,015"
11/9/2022,190.78,195.89,177.12,177.59,"127,062,659"
11/8/2022,194.02,195.2,186.75,191.3,"128,803,404"
11/7/2022,208.65,208.9,196.66,197.08,"93,916,520"
11/4/2022,222.6,223.8,203.08,207.47,"98,622,212"
11/3/2022,211.36,221.2,210.14,215.31,"56,538,848"
11/2/2022,226.04,227.87,214.82,214.98,"63,070,293"
11/1/2022,234.05,237.4,227.28,227.82,"62,688,822"
10/31/2022,226.19,229.85,221.94,227.54,"61,554,341"
10/28/2022,225.4,228.86,216.35,228.52,"69,152,386"
10/27/2022,229.77,233.81,222.85,225.09,"61,638,824"
10/26/2022,219.4,230.6,218.2,224.64,"85,327,078"
10/25/2022,210.1,224.35,210,222.42,"96,507,870"
10/24/2022,205.82,213.5,198.59,211.25,"100,446,765"
10/21/2022,206.42,214.66,203.8,214.44,"75,713,754"
10/20/2022,208.28,215.55,202,207.28,"117,798,062"
10/19/2022,219.8,222.93,217.78,222.04,"66,571,479"
10/18/2022,229.5,229.82,217.25,220.19,"75,891,905"
10/17/2022,210.04,221.86,209.45,219.35,"79,428,810"
10/14/2022,224.01,226.26,204.16,204.99,"94,124,511"
10/13/2022,208.3,222.99,206.22,221.72,"91,483,045"
10/12/2022,215.33,219.3,211.51,217.24,"66,860,699"
10/11/2022,220.95,225.75,215,216.5,"77,013,202"
10/10/2022,223.93,226.99,218.36,222.96,"67,925,018"
10/7/2022,233.94,234.57,222.02,223.07,"83,916,800"
10/6/2022,239.44,244.58,235.35,238.13,"69,298,437"
10/5/2022,245.01,246.67,233.27,240.81,"86,982,673"
10/4/2022,250.52,257.5,242.01,249.44,"109,578,535"
10/3/2022,254.5,255.16,241.01,242.4,"98,363,541"
9/30/2022,266.15,275.57,262.47,265.25,"67,726,598"
9/29/2022,282.76,283.65,265.78,268.21,"77,620,642"
9/28/2022,283.08,289,277.57,287.81,"54,664,809"
9/27/2022,283.84,288.67,277.51,282.94,"61,925,185"
9/26/2022,271.83,284.09,270.31,276.01,"58,076,913"
9/23/2022,283.09,284.5,272.82,275.33,"63,748,362"
9/22/2022,299.86,301.29,285.82,288.59,"70,545,413"
9/21/2022,308.29,313.8,300.63,300.8,"62,555,656"
9/20/2022,306.91,313.33,305.58,308.73,"61,642,783"
9/19/2022,300.09,309.84,297.8,309.07,"60,231,156"
9/16/2022,299.61,303.71,295.6,303.35,"87,087,786"
9/15/2022,301.83,309.12,300.72,303.75,"64,795,523"
9/14/2022,292.24,306,291.64,302.61,"72,628,653"
9/13/2022,292.9,297.4,290.4,292.13,"68,229,619"
9/12/2022,300.72,305.49,300.4,304.42,"48,674,604"
9/9/2022,291.67,299.85,291.25,299.68,"54,470,854"
9/8/2022,281.3,289.5,279.76,289.26,"53,713,124"
9/7/2022,273.1,283.84,272.27,283.7,"50,028,916"
9/6/2022,272.68,275.99,265.74,274.42,"55,859,984"
9/2/2022,281.07,282.35,269.08,270.21,"50,890,090"
9/1/2022,272.58,277.58,266.15,277.16,"54,287,024"
8/31/2022,280.62,281.25,271.81,275.61,"52,107,337"
8/30/2022,287.87,288.48,272.65,277.7,"50,541,759"
8/29/2022,282.83,287.74,280.7,284.82,"41,864,742"
8/26/2022,297.43,302,287.47,288.09,"57,163,947"
8/25/2022,302.36,302.96,291.6,296.07,"53,230,013"
8/24/2022,297.56,303.65,296.5,297.1,"57,259,773.26"
8/23/2022,291.45,298.83,287.92,296.45,"63,985,107.99"
8/22/2022,291.91,292.4,286.3,289.91,"55,843,402.84"
8/19/2022,299,300.36,292.5,296.67,"61,395,448.40"
8/18/2022,306,306.5,301.85,302.87,"47,500,583.50"
8/17/2022,303.4,309.66,300.03,304,"68,766,038.77"
8/16/2022,311.67,314.67,302.88,306.56,"88,136,410.14"
8/15/2022,301.79,313.13,301.23,309.32,"89,359,256.36"
8/12/2022,289.41,300.16,285.03,300.03,"79,657,366.66"
8/11/2022,296.51,298.24,285.83,286.63,"70,155,115.16"
8/10/2022,297.07,297.51,283.37,294.36,"94,918,966.92"
8/9/2022,290.29,292.4,279.35,283.33,"86,244,767.24"
8/8/2022,295,305.2,289.09,290.42,"99,365,373.37"
8/5/2022,302.67,304.61,285.54,288.17,"113,173,010.17"
8/4/2022,311,313.61,305,308.63,"72,256,389.26"
8/3/2022,305,309.55,301.15,307.4,"80,091,185.09"
8/2/2022,294,307.83,292.67,300.59,"95,577,563.58"
8/1/2022,301.27,311.88,295,297.28,"117,043,005.04"
7/29/2022,280.7,298.32,279.1,297.15,"95,312,978.31"
7/28/2022,280.07,283.3,272.8,280.9,"84,723,075.72"
7/27/2022,263.81,275.93,261.79,274.82,"88,110,076.11"
7/26/2022,266.51,267.31,256.26,258.86,"66,820,824.82"
7/25/2022,272.22,274.15,267.4,268.43,"64,073,569.07"
7/22/2022,276.22,280.79,270.71,272.24,"103,472,950.47"
7/21/2022,255.11,273.27,254.87,271.71,"142,032,319.03"
7/20/2022,246.78,250.66,243.48,247.5,"88,864,177.86"
7/19/2022,245,247.14,236.98,245.53,"80,890,190.89"
7/18/2022,244.94,250.52,239.6,240.55,"82,537,510.54"
7/15/2022,240,243.62,236.89,240.07,"69,683,088.68"
7/14/2022,234.9,238.65,229.33,238.31,"78,557,577.56"
7/13/2022,225.5,242.06,225.03,237.04,"97,954,594.95"
7/12/2022,236.85,239.77,228.37,233.07,"87,931,047.93"
7/11/2022,252.1,253.06,233.63,234.34,"99,509,319.51"
7/8/2022,242.33,254.98,241.16,250.76,"101,854,187.85"
7/7/2022,233.92,245.36,232.21,244.54,"81,930,771.93"
7/6/2022,230.78,234.56,227.19,231.73,"71,853,701.85"
7/5/2022,223,233.15,216.17,233.07,"84,779,196.78"
7/1/2022,227,230.23,222.12,227.26,"74,460,518.46"
6/30/2022,224.51,229.46,218.86,224.47,"94,600,546.60"
6/29/2022,230.5,231.17,222.27,228.49,"82,897,336.90"
6/28/2022,244.48,249.97,232.34,232.66,"90,666,591.67"
6/27/2022,249.37,252.07,242.57,244.92,"89,178,401.18"
6/24/2022,237.47,246.07,236.09,245.71,"95,770,790.77"
6/23/2022,237.9,239.32,228.64,235.07,"104,202,782.20"
6/22/2022,234.5,246.83,233.83,236.09,"101,527,361.53"
6/21/2022,224.6,243.58,224.33,237.04,"122,793,077.79"
6/17/2022,213.43,220.97,213.2,216.76,"92,641,862.64"
6/16/2022,222.74,225.17,208.69,213.1,"107,390,807.39"
6/15/2022,220.92,235.66,218.15,233,"119,132,054.13"
6/14/2022,218.29,226.33,211.74,220.89,"97,988,893.99"
6/13/2022,223.17,226.63,214.68,215.74,"102,767,364.77"
6/10/2022,235.16,239.5,227.91,232.23,"98,090,996.09"
6/9/2022,249.34,255.55,239.33,239.71,"96,491,403.49"
6/8/2022,240.09,249.96,239.18,241.87,"76,210,696.21"
6/7/2022,234,240,230.09,238.89,"72,808,674.81"
6/6/2022,244.35,244.87,234.35,238.28,"84,204,606.20"
6/3/2022,243.22,247.8,233.42,234.52,"112,393,849.39"
6/2/2022,244.16,264.21,242.07,258.33,"93,473,211.47"
6/1/2022,251.72,257.33,243.64,246.79,"77,248,040.25"
5/31/2022,257.95,259.6,244.74,252.75,"101,914,472.91"
5/27/2022,241.08,253.27,240.18,253.21,"89,295,071.30"
5/26/2022,220.47,239.56,217.89,235.91,"106,003,450.00"
5/25/2022,207.95,223.11,207.67,219.6,"92,139,416.14"
5/24/2022,217.84,217.97,206.86,209.39,"89,092,604.09"
5/23/2022,218.34,226.65,212.69,224.97,"88,903,726.90"
5/20/2022,238,240.53,211,221.3,"144,973,449.97"
5/19/2022,235.67,244.67,231.37,236.47,"90,296,763.30"
5/18/2022,248.17,253.5,233.6,236.6,"87,811,899.81"
5/17/2022,249.12,254.83,242.95,253.87,"80,236,190.24"
5/16/2022,255.72,256.59,239.7,241.46,"86,098,625.10"
5/13/2022,257.83,262.45,250.52,256.53,"92,150,816.15"
5/12/2022,233.67,253.22,226.67,242.67,"140,313,002.31"
5/11/2022,265,269.92,242.4,244.67,"97,224,556.22"
5/10/2022,273.1,275.12,258.08,266.68,"84,401,715.40"
5/9/2022,278.82,281.88,260.38,262.37,"90,810,312.81"
5/6/2022,295.67,296,281.03,288.55,"72,903,183.90"
5/5/2022,313.07,315.2,285.9,291.09,"92,519,285.52"
5/4/2022,301.31,318.5,295.09,317.54,"81,643,785.64"
5/3/2022,301.06,308.03,296.2,303.08,"63,709,638.71"
5/2/2022,286.92,302.12,282.68,300.98,"75,781,446.78"
4/29/2022,300.75,311.47,290,290.25,"88,133,083.13"
4/28/2022,299.99,300,273.9,292.5,"124,948,651.95"
4/27/2022,299.53,306,292.45,293.84,"76,956,472.96"
4/26/2022,331.81,333.33,291.67,292.14,"136,133,803.13"
4/25/2022,326.32,336.21,325.1,332.67,"68,341,403.34"
4/22/2022,338.3,344.95,331.33,335.02,"69,696,627.70"
4/21/2022,358.24,364.07,332.14,336.26,"105,416,442.42"
4/20/2022,343.33,344.67,325.08,325.73,"70,711,396.71"
4/19/2022,335.02,344.98,331.77,342.72,"49,847,881.85"
4/18/2022,329.68,338.31,324.47,334.76,"51,715,272.72"
4/14/2022,333.1,337.57,327.4,328.33,"58,422,463.42"
4/13/2022,327.02,342.08,324.37,340.79,"55,121,266.12"
4/12/2022,332.55,340.4,325.53,328.98,"65,976,161.98"
4/11/2022,326.8,336.16,324.88,325.31,"59,357,264.36"
4/8/2022,347.74,349.48,340.81,341.83,"55,013,743.01"
4/7/2022,350.8,358.86,340.51,352.42,"79,447,138.45"
4/6/2022,357.82,359.67,342.57,348.59,"89,348,624.35"
4/5/2022,378.77,384.29,362.43,363.75,"80,075,099.08"
4/4/2022,363.13,383.3,357.51,381.82,"82,177,783.18"
4/1/2022,360.38,364.92,355.55,361.53,"54,263,277.26"
3/31/2022,364.86,367.71,358.88,359.2,"48,992,805.99"
3/30/2022,363.72,371.32,361.33,364.66,"59,865,065.87"
3/29/2022,369.33,371.59,357.7,366.52,"73,614,892.61"
3/28/2022,355.03,365.96,351.2,363.95,"102,506,181.51"
3/25/2022,336,340.6,332.44,336.88,"62,031,608.03"
3/24/2022,336.58,341.5,329.6,337.97,"68,920,946.92"
3/23/2022,326.65,346.9,325.47,333.04,"120,676,269.68"
3/22/2022,310,332.62,307.25,331.33,"105,868,662.87"
3/21/2022,304.99,314.28,302.36,307.05,"81,981,729.98"
3/18/2022,291.5,302.62,289.13,301.8,"100,414,291.41"
3/17/2022,277,291.67,275.24,290.53,"66,583,038.58"
3/16/2022,269.67,280.67,267.42,280.08,"84,028,905.03"
3/15/2022,258.42,268.52,252.19,267.3,"66,841,209.84"
3/14/2022,260.2,266.9,252.01,255.46,"71,152,334.15"
3/11/2022,280.07,281.27,264.59,265.12,"67,037,233.04"
3/10/2022,283.82,284.82,270.12,279.43,"58,648,702.65"
3/9/2022,279.83,286.85,277.34,286.32,"59,184,038.18"
3/8/2022,265.18,283.33,260.72,274.8,"80,399,186.40"
3/7/2022,285.43,288.71,268.19,268.19,"72,494,244.49"
3/4/2022,283.03,285.22,275.05,279.43,"67,179,928.18"
3/3/2022,292.92,295.48,277.53,279.76,"61,623,568.62"
3/2/2022,290.71,295.49,281.42,293.3,"74,643,512.64"
3/1/2022,289.89,296.63,284.59,288.12,"74,766,935.77"
2/28/2022,271.67,292.29,271.57,290.14,"99,006,966.01"
2/25/2022,269.74,273.17,260.8,269.96,"76,067,839.07"
2/24/2022,233.46,267.49,233.33,266.92,"135,322,410.32"
2/23/2022,276.81,278.43,253.52,254.68,"95,257,103.26"
2/22/2022,278.04,285.58,267.03,273.84,"83,288,285.29"
2/18/2022,295.33,295.62,279.2,285.66,"68,501,909.50"
2/17/2022,304.42,306.17,291.37,292.12,"55,178,473.18"
2/16/2022,304.68,308.81,300.4,307.8,"51,294,447.29"
2/15/2022,300,307.67,297.79,307.48,"57,649,599.65"
2/14/2022,287.19,299.63,284.38,291.92,"67,756,483.76"
2/11/2022,303.21,305.32,283.57,286.67,"79,645,948.65"
2/10/2022,302.79,314.6,298.9,301.52,"66,126,897.13"
2/9/2022,311.67,315.42,306.67,310.67,"52,259,596.26"
2/8/2022,301.84,308.76,298.27,307.33,"50,729,063.73"
2/7/2022,307.93,315.92,300.9,302.45,"60,994,524.99"
2/4/2022,299.07,312.17,293.72,307.77,"73,625,539.63"
2/3/2022,294,312.33,293.51,297.05,"78,855,636.86"
2/2/2022,309.39,310.5,296.47,301.89,"66,793,101.79"
2/1/2022,311.74,314.57,301.67,310.42,"73,138,411.14"
1/31/2022,290.9,312.66,287.35,312.24,"104,436,200.44"
1/28/2022,277.19,285.83,264,282.12,"134,789,084.79"
1/27/2022,311.12,311.8,276.33,276.37,"147,109,716.11"
1/26/2022,317.48,329.23,302,312.47,"104,867,387.87"
1/25/2022,304.73,317.09,301.07,306.13,"86,595,992.60"
1/24/2022,301.59,311.17,283.82,310,"152,375,294.38"
1/21/2022,332.11,334.85,313.5,314.63,"103,416,130.42"
1/20/2022,336.58,347.22,331.33,332.09,"70,488,814.49"
1/19/2022,347.23,351.56,331.67,331.88,"75,442,563.44"
1/18/2022,342.2,356.93,338.69,343.5,"66,989,475.99"
1/14/2022,339.96,350.67,337.79,349.87,"72,924,483.92"
1/13/2022,369.69,371.87,342.18,343.85,"97,209,889.21"
1/12/2022,359.62,371.61,357.53,368.74,"83,739,098.74"
1/11/2022,351.22,358.62,346.27,354.8,"66,063,276.06"
1/10/2022,333.33,353.03,326.67,352.71,"91,814,968.81"
1/7/2022,360.12,360.31,336.67,342.32,"84,164,832.16"
1/6/2022,359,362.67,340.17,354.9,"90,336,564.34"
1/5/2022,382.22,390.11,360.34,362.71,"80,119,877.12"
1/4/2022,396.52,402.67,374.35,383.2,"100,248,358.25"
1/3/2022,382.58,400.36,378.68,399.93,"104,686,151.69"
12/31/2021,357.81,360.67,351.53,352.26,"40,733,665.73"
12/30/2021,353.78,365.18,351.05,356.78,"47,040,986.04"
12/29/2021,366.21,368,354.71,362.06,"56,154,101.15"
12/28/2021,369.83,373,359.47,362.82,"60,323,967.32"
12/27/2021,357.89,372.33,356.9,364.65,"71,145,890.15"
12/23/2021,335.6,357.66,332.52,355.67,"92,713,379.71"
12/22/2021,321.89,338.55,319.02,336.29,"93,634,179.63"
12/21/2021,305.62,313.17,295.37,312.84,"71,517,986.52"
12/20/2021,303.57,307.23,297.8,299.98,"56,480,069.48"
12/17/2021,304.92,320.22,303.01,310.86,"100,880,362.88"
12/16/2021,331.5,331.66,307.28,308.97,"82,771,531.77"
12/15/2021,317.74,326.25,309.42,325.33,"75,169,305.17"
12/14/2021,315,322.14,310,319.5,"70,806,340.81"
12/13/2021,333.7,335,317.14,322.14,"78,595,584.60"
12/10/2021,336.25,340.33,327.51,339.01,"59,664,425.66"
12/9/2021,353.55,354.16,334.12,334.6,"59,438,555.44"
12/8/2021,350.9,357.46,344.33,356.32,"41,906,411.91"
12/7/2021,348.07,352.56,342.27,350.58,"56,084,627.08"
12/6/2021,333.84,340.55,316.83,336.34,"81,663,192.66"
12/3/2021,361.6,363.52,333.4,338.32,"92,322,077.32"
12/2/2021,366.35,371,352.22,361.53,"73,114,942.11"
12/1/2021,386.9,390.95,363.59,365,"68,804,162.80"
11/30/2021,381.46,389.33,372.67,381.59,"81,276,195.28"
11/29/2021,367,380.89,366.73,379,"58,393,459.39"
11/26/2021,366.49,369.59,360.33,360.64,"35,042,705.04"
11/24/2021,360.13,377.59,354,372,"67,680,781.68"
11/23/2021,389.17,393.5,354.23,369.68,"108,515,208.52"
11/22/2021,387.44,400.65,377.48,385.62,"99,217,626.22"
11/19/2021,366.29,379.57,364.23,379.02,"64,926,838.93"
11/18/2021,368.85,370.67,358.34,365.46,"62,696,852.70"
11/17/2021,354.5,373.21,351.83,363,"94,336,189.34"
11/16/2021,334.44,352.4,334.06,351.58,"79,627,156.63"
11/15/2021,339.21,343.99,326.2,337.8,"104,327,051.33"
11/12/2021,349.17,351.5,339.73,344.47,"76,719,520.72"
11/11/2021,367.59,368.32,351.56,354.5,"67,189,771.19"
11/10/2021,336.8,359.37,329.1,355.98,"128,408,294.41"
11/9/2021,391.2,391.5,337.17,341.17,"177,317,685.32"
11/8/2021,383.26,399,377.67,387.65,"100,337,245.34"
11/5/2021,409.33,413.29,402.67,407.36,"64,886,500.89"
11/4/2021,411.47,414.5,405.67,409.97,"76,192,306.19"
11/3/2021,392.44,405.13,384.21,404.62,"103,885,660.89"
11/2/2021,386.45,402.86,382,390.67,"128,213,519.21"
11/1/2021,381.67,403.25,372.89,402.86,"168,146,316.15"
10/29/2021,360.62,371.74,357.73,371.33,"89,755,340.76"
10/28/2021,356.1,360.33,351.4,359.01,"81,639,600.64"
10/27/2021,346.55,356.96,343.59,345.95,"115,579,492.58"
10/26/2021,341.56,364.98,333.81,339.48,"187,245,091.25"
10/25/2021,316.84,348.34,314.73,341.62,"188,556,485.56"
10/22/2021,298.5,303.33,296.99,303.23,"68,642,573.64"
10/21/2021,285.33,300,285.17,298,"94,444,456.44"
10/20/2021,288.45,289.83,285.79,288.6,"42,096,198.10"
10/19/2021,292.51,292.65,287.5,288.09,"52,143,436.14"
10/18/2021,283.93,291.75,283.82,290.04,"72,621,804.62"
10/15/2021,274.58,281.07,274.12,281.01,"56,773,757.77"
10/14/2021,271.83,273.42,271.12,272.77,"36,741,546.74"
10/13/2021,270.16,271.8,268.59,270.36,"42,360,267.36"
10/12/2021,266.98,270.77,265.52,268.57,"66,060,186.06"
10/11/2021,262.55,267.08,261.83,263.98,"42,601,008.60"
10/8/2021,265.4,265.46,260.3,261.83,"50,215,862.22"
10/7/2021,261.82,268.33,261.13,264.54,"57,587,403.59"
10/6/2021,258.73,262.22,257.74,260.92,"43,898,347.90"
10/5/2021,261.6,265.77,258.07,260.2,"55,297,930.30"
10/4/2021,265.5,268.99,258.71,260.51,"91,450,114.45"
10/1/2021,259.47,260.26,254.53,258.41,"51,094,293.09"
9/30/2021,260.33,263.04,258.33,258.49,"53,867,936.87"
9/29/2021,259.93,264.5,256.89,260.44,"62,828,693.83"
9/28/2021,262.4,265.21,255.39,259.19,"76,144,342.14"
9/27/2021,257.71,266.33,256.44,263.79,"84,212,055.21"
9/24/2021,248.63,258.27,248.19,258.13,"64,119,130.12"
9/23/2021,251.67,252.73,249.31,251.21,"35,842,616.84"
9/22/2021,247.84,251.22,246.37,250.65,"45,378,861.38"
9/21/2021,244.93,248.25,243.48,246.46,"48,992,217.99"
9/20/2021,244.85,247.33,239.54,243.39,"74,273,030.27"
9/17/2021,252.38,253.68,250,253.16,"84,612,612.61"
9/16/2021,250.94,252.97,249.2,252.33,"41,770,220.77"
9/15/2021,248.33,252.29,246.12,251.94,"46,073,101.07"
9/14/2021,247.52,251.49,245.47,248.16,"55,574,698.57"
9/13/2021,246.74,248.26,236.28,247.67,"68,857,514.86"
9/10/2021,253.2,254.2,244.84,245.42,"45,552,555.55"
9/9/2021,251.14,254.03,250.54,251.62,"42,233,235.23"
9/8/2021,253.86,254.82,246.92,251.29,"56,379,164.38"
9/7/2021,246.67,253.4,246.42,250.97,"60,119,535.12"
9/3/2021,244.08,244.67,241.4,244.52,"45,813,180.81"
9/2/2021,244.83,246.99,243.51,244.13,"38,390,255.39"
9/1/2021,244.69,247.33,243.76,244.7,"39,613,044.61"
8/31/2021,244.33,246.8,242.15,245.24,"62,566,370.57"
8/30/2021,238.24,243.67,237.58,243.64,"55,812,715.81"
8/27/2021,235,238.33,234.03,237.31,"41,501,330.50"
8/26/2021,236.1,238.47,232.54,233.72,"39,642,915.64"
8/25/2021,235.68,238.99,234.67,237.07,"37,936,723.94"
8/24/2021,236.89,238.41,234.21,236.16,"39,249,252.25"
8/23/2021,228.48,237.38,226.92,235.43,"60,794,637.79"
8/20/2021,227.62,230.71,224.57,226.75,"44,525,639.53"
8/19/2021,226.07,228.85,222.53,224.49,"42,940,500.94"
8/18/2021,223.25,231.92,223.12,229.66,"61,048,186.05"
8/17/2021,224.22,224.86,216.28,221.9,"71,163,908.16"
8/16/2021,235.02,236.5,225.47,228.72,"69,309,978.31"
8/13/2021,241.24,243.3,238.11,239.06,"50,194,451.19"
8/12/2021,235.45,240.93,233.13,240.75,"53,045,111.05"
8/11/2021,237.57,238.39,234.74,235.94,"29,401,703.40"
8/10/2021,238,238.86,233.96,236.66,"40,296,955.30"
8/9/2021,236.72,239.68,235.04,237.92,"44,146,091.15"
8/6/2021,237.3,238.78,232.54,233.03,"46,869,193.87"
8/5/2021,238.67,240.32,237.14,238.21,"38,758,949.76"
8/4/2021,237,241.63,236.31,236.97,"51,007,992.01"
8/3/2021,239.67,240.88,233.67,236.58,"64,860,823.86"
8/2/2021,233.33,242.31,232.8,236.56,"100,847,395.85"
7/30/2021,223.92,232.51,223,229.07,"88,969,321.97"
7/29/2021,216.6,227.9,216.27,225.78,"91,184,002.18"
7/28/2021,215.66,218.32,213.13,215.66,"48,019,836.02"
7/27/2021,221.13,222.17,209.08,214.93,"98,439,968.44"
7/26/2021,216.99,222.73,215.7,219.21,"76,009,744.01"
7/23/2021,215.45,216.27,212.43,214.46,"43,814,875.81"
7/22/2021,218.81,220.72,214.87,216.42,"45,317,226.32"
7/21/2021,219.87,221.62,216.76,218.43,"41,860,055.86"
7/20/2021,217.33,220.8,213.5,220.17,"46,461,427.46"
7/19/2021,209.96,215.73,207.1,215.41,"63,891,333.89"
7/16/2021,218.23,218.9,214.07,214.74,"49,112,959.11"
7/15/2021,219.46,222.05,212.63,216.87,"60,628,773.63"
7/14/2021,223.58,226.2,217.61,217.79,"64,923,634.92"
7/13/2021,228.77,231.09,222.1,222.85,"62,898,338.90"
7/12/2021,220.73,229.08,220.72,228.57,"77,781,203.78"
7/9/2021,217.73,219.64,214.9,218.98,"54,421,698.42"
7/8/2021,209.46,218.14,206.82,217.6,"68,320,016.32"
7/7/2021,221.42,221.9,212.77,214.88,"56,375,936.38"
7/6/2021,227.24,228,217.13,219.86,"69,853,419.85"
7/2/2021,226.33,233.33,224.42,226.3,"81,292,203.29"
7/1/2021,227.97,229.33,224.27,225.97,"55,903,621.90"
6/30/2021,226.59,230.94,226.05,226.57,"56,774,642.77"
6/29/2021,228.22,229.17,225.3,226.92,"52,143,991.14"
6/28/2021,223.88,231.57,223.44,229.57,"64,884,541.88"
6/25/2021,229.86,231.27,222.9,223.96,"97,490,218.49"
6/24/2021,225,232.54,222.54,226.61,"137,947,295.95"
6/23/2021,210.67,219.07,210.01,218.86,"93,297,777.30"
6/22/2021,206.08,209.52,205.17,207.9,"57,476,733.48"
6/21/2021,208.16,210.46,202.96,206.94,"74,438,297.44"
6/18/2021,204.46,209.45,203.93,207.77,"73,682,788.68"
6/17/2021,200.63,207.16,200.45,205.53,"68,104,118.10"
6/16/2021,199.18,202.83,197.83,201.62,"66,432,447.43"
6/15/2021,205.56,205.6,199.41,199.79,"53,292,488.29"
6/14/2021,204.08,208.5,203.06,205.9,"61,272,010.27"
6/11/2021,203.41,204.19,200.51,203.3,"48,615,957.62"
6/10/2021,201.29,205.53,200.17,203.37,"71,758,889.76"
6/9/2021,200.72,203.93,199.21,199.59,"49,753,747.75"
6/8/2021,207.67,207.7,198.5,201.2,"78,160,293.16"
6/7/2021,197.27,203.33,194.29,201.71,"67,631,113.63"
6/4/2021,193.24,200.2,192.4,199.68,"72,110,760.11"
6/3/2021,200.6,201.52,190.41,190.95,"90,335,769.34"
6/2/2021,206.71,207.79,199.71,201.71,"69,908,406.91"
6/1/2021,209.27,211.27,206.85,207.97,"54,254,724.25"
5/28/2021,209.5,211.86,207.46,208.41,"68,211,182.21"
5/27/2021,206.75,210.38,205.4,210.28,"79,111,858.11"
5/26/2021,202.52,208.72,200.5,206.38,"85,918,000.92"
5/25/2021,202.44,204.66,198.57,201.56,"84,017,883.02"
5/24/2021,193.87,204.83,191.22,202.15,"103,674,370.67"
5/21/2021,198.7,198.89,193.33,193.63,"78,091,863.09"
5/20/2021,191.67,196.28,190.36,195.59,"92,463,449.46"
5/19/2021,184.18,188.74,182.33,187.82,"118,735,303.74"
5/18/2021,189.33,198.75,187.79,192.62,"110,491,811.49"
5/17/2021,191.85,196.58,187.07,192.28,"97,171,177.17"
5/14/2021,194.47,197.62,190.15,196.58,"100,112,668.11"
5/13/2021,200.51,202.15,186.55,190.56,"132,554,880.55"
5/12/2021,200.83,206.8,195.59,196.63,"101,471,039.47"
5/11/2021,199.75,209.03,198.53,205.73,"139,511,827.51"
5/10/2021,221.63,221.68,209.2,209.68,"94,177,345.18"
5/7/2021,221.93,230,220.07,224.12,"70,407,586.41"
5/6/2021,226.92,227.01,216.67,221.18,"83,353,940.35"
5/5/2021,227.02,228.43,222.45,223.65,"65,705,747.71"
5/4/2021,226.31,227.82,219.23,224.53,"89,218,046.22"
5/3/2021,234.6,235.33,226.83,228.3,"81,129,510.13"
4/30/2021,222.53,238.49,222.05,236.48,"122,276,288.28"
4/29/2021,233.17,234.08,222.83,225.67,"86,536,433.54"
4/28/2021,232.14,236.17,231.2,231.47,"66,813,207.81"
4/27/2021,239.32,241.33,234.45,234.91,"88,311,073.31"
4/26/2021,247,249.77,244.2,246.07,"93,115,599.12"
4/23/2021,239.93,245.79,238.49,243.13,"85,241,752.24"
4/22/2021,247.17,251.26,239.35,239.9,"106,770,871.77"
4/21/2021,234.92,248.28,232.67,248.04,"93,646,635.65"
4/20/2021,239.14,245.75,236.89,239.66,"106,827,220.83"
4/19/2021,239.87,241.8,230.6,238.21,"119,058,797.06"
4/16/2021,242.88,249.8,241.53,246.59,"83,938,661.94"
4/15/2021,247.7,247.9,240.44,246.28,"83,546,783.55"
4/14/2021,256.9,260.26,242.68,244.08,"147,052,449.05"
4/13/2021,237.57,254.33,236.89,254.11,"133,958,557.96"
4/12/2021,228.57,234.93,227.36,233.99,"87,407,097.41"
4/9/2021,225.92,226.99,223.14,225.67,"64,311,325.31"
4/8/2021,225.79,229.85,223.88,227.93,"71,773,058.77"
4/7/2021,229,230.46,222.61,223.66,"78,928,377.93"
4/6/2021,230.1,232.18,227.12,230.54,"84,815,601.82"
4/5/2021,235.9,236.05,228.23,230.35,"125,528,426.53"
4/1/2021,229.46,230.81,219.81,220.58,"105,895,239.90"
3/31/2021,215.54,224,213.7,222.64,"100,011,964.01"
3/30/2021,200.58,212.55,197,211.87,"118,297,195.30"
3/29/2021,205.21,205.49,198.67,203.76,"85,911,040.91"
3/26/2021,213.96,214.61,199.96,206.24,"101,558,582.56"
3/25/2021,204.33,215.17,203.17,213.46,"117,674,667.67"
3/24/2021,222.64,222.67,210.04,210.09,"101,385,623.39"
3/23/2021,225.26,225.93,219.17,220.72,"91,475,701.48"
3/22/2021,228.2,233.21,222.92,223.33,"118,536,781.54"
3/19/2021,215.53,219.08,208.21,218.29,"128,682,062.68"
3/18/2021,228.1,229.74,217.33,217.72,"100,107,166.11"
3/17/2021,218.96,234.58,217,233.94,"121,117,480.12"
3/16/2021,234.45,235.97,223.67,225.63,"96,587,112.59"
3/15/2021,231.36,237.73,228.01,235.98,"88,270,525.27"
3/12/2021,223.33,231.63,222.05,231.24,"100,751,620.75"
3/11/2021,233.13,234.17,225.73,233.2,"108,761,784.76"
3/10/2021,233.43,239.28,218.35,222.69,"181,817,197.82"
3/9/2021,202.73,226.03,198.4,224.53,"202,570,186.57"
3/8/2021,200.18,206.71,186.26,187.67,"155,361,029.36"
3/5/2021,208.69,209.28,179.83,199.32,"268,189,645.19"
3/4/2021,218.6,222.83,200,207.15,"197,758,787.76"
3/3/2021,229.33,233.57,217.23,217.73,"90,623,970.62"
3/2/2021,239.43,240.37,228.33,228.81,"71,196,545.20"
3/1/2021,230.04,239.67,228.35,239.48,"81,408,798.41"
2/26/2021,233.33,235.57,219.84,225.17,"123,267,642.27"
2/25/2021,242.05,245.74,223.53,227.41,"117,071,682.07"
2/24/2021,237.28,248.33,231.39,247.34,"110,300,960.30"
2/23/2021,220.71,237.87,206.33,232.95,"199,820,845.82"
2/22/2021,254.21,256.17,236.73,238.17,"111,809,259.81"
2/19/2021,265,265.6,259.12,260.43,"56,874,821.87"
2/18/2021,260.3,264.9,258.76,262.46,"53,871,227.87"
2/17/2021,259.7,266.61,254,266.05,"78,236,772.24"
2/16/2021,272.67,273.67,264.15,265.41,"59,407,031.41"
2/12/2021,267.09,272.44,261.78,272.04,"71,305,010.31"
2/11/2021,270.81,276.63,267.24,270.55,"64,868,323.87"
2/10/2021,281.21,281.61,266.67,268.27,"108,648,378.65"
2/9/2021,285.04,286.6,280.58,283.15,"45,472,998.47"
2/8/2021,289.89,292.59,284.92,287.81,"60,485,217.49"
2/5/2021,281.67,288.26,279.66,284.08,"55,699,966.70"
2/4/2021,285,285.5,277.81,283.33,"47,438,030.44"
2/3/2021,292.34,292.69,284.35,284.9,"55,030,585.03"
2/2/2021,281.56,293.5,280.73,290.93,"73,038,712.04"
2/1/2021,271.43,280.67,265.19,279.94,"76,174,231.17"
1/29/2021,276.67,280.8,260.03,264.51,"104,972,366.97"
1/28/2021,273.33,282.67,267,278.48,"79,134,223.13"
1/27/2021,290.12,297.17,286.22,288.05,"82,001,947.00"
1/26/2021,297.13,298.63,290.53,294.36,"69,394,878.39"
1/25/2021,285,300.13,279.61,293.6,"123,520,314.52"
1/22/2021,278.1,282.67,276.21,282.21,"60,199,551.20"
1/21/2021,285,285.24,280.47,281.66,"61,794,460.79"
1/20/2021,286.25,286.5,279.09,283.48,"76,997,726.00"
1/19/2021,279.27,283.33,277.67,281.52,"76,101,016.10"
1/15/2021,284,286.63,273.03,275.39,"116,332,904.33"
1/14/2021,281.13,287.67,279.58,281.67,"93,799,074.80"
1/13/2021,284.25,286.82,277.33,284.8,"99,937,587.94"
1/12/2021,277,289.33,275.78,283.15,"138,812,298.81"
1/11/2021,283.13,284.81,267.87,270.4,"178,662,616.66"
1/8/2021,285.33,294.83,279.46,293.34,"225,166,809.17"
1/7/2021,259.21,272.33,258.4,272.01,"154,496,998.50"
1/6/2021,252.83,258,249.7,251.99,"134,100,029.10"
1/5/2021,241.22,246.95,239.73,245.04,"96,735,591.74"
1/4/2021,239.82,248.16,239.06,243.26,"145,914,712.91"
12/31/2020,233.33,239.57,230.37,235.22,"148,949,932.95"
12/30/2020,224,232.2,222.79,231.59,"128,538,191.54"
12/29/2020,220.33,223.3,218.33,222,"68,732,501.73"
12/28/2020,224.84,227.13,220.27,221.23,"96,835,779.84"
