,UBER (NYSE),,,,
Date,Open,High,Low,Close,Volume
12/23/2025,81.01,81.42,80.35,80.97,"10,445,516"
12/22/2025,81.32,82.25,80.9,81.26,"20,570,444"
12/19/2025,79.77,79.99,78.31,79.31,"34,353,345"
12/18/2025,80.36,80.71,79.55,79.69,"18,681,835"
12/17/2025,80.81,81.3,78.78,79.14,"28,007,486"
12/16/2025,81.75,82.05,80.26,80.92,"24,465,079"
12/15/2025,83.46,83.62,81.17,81.86,"32,070,891"
12/12/2025,85.5,86.45,84.52,85.11,"16,211,632"
12/11/2025,84.06,85.75,83.34,85.44,"23,346,312"
12/10/2025,88.64,88.75,82.72,84.16,"51,202,039"
12/9/2025,91.81,92.01,88.91,89.07,"17,117,532"
12/8/2025,90.77,92.78,90.77,92.57,"12,646,872"
12/5/2025,90.72,92.75,90.46,91.32,"11,154,581"
12/4/2025,90.18,91,89.45,90.99,"13,145,303"
12/3/2025,89.85,91.38,88.95,90.68,"21,335,780"
12/2/2025,86.03,88.44,85.63,87.57,"18,930,358"
12/1/2025,86.99,87.61,85.48,86.57,"17,517,249"
11/28/2025,86.51,87.62,86.24,87.54,"9,069,354"
11/26/2025,84.11,86.36,83.65,85.66,"20,448,733"
11/25/2025,83.8,84.27,82.39,83.69,"18,482,245"
11/24/2025,84.15,84.52,83.03,83.69,"24,883,181"
11/21/2025,83.97,84,81.51,83.87,"33,783,117"
11/20/2025,90.2,90.54,82.94,83.36,"41,734,033"
11/19/2025,90.6,91.08,88.89,89.53,"18,256,220"
11/18/2025,92.1,92.92,89.33,90.86,"17,439,409"
11/17/2025,91.31,92.58,90.74,92.11,"16,922,538"
11/14/2025,90.06,92.62,89.62,91.62,"12,475,614"
11/13/2025,93.7,94.06,91.35,91.78,"16,367,483"
11/12/2025,94.11,95.18,92.76,93.57,"16,004,628"
11/11/2025,93.65,94.16,92.97,93.6,"13,276,267"
11/10/2025,92.99,94.31,92.25,94.1,"13,310,157"
11/7/2025,91.61,93.17,90.3,91.99,"16,489,915"
11/6/2025,92,92.77,90.82,92.12,"18,316,239"
11/5/2025,95.01,95.44,92.52,92.75,"20,150,828"
11/4/2025,91.97,95.03,90.08,94.67,"48,787,312"
11/3/2025,97.66,100.35,96.78,99.72,"28,836,486"
10/31/2025,97.46,98.45,96.15,96.5,"15,333,424"
10/30/2025,95.41,97.62,94.56,96.49,"13,556,603"
10/29/2025,96.24,96.89,94.53,95.76,"14,532,902"
10/28/2025,96.77,97.73,95.41,95.43,"17,138,332"
10/27/2025,94.91,96.66,94.53,96.42,"11,748,269"
10/24/2025,95.15,95.26,93.9,94.07,"12,014,562"
10/23/2025,92.5,95.7,92.4,94.61,"17,121,601"
10/22/2025,92.77,93.42,91.42,92.21,"11,351,426"
10/21/2025,93.59,94.55,92.97,93.03,"10,503,265"
10/20/2025,93,94.5,92.85,93.7,"11,274,925"
10/17/2025,92,92.83,91.46,92.3,"14,282,113"
10/16/2025,94.44,95.46,91.18,92.52,"17,214,833"
10/15/2025,95.86,96.99,93.79,94.52,"14,347,098"
10/14/2025,93.78,95.18,92.46,94.25,"11,177,983"
10/13/2025,95,95.25,93.43,94.08,"11,031,439"
10/10/2025,96.3,96.45,93.33,93.4,"17,021,108"
10/9/2025,99.97,100.17,95.83,96,"13,435,667"
10/8/2025,97.94,99.61,97.2,99.28,"10,071,238"
10/7/2025,100.13,100.69,97,97.8,"12,583,609"
10/6/2025,96.96,101.3,96.89,100.1,"22,760,917"
10/3/2025,96.95,98.3,96.46,96.6,"10,556,418"
10/2/2025,97.08,97.21,94.76,96.61,"16,046,354"
10/1/2025,97.48,99.09,96.57,96.61,"16,608,459"
9/30/2025,99.59,99.75,96.65,97.97,"16,793,406"
9/29/2025,99.32,100.26,98.59,99.57,"16,320,890"
9/26/2025,97.8,98.53,97.03,98.45,"10,356,143"
9/25/2025,97.3,97.87,95.9,97.6,"11,255,801"
9/24/2025,98.89,99.86,96.93,97.78,"12,523,365"
9/23/2025,99.86,100.18,97.65,97.8,"15,101,138"
9/22/2025,99,101.99,98.5,99.39,"29,820,118"
9/19/2025,95,98.83,94.9,98.51,"38,734,980"
9/18/2025,93.93,95.05,93.21,94.7,"23,075,215"
9/17/2025,96.07,97.24,92.12,92.95,"44,093,982"
9/16/2025,99.42,99.7,97.02,97.83,"17,257,932"
9/15/2025,95.8,98.86,95.52,98.85,"18,652,432"
9/12/2025,94.49,96.27,93.71,95.89,"13,659,231"
9/11/2025,94.55,96.32,94,94.68,"16,190,072"
9/10/2025,95.51,96.1,93.71,94.21,"15,944,174"
9/9/2025,94.5,95.48,92.77,95.45,"11,850,204"
9/8/2025,91.38,94.56,91.38,94.36,"18,906,552"
9/5/2025,92.53,92.53,88.84,90.99,"20,384,532"
9/4/2025,93.11,93.13,90.93,91.98,"15,960,139"
9/3/2025,92.75,94.77,92.18,92.94,"12,052,156"
9/2/2025,92.26,93.54,91.92,92.81,"12,883,300"
8/29/2025,96,96.15,91.61,93.75,"19,309,971"
8/28/2025,96.03,96.11,94.08,95.96,"12,024,311"
8/27/2025,96.5,96.95,95.33,95.33,"11,364,308"
8/26/2025,94.88,96.82,94.36,96.53,"17,163,370"
8/25/2025,95.66,97.5,95.13,95.16,"10,938,118"
8/22/2025,94.46,97.54,94.29,96.79,"15,584,856"
8/21/2025,93.62,95,92.81,94.23,"12,864,137"
8/20/2025,94.83,94.96,91.44,93.73,"15,194,791"
8/19/2025,94,96.6,93.85,95.32,"21,177,259"
8/18/2025,92.22,94.4,91.89,93.98,"16,471,274"
8/15/2025,91.65,93.9,90.86,92.6,"15,841,814"
8/14/2025,90.35,92.32,90.11,91.4,"14,525,102"
8/13/2025,92.05,92.2,89.91,90.83,"16,867,321"
8/12/2025,91.19,92.56,91.14,91.73,"12,530,490"
8/11/2025,89.81,91.43,88.92,90.58,"16,668,940"
8/8/2025,92.96,94.31,88.91,89.56,"26,212,493"
8/7/2025,90.72,92.74,89.16,92.67,"28,522,247"
8/6/2025,90.95,90.96,86.3,89.22,"40,169,819"
8/5/2025,89.37,90.96,89.05,89.39,"25,855,952"
8/4/2025,87.7,88.59,87.41,88.43,"15,138,877"
8/1/2025,86.51,87.06,85.42,86.91,"15,732,456"
7/31/2025,87.53,88.84,86.61,87.75,"16,922,440"
7/30/2025,87.24,87.81,86.48,87.64,"16,862,770"
7/29/2025,88.89,89.16,86.36,87.11,"24,966,230"
7/28/2025,91.31,92.35,90.24,90.6,"11,606,054"
7/25/2025,90.49,91.38,89.5,91.29,"13,864,112"
7/24/2025,91.05,93.61,90.87,90.87,"23,446,209"
7/23/2025,92.7,92.7,89.87,89.94,"18,617,929"
7/22/2025,91.48,92.26,89.88,91.79,"11,561,753"
7/21/2025,90.85,91.93,90.53,91.16,"12,150,601"
7/18/2025,90.8,91.17,89.41,90.59,"14,223,531"
7/17/2025,91.21,91.4,89.9,90.5,"16,903,582"
7/16/2025,92.65,92.75,89.81,90.75,"17,646,529"
7/15/2025,95,95.16,91.85,92.21,"18,488,377"
7/14/2025,95.19,95.48,93.56,93.89,"14,300,220"
7/11/2025,96.13,96.84,95.27,95.39,"12,453,518"
7/10/2025,96.07,97.45,95.12,96.4,"15,650,890"
7/9/2025,97.5,97.72,96.1,96.64,"14,858,918"
7/8/2025,96.89,97.6,95.11,97.48,"20,586,820"
7/7/2025,93.54,97.12,93.54,96.68,"29,817,173"
7/3/2025,92.63,94.11,92.61,93.63,"8,112,562"
7/2/2025,91.88,94.1,91.55,92.05,"13,603,968"
7/1/2025,92.85,93.24,90.31,92.13,"17,124,009"
6/30/2025,91.69,93.39,91.52,93.3,"16,155,270"
6/27/2025,92.1,92.51,89.97,91.53,"24,731,168"
6/26/2025,91.3,94.38,90.88,93.12,"23,657,765"
6/25/2025,91.57,92.89,90.6,90.9,"17,400,840"
6/24/2025,87.99,92.48,87.91,91.65,"38,925,080"
6/23/2025,83.03,85.25,82.47,85.24,"18,407,481"
6/20/2025,84.47,85.37,83.62,83.78,"27,472,093"
6/18/2025,85.17,86.48,82.31,83.44,"25,976,728"
6/17/2025,84.57,85.48,84.24,84.76,"13,677,826"
6/16/2025,84.85,86.02,84.71,85.12,"12,254,177"
6/13/2025,84.81,85.57,83.38,83.93,"18,003,031"
6/12/2025,86.11,86.79,84.87,85.62,"18,776,059"
6/11/2025,87.59,87.6,85.94,86.58,"15,364,234"
6/10/2025,88.29,88.38,85.6,86.39,"24,494,761"
6/9/2025,86.32,87.86,86.2,87.12,"22,780,754"
6/6/2025,85.4,86.69,85.03,85.6,"28,172,652"
6/5/2025,83.4,85.75,83.08,84.67,"33,343,311"
6/4/2025,83.19,84.71,82.99,83.45,"20,080,520"
6/3/2025,83.58,83.79,81.86,82.53,"25,668,362"
6/2/2025,84.48,84.76,82.64,83.64,"17,047,042"
5/30/2025,84.53,84.65,82.54,84.16,"29,050,884"
5/29/2025,87.58,87.87,82.96,84.3,"38,152,040"
5/28/2025,89.29,89.88,88.12,88.26,"13,810,322"
5/27/2025,89.17,89.72,87.89,89,"17,446,940"
5/23/2025,87.21,88.49,86.7,87.75,"17,929,659"
5/22/2025,88.45,89.26,87.88,88,"16,495,999"
5/21/2025,90.64,91.04,88,88.67,"25,035,133"
5/20/2025,93.35,93.6,90.61,91.87,"20,851,285"
5/19/2025,90.88,92.55,90.56,92.46,"19,252,125"
5/16/2025,90.55,92.9,89.71,91.79,"21,909,595"
5/15/2025,89.66,91.11,89.24,90.16,"20,481,634"
5/14/2025,90.58,91.65,89.68,90.41,"30,640,123"
5/13/2025,87.41,92.17,86.93,91.72,"36,770,807"
5/12/2025,84.62,88.31,82.22,88.1,"39,104,621"
5/9/2025,82.85,84.12,82.32,82.81,"19,105,415"
5/8/2025,83.87,84,82,82.3,"24,293,149"
5/7/2025,83.13,85.17,80.12,83.65,"49,263,147"
5/6/2025,83.5,86.53,83.1,85.83,"30,378,857"
5/5/2025,83.05,86.57,82.97,85.43,"25,339,028"
5/2/2025,82.09,84.92,81.8,84.28,"22,401,820"
5/1/2025,81,81.92,80.67,80.89,"18,698,482"
4/30/2025,77.77,81.22,77.3,81.01,"17,762,848"
4/29/2025,78.33,79.73,78.03,79.42,"12,172,235"
4/28/2025,78.11,78.78,77.04,78.33,"13,324,224"
4/25/2025,78.57,80.55,77.47,77.75,"20,047,759"
4/24/2025,74.16,78.38,73.86,78.1,"22,188,511"
4/23/2025,76.93,77.58,73.23,73.77,"22,750,160"
4/22/2025,73.85,75.56,73.35,74.44,"16,599,288"
4/21/2025,74.44,75.44,71.27,72.92,"20,634,635"
4/17/2025,73.98,75.91,73.76,75.24,"21,893,392"
4/16/2025,73.58,74.8,72.05,73.06,"15,990,828"
4/15/2025,73.1,74.72,73.1,74.02,"13,790,153"
4/14/2025,73.52,73.65,72.23,73.1,"12,483,180"
4/11/2025,70.46,72.4,69.33,72.28,"16,274,572"
4/10/2025,71.75,72.87,68.34,70.94,"22,373,898"
4/9/2025,65,73.4,64.95,72.68,"30,148,812"
4/8/2025,69.31,70.07,63.5,65.07,"24,045,232"
4/7/2025,62.52,67.59,60.63,65.64,"32,841,703"
4/4/2025,66.7,67.56,63.94,64.62,"34,938,669"
4/3/2025,71.72,72.44,69.77,69.85,"23,290,795"
4/2/2025,72,75.41,72,74.5,"14,806,850"
4/1/2025,72.6,73.07,70.83,72.99,"16,889,182"
3/31/2025,71.4,73.3,70.5,72.86,"16,033,066"
3/28/2025,74.5,74.92,72.38,72.75,"11,277,874"
3/27/2025,73.9,75.62,73.53,74.86,"11,866,807"
3/26/2025,75.55,75.64,73.23,74.18,"11,845,809"
3/25/2025,76.6,76.71,75.05,75.61,"16,065,879"
3/24/2025,76.97,77.58,75.44,76.51,"18,126,303"
3/21/2025,73.72,76,72.77,75.84,"26,551,402"
3/20/2025,72.56,75.54,72.46,74.35,"17,851,353"
3/19/2025,71.92,73.79,70.73,73.02,"15,042,059"
3/18/2025,72.2,72.68,70.48,71.55,"16,137,507"
3/17/2025,72.02,73.81,71.78,72.73,"20,577,768"
3/14/2025,70.55,71.79,70.33,71.55,"13,537,279"
3/13/2025,71.68,72,69.36,69.51,"15,272,232"
3/12/2025,72.31,72.42,69.55,71.2,"17,315,032"
3/11/2025,71.44,74.25,69.57,70.65,"26,668,190"
3/10/2025,74.94,75.49,71.97,73.06,"22,120,094"
3/7/2025,73.99,76.7,73.78,76.27,"18,610,386"
3/6/2025,75.32,77.22,74.73,74.96,"16,504,911"
3/5/2025,75.65,76.94,74.93,76.48,"13,122,294"
3/4/2025,72.93,76.68,71.6,75.26,"24,241,234"
3/3/2025,77.06,77.74,73.68,74.44,"16,999,495"
2/28/2025,74.28,76.11,73.58,76.01,"17,752,015"
2/27/2025,75.95,77.69,73.71,74.21,"22,535,938"
2/26/2025,75.33,76.49,75.31,75.87,"10,338,710"
2/25/2025,76.36,76.37,73.53,74.95,"19,559,249"
2/24/2025,78.65,78.88,74.85,76.42,"24,368,386"
2/21/2025,81.26,82.1,78.36,78.89,"21,774,329"
2/20/2025,81.23,81.84,80.06,81.26,"14,770,273"
2/19/2025,80.79,81.9,79.26,81.16,"14,973,426"
2/18/2025,79.85,81.51,79.75,81.49,"18,943,227"
2/14/2025,80.35,80.35,78.87,79.42,"15,405,688"
2/13/2025,79.12,80.53,78.51,80.29,"21,754,709"
2/12/2025,74.97,80.1,74.15,79.35,"33,142,366"
2/11/2025,78.91,79.2,76.6,76.95,"27,329,560"
2/10/2025,77.1,78.99,76.8,78.63,"42,551,673"
2/7/2025,70.36,76.78,70.13,74.6,"81,813,184"
2/6/2025,65.67,70.05,65.54,69.99,"45,940,242"
2/5/2025,66.5,66.75,63.5,64.48,"78,975,878"
2/4/2025,67.69,70.19,67.69,69.75,"33,786,239"
2/3/2025,65.3,68.85,65.18,67.29,"25,290,048"
1/31/2025,67.09,67.87,66.33,66.85,"19,805,625"
1/30/2025,63.42,67.22,63.42,66.59,"33,246,503"
1/29/2025,67.8,68.06,65.82,66.75,"29,592,594"
1/28/2025,68.33,69.68,67.16,68.07,"24,988,456"
1/27/2025,67.64,69.41,67.37,68.77,"20,904,644"
1/24/2025,68.69,69.31,68.4,68.56,"14,360,349"
1/23/2025,67.6,68.37,67.24,68.3,"15,355,443"
1/22/2025,68.39,68.43,67.5,67.82,"18,130,028"
1/21/2025,68,68.18,66.85,67.74,"21,423,617"
1/17/2025,68.8,69.02,67.23,67.34,"27,139,154"
1/16/2025,67.75,69.58,67.64,68.58,"29,013,144"
1/15/2025,66.01,67.25,66.01,67.02,"22,704,830"
1/14/2025,66.16,66.81,64.62,64.84,"25,735,753"
1/13/2025,65.16,67.2,65.02,65.7,"23,960,107"
1/10/2025,64.5,66.6,63.96,65.97,"30,728,846"
1/8/2025,66.4,66.68,64.12,64.91,"24,523,299"
1/7/2025,68.49,68.84,65.95,66.15,"35,347,776"
1/6/2025,66.97,67.35,66.04,66.31,"32,980,652"
1/3/2025,63.69,65.22,63.44,64.59,"28,553,825"
1/2/2025,62.19,63.39,61.31,63.17,"25,899,072"
12/31/2024,61,61.1,60.17,60.32,"14,487,281"
12/30/2024,60.51,61.37,60.12,60.77,"17,709,217"
12/27/2024,61.19,61.26,60.02,61.13,"13,483,564"
12/26/2024,61.6,61.97,61.16,61.56,"12,683,898"
12/24/2024,61.97,61.98,60.88,61.71,"7,882,461"
12/23/2024,60.88,62.22,60.76,61.87,"16,093,552"
12/20/2024,60.09,61.39,59.75,60.73,"26,377,669"
12/19/2024,61.85,62.31,59.98,60.21,"27,811,409"
12/18/2024,61.39,63.94,60.85,61.23,"46,736,705"
12/17/2024,59.42,61.04,59.33,61.03,"35,025,487"
12/16/2024,60.31,61.3,60.12,60.25,"38,612,401"
12/13/2024,61.86,62.26,59.74,59.93,"47,325,346"
12/12/2024,63.17,63.54,61.25,61.41,"45,673,208"
12/11/2024,64.5,64.7,60.23,61.18,"71,089,520"
12/10/2024,65.67,65.76,64.64,64.96,"23,672,866"
12/9/2024,65.5,66.17,65.06,65.74,"27,602,901"
12/6/2024,66.45,67.1,65.2,66.09,"36,413,161"
12/5/2024,71.93,72.03,64.28,65.23,"77,320,417"
12/4/2024,71.4,72.4,70.65,72.16,"17,263,132"
12/3/2024,73.06,73.25,71.25,71.27,"12,760,488"
12/2/2024,71.93,73.44,71.47,73.07,"11,574,636"
11/29/2024,71.7,72.44,71.52,71.96,"7,348,658"
11/27/2024,72.06,72.7,71.01,71.62,"12,967,786"
11/26/2024,73.49,73.5,71.34,71.56,"13,704,896"
11/25/2024,72.6,73.55,71.83,73.42,"17,446,563"
11/22/2024,70,71.54,69.35,71.51,"14,874,060"
11/21/2024,70.25,70.87,68.8,69.64,"25,657,713"
11/20/2024,69.29,70.33,68.95,69.6,"16,656,551"
11/19/2024,68.51,69.6,68.2,69.13,"22,289,103"
11/18/2024,72.04,72.04,67.8,69.33,"45,238,309"
11/15/2024,72.1,73.63,71.76,73.25,"23,980,917"
11/14/2024,71.16,72.75,70.76,71.44,"17,372,180"
11/13/2024,71.53,72.08,70.55,71.16,"15,006,009"
11/12/2024,71.97,72.68,71.2,71.37,"19,439,705"
11/11/2024,72.65,73,71.34,71.65,"22,682,174"
11/8/2024,73.44,73.56,71.56,72.04,"20,152,597"
11/7/2024,76.1,76.4,72.74,73.13,"24,305,902"
11/6/2024,73.46,74.62,70.74,74.36,"26,410,662"
11/5/2024,73.55,74.34,73.24,74.15,"12,274,566"
11/4/2024,72.75,74.22,72.66,73.25,"14,949,148"
11/1/2024,73.94,74.15,72.25,73.25,"33,542,204"
10/31/2024,74.5,74.99,69.87,72.05,"64,047,078"
10/30/2024,79.23,80.08,78.82,79.43,"14,997,693"
10/29/2024,77.85,79.99,77.77,79.21,"14,469,580"
10/28/2024,78.2,78.38,77.47,77.69,"9,311,857"
10/25/2024,78.26,78.84,76.96,77.62,"11,727,421"
10/24/2024,78.01,78.6,77.14,78.38,"15,220,863"
10/23/2024,80.06,80.32,79.36,79.83,"8,689,871"
10/22/2024,80.47,81.25,79.98,80.41,"10,754,049"
10/21/2024,79.94,80.57,79.55,80.46,"11,238,726"
10/18/2024,80.53,80.55,78.8,79.16,"14,186,721"
10/17/2024,79.92,80.88,79.41,79.9,"27,373,196"
10/16/2024,82.93,83.48,81.62,81.9,"12,398,522"
10/15/2024,84.77,84.77,82.65,83.2,"14,858,455"
10/14/2024,85.64,86.18,84.18,84.94,"14,752,430"
10/11/2024,82,87,81.86,86.34,"57,290,484"
10/10/2024,77.65,78.24,76.9,77.92,"15,033,626"
10/9/2024,76,77.96,75.96,77.87,"17,251,051"
10/8/2024,75.25,77.02,75.06,76.17,"17,800,250"
10/7/2024,74.26,75.74,73.73,74.59,"15,328,806"
10/4/2024,74.11,74.32,73.22,74.28,"10,757,712"
10/3/2024,72.56,73.21,71.9,72.94,"11,096,334"
10/2/2024,74.09,74.31,72.79,72.87,"11,323,367"
10/1/2024,75.77,75.77,73.84,74.24,"8,980,535"
9/30/2024,75.32,75.72,74.26,75.16,"12,993,585"
9/27/2024,77.03,77.08,75.7,75.75,"7,580,133"
9/26/2024,78.36,78.45,75.13,76.69,"14,788,553"
9/25/2024,77.51,78.28,77.08,77.14,"12,552,602"
9/24/2024,76,77.51,75.97,77.44,"16,099,212"
9/23/2024,75.11,75.27,73.78,74.71,"8,285,323"
9/20/2024,74.82,75.05,73.45,73.94,"17,472,693"
9/19/2024,74.98,76.46,74.56,75.28,"17,698,445"
9/18/2024,72.77,74.74,72.19,73.5,"11,720,932"
9/17/2024,71.97,73.73,71.31,72.78,"14,639,821"
9/16/2024,72.36,72.5,71.04,71.52,"12,016,670"
9/13/2024,72.4,72.76,70.94,72.48,"30,376,487"
9/12/2024,70.06,70.49,67.85,68.09,"16,381,657"
9/11/2024,68.83,70.22,67.12,70.11,"14,671,855"
9/10/2024,70,70.46,67.64,68.99,"20,227,244"
9/9/2024,70.95,71.19,69.63,69.8,"8,804,605"
9/6/2024,71.13,72.02,68.73,69.58,"11,449,834"
9/5/2024,71.08,72.62,70.92,71.25,"8,890,860"
9/4/2024,71.52,72.69,71.3,71.56,"7,995,815"
9/3/2024,72.57,73.61,71.21,71.89,"13,053,336"
8/30/2024,72.89,73.42,72.06,73.13,"12,676,935"
8/29/2024,72.5,73.28,72.13,72.24,"9,300,785"
8/28/2024,72.5,72.55,71.02,71.85,"9,529,378"
8/27/2024,72.49,73.09,71.8,72.56,"7,294,117"
8/26/2024,74.3,74.3,72.11,72.61,"10,999,937"
8/23/2024,72.85,74.46,72.35,74.3,"13,065,551"
8/22/2024,73.55,74.12,72.67,73.31,"9,571,940"
8/21/2024,73.72,74.29,73.06,73.48,"9,290,198"
8/20/2024,74.27,74.48,73.28,73.31,"10,246,486"
8/19/2024,72,74.22,71.8,74.18,"13,821,265"
8/16/2024,72.5,73.35,71.76,72.04,"11,548,276"
8/15/2024,72.51,73.42,72.29,72.73,"13,711,340"
8/14/2024,71.6,72,70.61,71.93,"12,336,957"
8/13/2024,69.77,71.19,69.38,71.06,"15,472,546"
8/12/2024,68.61,69.31,68.02,69.26,"10,826,108"
8/9/2024,69.14,69.38,67.75,68.54,"12,770,320"
8/8/2024,66.53,69.17,65.95,69.01,"21,779,121"
8/7/2024,65.56,68.4,65.49,65.54,"31,493,570"
8/6/2024,62.55,65.82,60.5,64.87,"53,336,871"
8/5/2024,55.53,58.65,54.84,58.48,"32,063,685"
8/2/2024,59.38,59.58,56.86,58.99,"27,654,556"
8/1/2024,64.86,65,60.76,61.02,"18,967,935"
7/31/2024,63.88,65.18,63.66,64.47,"18,209,679"
7/30/2024,64.15,64.77,62.61,63.09,"16,506,187"
7/29/2024,64.84,65.26,63.72,63.76,"16,906,996"
7/26/2024,66.1,66.26,64.18,64.4,"17,379,446"
7/25/2024,66,69.37,64.4,65.74,"22,596,919"
7/24/2024,67.27,67.79,65.78,66.14,"15,187,117"
7/23/2024,68.05,69.1,67.28,67.52,"9,539,770"
7/22/2024,67.53,68.78,67.09,67.73,"13,407,987"
7/19/2024,66.78,67.44,66.1,67.31,"12,809,588"
7/18/2024,69,69.34,65.81,66.26,"21,988,924"
7/17/2024,73.38,73.41,68.56,68.62,"27,884,447"
7/16/2024,73.11,75.4,73.11,74.3,"17,528,998"
7/15/2024,73.06,73.25,70.76,72.29,"13,472,570"
7/12/2024,72.11,73.8,72.11,72.43,"14,683,659"
7/11/2024,69.51,73.65,68.85,73.53,"26,702,460"
7/10/2024,71.5,71.5,68.38,69.27,"14,638,754"
7/9/2024,71.4,72.28,71.13,71.32,"8,759,653"
7/8/2024,71.31,71.78,70.75,71.25,"7,231,051"
7/5/2024,70.99,71.42,70.39,71.06,"6,599,189"
7/3/2024,70.66,72.14,70.5,71.3,"7,869,781"
7/2/2024,71.25,71.26,68.88,70.67,"14,318,951"
7/1/2024,72.2,72.58,69.4,71.1,"13,438,725"
6/28/2024,70.81,73.26,70.77,72.68,"21,375,880"
6/27/2024,70.98,71.32,70.07,70.34,"9,650,481"
6/26/2024,70.94,71.6,70.55,70.85,"10,232,568"
6/25/2024,71.86,72.94,70.22,71.38,"18,911,562"
6/24/2024,69.83,71.23,69.75,70.54,"12,479,277"
6/21/2024,70.04,70.25,69.23,70.21,"20,913,321"
6/20/2024,70.51,71.12,69.73,70.3,"10,662,403"
6/18/2024,70.6,71.21,69.89,70.33,"9,511,579"
6/17/2024,69.91,70.83,69.83,70.49,"14,773,729"
6/14/2024,70.91,71,69.32,70.06,"11,601,130"
6/13/2024,73.16,73.16,70.24,70.86,"17,109,442"
6/12/2024,71.31,73.6,71,73.15,"24,435,503"
6/11/2024,68.6,69.6,67.76,69.59,"12,741,160"
6/10/2024,69.28,69.69,66.56,68.6,"19,168,881"
6/7/2024,68.9,69.71,68.11,69.31,"13,932,603"
6/6/2024,67.45,69.69,67.33,68.9,"25,871,476"
6/5/2024,64.94,66.28,64.21,65.82,"19,513,505"
6/4/2024,64.06,65.19,63.7,64.55,"12,689,227"
6/3/2024,64.78,64.96,62.94,63.79,"14,922,214"
5/31/2024,64.2,64.63,63.14,64.56,"17,322,445"
5/30/2024,64.79,65.41,63.72,64.12,"12,692,547"
5/29/2024,63.01,65.37,62.91,64.93,"16,987,906"
5/28/2024,64.61,64.61,63.1,63.52,"14,213,346"
5/24/2024,63.78,64.76,63.62,64.26,"10,385,892"
5/23/2024,65.56,65.8,63.25,63.6,"20,114,981"
5/22/2024,64.82,66.09,64.52,65.48,"22,562,072"
5/21/2024,64.13,64.65,63.81,63.97,"16,592,548"
5/20/2024,65.64,65.87,64.31,64.65,"15,864,425"
5/17/2024,66.5,66.64,65.52,65.67,"15,703,320"
5/16/2024,66.97,67.33,66,66.05,"19,923,462"
5/15/2024,66,66.66,65.22,66.62,"16,308,711"
5/14/2024,65.85,66.1,64.75,65.32,"19,462,279"
5/13/2024,67,67.06,64.72,66.02,"18,983,132"
5/10/2024,67.82,67.9,66.4,66.99,"18,924,391"
5/9/2024,66.81,68.57,66.75,67.93,"27,965,536"
5/8/2024,64.5,67.2,63.84,66.4,"84,219,974"
5/7/2024,72.64,72.64,69.8,70.43,"24,427,252"
5/6/2024,71,73.82,70.83,71.51,"25,001,918"
5/3/2024,69.85,70.34,69.03,69.23,"15,557,671"
5/2/2024,68.4,69.04,67.63,68.57,"18,229,306"
5/1/2024,66.04,69.41,65.86,67.79,"21,276,158"
4/30/2024,67.23,68.6,66.07,66.27,"22,707,275"
4/29/2024,68.5,68.66,67.2,67.4,"21,143,373"
4/26/2024,69.98,70.15,68.7,69.05,"16,187,639"
4/25/2024,67.86,70.29,67.38,69.31,"20,545,159"
4/24/2024,70.15,70.22,67.37,69.36,"27,515,596"
4/23/2024,70.02,71.14,69.62,70.8,"16,814,207"
4/22/2024,70.48,70.89,68.48,68.98,"26,804,899"
4/19/2024,71.15,71.15,68.38,69.2,"23,185,965"
4/18/2024,72.26,72.86,70.64,71.3,"20,425,974"
4/17/2024,75,75.62,71.04,71.94,"15,363,128"
4/16/2024,73.39,74.7,72.7,74.13,"14,513,119"
4/15/2024,76.38,76.68,72.88,73.4,"16,093,430"
4/12/2024,75.05,75.82,74.49,75.28,"11,590,774"
4/11/2024,74.8,76.56,74.71,76.18,"13,653,565"
4/10/2024,74.4,75.31,73.54,74.35,"12,533,910"
4/9/2024,74.77,75.5,73.33,75.14,"13,766,815"
4/8/2024,76.7,76.86,73.95,75.03,"22,867,563"
4/5/2024,75.34,78.4,74.92,77.16,"21,572,026"
4/4/2024,77.24,77.67,74.48,74.92,"17,191,332"
4/3/2024,76.84,78.85,76.54,76.81,"19,883,084"
4/2/2024,75.66,77.33,74.97,76.98,"15,838,768"
4/1/2024,77,77.78,76,76.4,"12,201,773"
3/28/2024,77.9,78.05,76.9,76.99,"13,421,916"
3/27/2024,78.96,79,76.85,78.11,"13,156,953"
3/26/2024,79.8,80.18,77.78,77.91,"12,438,286"
3/25/2024,79.99,81.04,79.39,79.41,"10,254,259"
3/22/2024,79.8,80.45,79.2,80.23,"8,872,408"
3/21/2024,79.6,81.23,79.09,80.25,"16,191,090"
3/20/2024,77.09,78.95,76.75,78.64,"11,490,382"
3/19/2024,75.38,77.18,74.19,77.08,"13,035,194"
3/18/2024,77,77,73.66,75.7,"18,936,712"
3/15/2024,77,77.84,75.77,76.07,"24,554,947"
3/14/2024,78.34,78.48,76.9,77.65,"12,737,226"
3/13/2024,78,79.69,77.93,78.25,"12,065,099"
3/12/2024,78.01,78.48,77.48,78.32,"11,303,824"
3/11/2024,78.7,78.89,76.53,77.47,"13,781,394"
3/8/2024,79.94,81.98,78.21,78.7,"16,414,858"
3/7/2024,79.4,80.08,78.26,79.41,"13,873,312"
3/6/2024,80.17,80.99,78.53,78.64,"13,734,710"
3/5/2024,80.83,80.85,77.43,79.09,"19,761,584"
3/4/2024,81.94,82.14,80.79,81.3,"15,989,175"
3/1/2024,79.5,81.47,79.32,81.03,"18,528,745"
2/29/2024,78.35,79.68,77.93,79.5,"19,405,546"
2/28/2024,78.6,78.66,77.42,77.73,"11,853,130"
2/27/2024,78.64,79.75,77.81,78.75,"13,707,348"
2/26/2024,78.28,78.5,77.3,78.36,"16,617,286"
2/23/2024,78.5,78.97,77.72,78.2,"15,648,826"
2/22/2024,79.59,79.72,77.51,78.03,"16,766,442"
2/21/2024,76.32,77.49,75.88,76.44,"15,102,053"
2/20/2024,78.23,78.42,75.82,76.6,"23,816,359"
2/16/2024,80.55,80.88,78.11,78.41,"24,457,475"
2/15/2024,79,81.87,78.28,81.39,"40,330,151"
2/14/2024,74.6,79.2,74.31,79.15,"69,846,652"
2/13/2024,67.9,69.55,66.71,68.99,"22,857,142"
2/12/2024,71,71.38,68.74,69.12,"19,554,941"
2/9/2024,71.43,72.04,69.69,70.91,"20,858,737"
2/8/2024,71.93,73.05,71.2,71.61,"21,618,176"
2/7/2024,67.6,71.9,67.24,70.65,"43,366,951"
2/6/2024,69.06,70.68,68.44,70.47,"34,596,121"
2/5/2024,68.24,69.99,67.86,68.99,"26,079,529"
2/2/2024,66.98,68.25,66.51,68.07,"18,671,765"
2/1/2024,66.12,66.85,65.59,66.73,"12,504,225"
1/31/2024,65.7,66.25,64.85,65.27,"17,026,414"
1/30/2024,66.9,67.69,66.22,66.84,"17,562,145"
1/29/2024,65.6,67.1,65.56,66.98,"15,902,036"
1/26/2024,65.65,66.05,65.29,65.52,"13,099,618"
1/25/2024,64.28,66.03,63.71,66,"21,962,965"
1/24/2024,64,64.4,63.22,63.76,"17,238,147"
1/23/2024,64.5,64.81,63.69,64.32,"13,619,608"
1/22/2024,65.44,65.61,64.15,64.55,"17,851,716"
1/19/2024,64.9,65.39,64.41,65.11,"20,339,427"
1/18/2024,64,65,63.39,64.88,"24,149,938"
1/17/2024,62.95,63.42,61.68,63.12,"19,971,592"
1/16/2024,63,64,62.92,63.65,"19,511,781"
1/12/2024,63.2,64.92,63,63.2,"26,374,740"
1/11/2024,62.99,63.61,61.86,63.47,"28,888,928"
1/10/2024,60.28,62.61,60.28,62.41,"30,788,925"
1/9/2024,58.5,60.54,58.45,60.3,"22,319,853"
1/8/2024,58.09,59.16,57.85,59.01,"21,213,042"
1/5/2024,58.11,58.51,57.22,57.58,"17,886,260"
1/4/2024,58.25,58.99,57.73,57.8,"20,370,664"
1/3/2024,57.48,58.9,57.33,58.25,"31,800,559"
1/2/2024,60.73,60.91,57.93,58.38,"41,978,581"
12/29/2023,62.36,63.14,61.3,61.57,"21,615,424"
12/28/2023,63.45,63.53,62.84,63.14,"13,795,595"
12/27/2023,62,63.43,62,63.28,"20,805,951"
12/26/2023,61.71,62.2,61.31,61.98,"16,077,192"
12/22/2023,61.7,62.24,61.28,61.71,"14,715,609"
12/21/2023,61.24,61.76,60.83,61.46,"19,999,593"
12/20/2023,61.49,62.28,60.62,60.68,"28,286,061"
12/19/2023,61.88,62.7,61.69,62.12,"26,813,795"
12/18/2023,62.01,62.49,61.33,61.73,"28,614,030"
12/15/2023,62.16,63.53,61.41,61.86,"364,261,230"
12/14/2023,62.01,62.81,60.61,62.5,"44,818,142"
12/13/2023,62.71,62.88,61.45,61.97,"41,661,681"
12/12/2023,62.07,63.03,61.83,62.72,"27,144,311"
12/11/2023,61.53,62.99,60.94,62.46,"30,389,677"
12/8/2023,60.51,62.25,60.51,61.7,"28,852,116"
12/7/2023,59.67,61,59.53,60.98,"34,410,194"
12/6/2023,58.37,59.98,58.36,59.75,"33,834,959"
12/5/2023,58.01,58.66,57.7,57.97,"39,170,598"
12/4/2023,60.01,60.92,58.57,58.63,"85,417,307"
12/1/2023,56.67,57.87,56.25,57.35,"28,539,897"
11/30/2023,56.61,56.77,55.53,56.38,"32,769,812"
11/29/2023,56.49,57.13,56.15,56.4,"23,496,211"
11/28/2023,55.98,56.45,55.69,56.21,"20,457,495"
11/27/2023,55.47,56.46,55.29,56.06,"19,101,870"
11/24/2023,55.15,55.94,55.07,55.32,"10,696,821"
11/22/2023,55.1,55.82,54.96,55.37,"18,467,671"
11/21/2023,54.23,55.08,53.89,54.85,"34,115,507"
11/20/2023,53.83,55.36,53.76,54.75,"28,529,194"
11/17/2023,54.13,54.51,54.01,54.44,"16,122,436"
11/16/2023,53.5,54.51,53.15,54.42,"20,810,849"
11/15/2023,53.92,54.26,53.16,53.76,"22,419,701"
11/14/2023,52.9,54.31,52.39,53.88,"30,621,855"
11/13/2023,51.17,52.42,50.72,52.24,"21,026,866"
11/10/2023,50.01,52.1,49.9,51.58,"27,238,617"
11/9/2023,49.3,50.68,49.02,50.05,"29,962,340"
11/8/2023,50.04,50.3,48.9,49.5,"37,726,705"
11/7/2023,47,50.04,46.68,49.92,"81,365,358"
11/6/2023,47.94,48.3,47.43,48.14,"27,843,095"
11/3/2023,46.92,48.15,46.63,47.75,"21,960,652"
11/2/2023,45.35,46.86,45.25,46.48,"25,816,850"
11/1/2023,43.25,44,42.91,43.83,"18,989,315"
10/31/2023,42.82,43.53,42.2,43.28,"18,414,020"
10/30/2023,42.01,43,42.01,42.73,"21,292,723"
10/27/2023,41.21,42.15,40.8,41.23,"17,098,580"
10/26/2023,42.14,42.3,40.09,40.62,"23,465,460"
10/25/2023,43.3,43.49,42.07,42.35,"16,495,882"
10/24/2023,43.5,44.33,43.39,44.19,"17,566,478"
10/23/2023,42.53,43.97,42.25,43.04,"11,277,093"
10/20/2023,42.72,43.35,42.26,42.96,"13,966,105"
10/19/2023,43.02,43.27,42.19,42.72,"16,089,978"
10/18/2023,43.9,44.2,42.91,43,"15,387,992"
10/17/2023,44.41,45.26,44.05,44.38,"17,337,780"
10/16/2023,43.77,45,43.47,44.71,"20,447,112"
10/13/2023,45.82,46.29,42.7,43.48,"28,215,656"
10/12/2023,46.54,47.04,45.6,45.95,"15,983,613"
10/11/2023,46.9,47.21,46.27,46.64,"12,985,479"
10/10/2023,45.75,47.28,45.55,46.63,"14,538,614"
10/9/2023,45.15,45.6,44.58,45.45,"11,422,320"
10/6/2023,44.06,45.95,44.06,45.78,"14,380,568"
10/5/2023,44.84,44.93,43.65,44.61,"14,518,798"
10/4/2023,44.79,45.49,44.18,44.94,"12,476,109"
10/3/2023,45.36,45.61,44.33,44.51,"11,033,393"
10/2/2023,45.57,46.29,45.1,45.68,"14,976,706"
9/29/2023,46.75,46.92,45.85,45.99,"14,247,042"
9/28/2023,44.92,46.58,44.92,46.14,"22,199,170"
9/27/2023,44.51,45.47,44.44,45.14,"16,835,053"
9/26/2023,44.5,45.39,44.05,44.27,"11,283,619"
9/25/2023,44.14,45.11,44.11,44.91,"9,175,373"
9/22/2023,45.16,45.35,44.03,44.41,"16,158,675"
9/21/2023,45.79,45.79,43.93,44.6,"27,875,722"
9/20/2023,46.87,47.54,46.4,46.55,"22,581,975"
9/19/2023,46.4,47.76,46.21,47.59,"19,188,602"
9/18/2023,47.3,47.35,46.48,46.51,"15,025,531"
9/15/2023,48.19,48.49,47.27,47.52,"16,130,135"
9/14/2023,48.63,48.7,47.81,48.32,"13,068,165"
9/13/2023,47.51,48.36,47.28,48.16,"12,691,849"
9/12/2023,48.34,49.19,47.9,47.92,"18,808,980"
9/11/2023,47.74,48.97,47.65,48.94,"19,007,314"
9/8/2023,46.34,47.25,46.27,47.24,"15,965,207"
9/7/2023,45.5,46.68,45.25,46.27,"14,972,153"
9/6/2023,46.34,46.85,45.61,45.9,"14,262,663"
9/5/2023,46.87,47.14,46.3,46.55,"16,461,664"
9/1/2023,47.51,47.7,46.83,47.04,"14,614,473"
8/31/2023,46.69,47.57,46.52,47.23,"19,263,774"
8/30/2023,45.35,46.75,45.3,46.51,"19,869,421"
8/29/2023,44.21,45.59,44.12,45.35,"11,335,394"
8/28/2023,44.11,44.52,43.71,44.15,"10,424,110"
8/25/2023,44.71,44.84,43.08,43.96,"19,132,486"
8/24/2023,45.24,45.72,44.64,44.68,"18,129,594"
8/23/2023,44,45.62,44,45.14,"14,625,811"
8/22/2023,44.94,45.18,44.02,44.35,"13,599,785"
8/21/2023,44.98,45.3,44.01,44.63,"15,362,066"
8/18/2023,43.27,44.84,43.19,44.69,"17,137,983"
8/17/2023,44.18,44.86,43.91,43.97,"21,326,615"
8/16/2023,43.98,44.33,43.4,43.65,"14,980,821"
8/15/2023,44.7,44.88,44.01,44.08,"13,404,696"
8/14/2023,43.5,44.89,42.95,44.85,"15,828,847"
8/11/2023,44,44.3,43.31,43.71,"16,181,113"
8/10/2023,44.13,45.18,44.09,44.6,"16,908,213"
8/9/2023,45.25,45.46,43.84,44.11,"20,112,959"
8/8/2023,44.5,45.24,44.09,45.16,"14,742,206"
8/7/2023,45.01,45.53,44.38,44.95,"22,122,549"
8/4/2023,46,46.38,45.02,45.2,"25,657,595"
8/3/2023,46.22,47.85,45.79,45.91,"25,313,223"
8/2/2023,46.06,47.71,45.67,46.96,"36,303,801"
8/1/2023,48.67,49.03,46.01,46.65,"82,282,793"
7/31/2023,48.85,49.49,48.15,49.46,"38,736,789"
7/28/2023,47.14,48.43,46.71,48.14,"17,154,631"
7/27/2023,48,48.09,46.36,46.61,"17,991,953"
7/26/2023,47.05,47.56,46.62,47.31,"16,666,161"
7/25/2023,47.2,47.73,46.93,47.17,"14,188,200"
7/24/2023,47.06,47.55,46.84,47.32,"16,669,824"
7/21/2023,46.55,47.34,46.28,47.23,"20,181,244"
7/20/2023,46.07,47.5,45.86,46.57,"23,085,271"
7/19/2023,47.1,47.9,46.55,47.12,"21,990,935"
7/18/2023,45.34,47.75,45.34,47.41,"42,620,243"
7/17/2023,44.68,45.65,44.5,45.51,"21,937,913"
7/14/2023,45.91,46.4,44.56,44.75,"22,054,795"
7/13/2023,45.21,45.94,44.62,45.64,"21,193,224"
7/12/2023,45,45.22,43.97,44.52,"21,830,121"
7/11/2023,42.1,44.67,41.75,44.36,"32,164,969"
7/10/2023,42.58,43.2,42.44,42.78,"15,821,816"
7/7/2023,42.07,43.12,41.94,42.91,"14,937,560"
7/6/2023,42.99,43,41.87,42.11,"18,048,160"
7/5/2023,42.89,43.88,42.89,43.66,"15,730,395"
7/3/2023,43.17,43.4,42.58,43.09,"7,578,076"
6/30/2023,43.11,43.43,42.92,43.17,"17,589,240"
6/29/2023,44.09,44.28,42.11,42.58,"28,595,285"
6/28/2023,43.5,45.24,43.32,44.24,"28,187,374"
6/27/2023,44.69,44.83,43.75,43.83,"29,652,066"
6/26/2023,43.75,45.04,43.68,44.42,"33,692,974"
6/23/2023,42.59,43.76,42.33,43.34,"23,186,640"
6/22/2023,42.3,43.87,42.21,42.81,"19,542,077"
6/21/2023,42.5,43.22,41.77,42.66,"21,916,497"
6/20/2023,42.77,43.47,42.02,42.17,"19,936,203"
6/16/2023,43.07,43.67,42.53,43.52,"27,986,352"
6/15/2023,41.02,43.75,40.94,43.36,"41,477,785"
6/14/2023,41.3,41.59,40.57,41.27,"15,077,575"
6/13/2023,41.75,41.83,40.89,41.41,"16,659,586"
6/12/2023,41.26,41.75,41.06,41.74,"16,016,444"
6/9/2023,40.05,41,40.02,40.99,"21,980,664"
6/8/2023,39.18,40.63,39.04,40.26,"20,301,812"
6/7/2023,40.24,40.25,38.61,38.99,"23,653,908"
6/6/2023,40.25,40.73,39.93,40.25,"14,570,118"
6/5/2023,39.5,40.79,39.46,40.42,"25,724,051"
6/2/2023,39,39.89,39,39.73,"21,218,954"
6/1/2023,37.5,38.5,37.27,38.48,"17,115,298"
5/31/2023,37.25,38.05,37.07,37.93,"34,506,306"
5/30/2023,38.73,39.06,37.56,37.56,"18,143,192"
5/26/2023,38.24,38.76,38.22,38.45,"14,438,769"
5/25/2023,38.48,38.59,37.53,37.95,"18,634,222"
5/24/2023,38.05,38.66,37.77,37.96,"22,074,721"
5/23/2023,38.99,39.65,38.51,38.66,"18,679,369"
5/22/2023,39.13,40.5,39.08,39.17,"27,581,555"
5/19/2023,39.25,39.49,38.92,39.18,"19,785,499"
5/18/2023,37.98,39.49,37.76,39.25,"27,828,117"
5/17/2023,37.73,37.96,37.36,37.84,"19,534,395"
5/16/2023,37.93,38.15,37.44,37.44,"21,836,864"
5/15/2023,38.34,38.48,37.99,38.14,"17,826,612"
5/12/2023,38.64,39.23,38.2,38.45,"21,626,037"
5/11/2023,38.64,39.18,38.34,38.42,"16,515,576"
5/10/2023,38.6,38.95,38.17,38.79,"19,531,548"
5/9/2023,38.49,38.58,37.91,38.19,"19,393,602"
5/8/2023,37.82,38.93,37.48,38.83,"30,992,060"
5/5/2023,37.48,37.95,36.87,37.75,"24,682,890"
5/4/2023,37.48,37.8,36.69,37.49,"44,819,400"
5/3/2023,36.75,38.35,36.35,37.84,"68,580,803"
5/2/2023,35.02,36.63,34.23,36.52,"102,993,471"
5/1/2023,32,33,31.76,32.74,"49,867,118"
4/28/2023,29.62,31.27,29.42,31.05,"28,516,085"
4/27/2023,30.07,30.17,29.22,29.7,"27,293,660"
4/26/2023,29.7,30.12,29.47,29.68,"14,277,142"
4/25/2023,30.34,30.47,29.55,29.59,"20,399,240"
4/24/2023,30.68,31.06,30.23,30.68,"14,596,163"
4/21/2023,31.36,31.46,29.71,30.83,"40,543,146"
4/20/2023,31.52,32.04,31.4,31.5,"12,747,081"
4/19/2023,31.35,32.37,31.16,32.04,"13,821,973"
4/18/2023,32.37,32.93,31.61,31.73,"18,698,555"
4/17/2023,32.19,32.19,31.63,32.08,"25,206,222"
4/14/2023,31.31,31.62,30.93,31.48,"11,851,874"
4/13/2023,30.84,31.59,30.69,31.44,"15,079,614"
4/12/2023,31.19,31.45,30.4,30.59,"15,964,933"
4/11/2023,31.75,31.8,30.88,31.12,"16,906,490"
4/10/2023,30.96,31.79,30.61,31.74,"16,463,111"
4/6/2023,30.93,31.49,30.5,31.18,"14,486,919"
4/5/2023,30.95,31.24,30.47,31.12,"17,243,304"
4/4/2023,31.94,32.13,31.29,31.39,"15,146,854"
4/3/2023,31.5,31.76,31.17,31.46,"23,529,100"
3/31/2023,31.42,31.85,31.21,31.7,"14,824,601"
3/30/2023,31.5,31.85,30.88,31.19,"16,261,304"
3/29/2023,30.62,30.9,30.2,30.87,"18,917,520"
3/28/2023,30.53,30.86,29.98,30.07,"23,087,307"
3/27/2023,31.03,31.04,30.14,30.62,"17,917,994"
3/24/2023,30.94,31.15,30.29,30.75,"14,786,745"
3/23/2023,31.88,32.2,30.75,31.18,"16,806,903"
3/22/2023,32.58,32.72,31.5,31.52,"24,636,459"
3/21/2023,32.33,33.14,32.23,32.86,"19,780,177"
3/20/2023,31.6,32.36,31.46,31.93,"14,157,845"
3/17/2023,32.38,32.47,31.51,31.78,"27,102,497"
3/16/2023,31.59,32.9,31.55,32.73,"20,089,529"
3/15/2023,31.83,32.24,31.39,31.97,"28,434,860"
3/14/2023,32.94,33.42,32.16,32.36,"34,241,847"
3/13/2023,30.59,31.09,29.97,30.82,"24,302,644"
3/10/2023,32,32.04,30.77,31.11,"32,553,607"
3/9/2023,34.41,34.52,32.28,32.32,"27,629,682"
3/8/2023,34.01,34.63,33.52,34.01,"16,174,274"
3/7/2023,33.85,35,33.6,34.14,"25,538,363"
3/6/2023,34.59,35.11,33.85,33.88,"18,903,006"
3/3/2023,34,34.59,33.8,34.57,"14,990,366"
3/2/2023,32.54,33.8,32.23,33.69,"17,976,269"
3/1/2023,33.43,33.58,32.89,32.99,"14,404,671"
2/28/2023,33.75,34,33.17,33.26,"17,144,021"
2/27/2023,33.68,33.85,33.06,33.55,"19,079,075"
2/24/2023,33.7,33.92,33.02,33.4,"19,100,996"
2/23/2023,34.79,34.8,33.7,34.47,"23,661,721"
2/22/2023,34.35,35.17,34.22,34.54,"23,294,036"
2/21/2023,33.78,34.39,33.49,34.2,"24,696,827"
2/17/2023,35.96,36.23,34.57,34.77,"27,946,727"
2/16/2023,35.6,36.73,35.45,36.22,"28,202,687"
2/15/2023,35.01,36.24,34.72,36.23,"31,492,167"
2/14/2023,33.11,35.36,32.72,35.23,"38,856,463"
2/13/2023,34.5,34.52,33.35,33.44,"35,043,744"
2/10/2023,34.4,35.4,34.05,34.3,"41,936,379"
2/9/2023,36.89,37.36,35.65,35.89,"44,068,509"
2/8/2023,37.43,37.58,34.5,36.83,"109,597,829"
2/7/2023,33.66,35.06,33.41,34.9,"59,374,036"
2/6/2023,33.53,34.21,32.9,33.9,"33,594,934"
2/3/2023,32.17,33.95,32.15,33.09,"25,804,879"
2/2/2023,32.42,33.47,32.42,33.05,"32,045,470"
2/1/2023,30.88,31.85,30.64,31.49,"21,206,352"
1/31/2023,29.75,30.96,29.74,30.93,"15,611,532"
1/30/2023,30.2,30.54,29.59,29.63,"17,969,731"
1/27/2023,29.7,30.6,29.5,30.36,"18,223,987"
1/26/2023,30.53,30.65,29.31,30.02,"25,383,593"
1/25/2023,29.22,30.4,28.8,30.29,"14,488,139"
1/24/2023,28.51,31.2,28.51,29.93,"14,464,364"
1/23/2023,30.63,31.11,30.27,30.53,"22,041,062"
1/20/2023,29.3,30.39,29.12,30.36,"23,008,696"
1/19/2023,28.47,29.29,28.34,29.03,"15,651,532"
1/18/2023,29.95,30.09,28.89,28.96,"25,257,235"
1/17/2023,29.44,29.78,28.96,29.2,"20,816,486"
1/13/2023,28.68,29.5,28.66,29.44,"16,940,714"
1/12/2023,28.85,29.19,28.2,29.03,"17,513,401"
1/11/2023,28.24,28.52,27.92,28.35,"15,421,719"
1/10/2023,27.4,28.25,27.15,28.04,"15,413,738"
1/9/2023,27.3,28.05,27.15,27.4,"24,962,057"
1/6/2023,25.86,26.54,25.4,26.4,"19,443,753"
1/5/2023,25.73,26.01,25.55,25.55,"9,942,038"
1/4/2023,25.73,25.97,25.32,25.91,"14,815,960"
1/3/2023,25.37,25.75,25.02,25.36,"22,155,275"
12/30/2022,24.42,24.85,24.24,24.73,"20,474,050"
12/29/2022,24.75,25.38,24.29,24.91,"17,828,296"
12/28/2022,24.21,24.72,24.02,24.59,"15,669,206"
12/27/2022,24.29,24.7,23.9,24.4,"15,258,601"
12/23/2022,24.46,24.73,24.16,24.64,"11,610,045"
12/22/2022,24.93,25.1,24.04,24.64,"23,752,734"
12/21/2022,25.15,25.67,24.87,25.36,"20,444,478"
12/20/2022,24.72,25.28,24.61,24.96,"28,536,476"
12/19/2022,26.02,26.02,24.69,24.95,"35,616,094"
12/16/2022,26.06,26.45,25.66,25.97,"22,684,200"
12/15/2022,26.98,27.11,25.88,26.24,"19,383,729"
12/14/2022,27.07,27.82,26.77,27.47,"19,427,279"
12/13/2022,28.03,28.46,26.91,26.98,"27,635,364"
12/12/2022,26.42,27.23,26.11,27.03,"16,483,626"
12/9/2022,26.4,26.96,26.24,26.55,"14,253,514"
12/8/2022,26.52,27.03,26.28,26.45,"14,909,647"
12/7/2022,26.61,26.87,26.02,26.4,"21,193,949"
12/6/2022,27.7,27.86,26.7,26.92,"19,772,905"
12/5/2022,28.41,28.86,27.65,27.7,"17,486,336"
12/2/2022,27.38,28.78,27.19,28.75,"15,980,529"
12/1/2022,29.22,29.6,28.3,28.34,"18,066,596"
11/30/2022,27.8,29.14,27.64,29.14,"18,177,028"
11/29/2022,28.05,28.23,27.58,27.76,"15,007,821"
11/28/2022,28.11,28.66,27.73,27.76,"11,126,985"
11/25/2022,28.71,28.88,28.24,28.5,"5,200,356"
11/23/2022,28.36,28.94,28.14,28.79,"12,964,924"
11/22/2022,28.27,28.33,27.31,28.08,"20,368,643"
11/21/2022,28.52,28.71,28.01,28.25,"16,159,379"
11/18/2022,29.21,29.41,28.7,28.96,"15,676,273"
11/17/2022,29.1,29.5,28.4,28.88,"22,684,059"
11/16/2022,30.95,31.16,29.83,30.04,"26,540,199"
11/15/2022,30.25,31.82,30,31.57,"43,066,493"
11/14/2022,28.85,29.7,28.79,29.07,"24,426,194"
11/11/2022,28.95,30.44,28.7,29.15,"35,861,055"
11/10/2022,28.38,29.32,28.1,28.85,"35,196,917"
11/9/2022,27.31,28.01,26.44,26.55,"21,186,266"
11/8/2022,27.57,28.33,26.82,27.44,"27,033,898"
11/7/2022,28.71,28.83,27.62,27.69,"19,204,075"
11/4/2022,29.44,29.73,28.04,28.39,"22,304,190"
11/3/2022,28.03,29.52,27.71,28.73,"28,033,212"
11/2/2022,29.57,30.16,28.63,28.81,"37,083,453"
11/1/2022,30.07,31,29.12,29.75,"87,994,014"
10/31/2022,27.61,27.73,26.3,26.57,"37,327,035"
10/28/2022,27.81,27.88,26.49,27.5,"27,116,701"
10/27/2022,28.4,28.76,27.66,27.82,"16,768,633"
10/26/2022,28.17,28.98,27.87,28.2,"17,349,542"
10/25/2022,28,28.55,27.33,28.36,"17,366,382"
10/24/2022,27.71,27.98,26.51,27.65,"19,194,218"
10/21/2022,27.5,28.44,27.16,28.02,"20,651,552"
10/20/2022,27.32,28.68,27.24,27.87,"20,835,269"
10/19/2022,27.06,27.73,26.85,27.53,"15,428,466"
10/18/2022,27.07,27.71,26.5,27.61,"25,643,306"
10/17/2022,25.26,26.27,25.08,25.94,"25,074,914"
10/14/2022,25.65,26.07,24.66,24.71,"22,553,952"
10/13/2022,24.47,26.03,24.19,25,"32,838,495"
10/12/2022,25.05,26.12,24.56,25.98,"30,945,853"
10/11/2022,25.55,26.05,22.94,24.66,"92,468,794"
10/10/2022,28.24,28.45,27.23,27.53,"13,413,529"
10/7/2022,28.83,28.86,27.92,28.07,"19,690,232"
10/6/2022,29.2,30.24,28.96,29.73,"25,399,517"
10/5/2022,28.48,29.65,28.31,29.18,"21,458,516"
10/4/2022,27.63,29.25,27.6,29.19,"25,461,714"
10/3/2022,26.76,26.9,25.96,26.72,"19,940,791"
9/30/2022,26.16,27.31,26.16,26.5,"23,894,897"
9/29/2022,27.66,27.72,26,26.42,"26,170,831"
9/28/2022,27.43,28.16,27.19,28.04,"21,290,383"
9/27/2022,27.67,28.49,27.16,27.57,"22,392,782"
9/26/2022,27.71,28.16,26.82,26.89,"24,953,815"
9/23/2022,28.01,28.34,27.36,27.82,"26,472,605"
9/22/2022,30.19,30.19,28.53,28.58,"29,038,114"
9/21/2022,31.45,31.68,30.35,30.47,"22,328,370"
9/20/2022,31.49,32.56,31.19,31.49,"23,652,413"
9/19/2022,31.44,31.98,31.06,31.49,"22,867,569"
9/16/2022,30.96,32.15,30.88,31.93,"50,970,679"
9/15/2022,32.95,34.33,32.74,33.13,"41,849,089"
9/14/2022,31.25,33.14,31.1,33.05,"34,493,388"
9/13/2022,30.69,31.78,30.22,31.32,"29,364,741"
9/12/2022,31.95,32.62,31.85,32.5,"29,349,907"
9/9/2022,31,32.05,30.89,31.78,"28,055,864"
9/8/2022,29.42,30.9,29.29,30.68,"29,393,512"
9/7/2022,28.91,30.15,28.82,30.03,"20,632,173"
9/6/2022,29.34,29.37,28.28,28.89,"20,422,802"
9/2/2022,29.5,29.64,28.65,29.05,"14,604,356"
9/1/2022,28.17,28.95,27.69,28.92,"17,828,091"
8/31/2022,29.11,29.88,28.75,28.76,"20,740,662"
8/30/2022,29.18,29.29,28.12,28.71,"24,409,322"
8/29/2022,28.1,29.19,28.06,28.74,"17,245,101"
8/26/2022,29.51,29.71,28.36,28.58,"16,490,809"
8/25/2022,28.89,29.64,28.81,29.62,"15,470,918"
8/24/2022,27.93,29.22,27.85,28.71,"20,022,520"
8/23/2022,28.06,28.68,27.75,27.81,"24,298,325"
8/22/2022,28.34,28.81,27.87,28,"20,233,070"
8/19/2022,29.5,29.57,28.63,29.01,"24,180,912"
8/18/2022,30.56,30.62,29.86,30.15,"20,831,615"
8/17/2022,31.65,31.71,30.44,30.72,"24,239,351"
8/16/2022,32.08,32.73,31.33,32.38,"28,072,342"
8/15/2022,32.1,32.91,31.93,32.49,"14,149,208"
8/12/2022,32.59,32.76,31.7,32.47,"21,950,694"
8/11/2022,33.16,33.36,32.04,32.24,"24,624,627"
8/10/2022,32.44,33.19,32.23,32.8,"31,318,068"
8/9/2022,31.37,31.55,30.72,31.06,"27,042,937"
8/8/2022,32.33,32.96,31.66,31.85,"28,064,916"
8/5/2022,31.2,32.63,31.04,32.01,"39,963,623"
8/4/2022,29.78,32.23,29.6,31.85,"55,573,597"
8/3/2022,29.72,31.43,29.36,30.19,"62,061,199"
8/2/2022,28.49,29.43,27.1,29.25,"107,926,256"
8/1/2022,23.43,24.62,22.89,24.6,"46,960,678"
7/29/2022,23.18,23.49,22.39,23.45,"29,406,649"
7/28/2022,22.89,23.42,22.14,23.31,"22,886,075"
7/27/2022,23,23.32,22.49,23.09,"28,384,348"
7/26/2022,23.15,23.15,22.45,22.55,"24,402,801"
7/25/2022,23.27,23.54,22.63,23.35,"12,923,042"
7/22/2022,24.33,24.81,23.09,23.3,"20,209,442"
7/21/2022,24.02,24.25,23.6,24.23,"18,425,364"
7/20/2022,22.89,24.22,22.81,24.12,"27,844,618"
7/19/2022,22.75,23.08,22.19,22.67,"23,148,938"
7/18/2022,22.17,23.2,22.11,22.58,"30,935,843"
7/15/2022,21,21.78,20.77,21.67,"24,503,631"
7/14/2022,21.25,21.47,20.59,20.65,"31,561,675"
7/13/2022,20.93,21.61,20.72,21.5,"18,994,916"
7/12/2022,21.28,21.78,20.98,21.57,"17,373,535"
7/11/2022,21.95,22.25,21.14,21.19,"17,562,117"
7/8/2022,22.43,22.96,21.83,22.34,"20,231,300"
7/7/2022,21.64,22.76,21.61,22.74,"23,121,886"
7/6/2022,21.5,22.08,21.32,21.5,"32,689,429"
7/5/2022,21.17,22.55,20.83,22.52,"24,515,795"
7/1/2022,20.7,21.37,20.43,21.34,"20,693,312"
6/30/2022,21.11,21.13,19.9,20.46,"30,882,454"
6/29/2022,22.11,22.15,21.08,21.47,"30,704,792"
6/28/2022,22.97,23.46,22.04,22.08,"24,360,150"
6/27/2022,23.45,23.64,22.35,22.86,"27,153,354"
6/24/2022,22.48,23.19,22.3,23.03,"38,139,998"
6/23/2022,21.63,22.44,21.39,22.37,"27,010,545"
6/22/2022,21.41,22.21,21.3,21.5,"32,353,317"
6/21/2022,22,22.46,21.69,21.76,"35,257,652"
6/17/2022,20.37,21.96,20.37,21.81,"46,728,428"
6/16/2022,21.04,21.4,20.16,20.47,"55,312,350"
6/15/2022,21.34,22.39,21.24,22.03,"36,073,711"
6/14/2022,21.72,21.95,20.89,21.09,"43,006,334"
6/13/2022,22.22,22.59,21.34,21.57,"33,130,326"
6/10/2022,24.8,24.97,23.65,23.72,"29,897,398"
6/9/2022,25.94,26.69,25.36,25.44,"42,149,561"
6/8/2022,25.7,26.55,25.3,25.83,"31,225,314"
6/7/2022,24.2,25.7,24.07,25.3,"27,453,723"
6/6/2022,24.86,25.44,24.28,24.73,"29,834,677"
6/3/2022,24.17,24.5,23.73,24.15,"24,283,631"
6/2/2022,23.07,24.83,22.94,24.74,"30,691,100"
6/1/2022,23.53,23.87,22.57,22.94,"26,383,612"
5/31/2022,23.5,23.9,23.03,23.2,"33,194,791"
5/27/2022,23.49,24.13,23.33,23.67,"29,710,163"
5/26/2022,22.15,23.28,21.93,23.1,"30,199,398"
5/25/2022,21.71,22.36,21.28,22.04,"31,270,767"
5/24/2022,23.69,23.74,21.41,21.55,"40,726,064"
5/23/2022,23.32,23.83,22.71,23.78,"35,204,796"
5/20/2022,23.81,24.1,22.41,23.35,"32,104,721"
5/19/2022,22.29,23.81,22.2,23.24,"36,461,194"
5/18/2022,23.98,24.19,22.34,22.46,"35,747,320"
5/17/2022,24.32,24.9,23.59,24.2,"33,859,419"
5/16/2022,24.31,24.46,23.4,23.59,"27,285,196"
5/13/2022,23.88,24.87,23.68,24.39,"53,577,608"
5/12/2022,22.15,24.06,21.69,23.29,"63,999,349"
5/11/2022,23.28,24.15,22.5,22.57,"51,137,731"
5/10/2022,23.85,24.55,22.8,23.67,"47,982,539"
5/9/2022,25.41,26.07,22.8,23.05,"58,095,902"
5/6/2022,26.84,26.84,24.75,26.07,"56,575,091"
5/5/2022,27.87,28.83,26.2,26.83,"52,804,190"
5/4/2022,27.41,28.4,25.9,28.1,"115,601,799"
5/3/2022,30.15,30.59,28.85,29.47,"58,340,743"
5/2/2022,31.24,31.35,29.51,30.39,"45,650,984"
4/29/2022,32.52,33.15,31.41,31.48,"24,948,561"
4/28/2022,31,32.87,30.98,32.82,"30,251,634"
4/27/2022,31.1,31.98,30.16,30.68,"30,762,551"
4/26/2022,32.04,32.2,31,31.33,"26,981,913"
4/25/2022,30.59,32.5,30.46,32.44,"29,416,342"
4/22/2022,31.62,32.23,30.8,30.83,"22,748,875"
4/21/2022,34.25,34.41,31.37,31.68,"32,937,079"
4/20/2022,33.99,34.32,33.18,33.21,"21,330,537"
4/19/2022,32.16,33.99,31.97,33.8,"23,319,577"
4/18/2022,32.55,32.61,31.42,31.79,"24,413,827"
4/14/2022,32.86,33.47,32.64,32.68,"18,763,002"
4/13/2022,32,33.11,31.93,32.63,"20,186,411"
4/12/2022,32.4,33.1,31.71,31.99,"32,619,822"
4/11/2022,31.36,32.69,31.11,32.04,"19,680,280"
4/8/2022,31.92,32.55,31.58,32.05,"17,991,006"
4/7/2022,33.34,33.34,31.02,32.27,"34,581,042"
4/6/2022,33.86,34,32.55,33.41,"28,854,792"
4/5/2022,36.35,36.61,34.72,34.96,"20,984,153"
4/4/2022,36.4,36.93,36.22,36.51,"20,230,463"
4/1/2022,35.68,36.48,35.4,35.98,"16,793,293"
3/31/2022,36.5,36.73,35.37,35.68,"20,608,652"
3/30/2022,36.66,37.09,36.21,36.58,"22,306,544"
3/29/2022,35.57,37.45,35.57,37.19,"37,969,049"
3/28/2022,34.14,34.91,33.73,34.77,"22,175,227"
3/25/2022,34.55,34.92,33.55,34.06,"28,078,801"
3/24/2022,34.74,34.95,33.44,34.7,"52,533,577"
3/23/2022,32.71,33.68,32.57,33.06,"19,024,734"
3/22/2022,31.93,33.6,31.84,33.35,"21,852,813"
3/21/2022,32.82,32.82,31.25,31.98,"35,200,551"
3/18/2022,32.52,33.42,32.33,33.36,"35,827,779"
3/17/2022,32.34,32.92,31.57,32.85,"27,278,649"
3/16/2022,30.53,32.64,30.27,32.61,"34,688,771"
3/15/2022,29.52,30.41,29.06,29.8,"33,060,463"
3/14/2022,30.51,30.55,28.8,29.27,"41,897,395"
3/11/2022,31.3,31.39,30.42,30.76,"29,454,687"
3/10/2022,30.86,31.15,29.84,30.41,"30,785,877"
3/9/2022,31.75,32.73,31.2,31.5,"33,734,505"
3/8/2022,28.51,31.57,28.28,30.74,"55,014,737"
3/7/2022,31.48,31.94,28.55,28.57,"60,265,807"
3/4/2022,31.5,31.73,29.27,29.83,"52,160,494"
3/3/2022,34.22,34.29,31.42,31.72,"38,337,646"
3/2/2022,34,34.22,32.97,34.04,"26,112,459"
3/1/2022,35.45,35.6,33.65,33.89,"31,436,210"
2/28/2022,35.26,36.31,34.98,36.03,"44,865,191"
2/25/2022,34.84,35.27,34.01,34.98,"23,691,460"
2/24/2022,29.97,34.95,29.71,34.87,"42,978,100"
2/23/2022,33.89,34.21,32.3,32.39,"27,254,847"
2/22/2022,34.21,35.1,33.28,33.68,"28,731,344"
2/18/2022,35.52,36.33,34.67,34.68,"28,199,909"
2/17/2022,36.13,37.43,35.41,35.71,"28,432,069"
2/16/2022,36.63,37.39,36.27,36.58,"33,165,886"
2/15/2022,35.44,37.21,35.11,37.09,"38,183,480"
2/14/2022,35.2,35.99,34.32,34.59,"44,556,745"
2/11/2022,37.96,38.65,34.48,35.29,"72,568,418"
2/10/2022,41,42.56,37.35,37.75,"113,914,950"
2/9/2022,38.81,40.4,38.16,40.19,"52,614,106"
2/8/2022,37.25,38.57,36.95,38.34,"25,857,624"
2/7/2022,36.99,39.05,36.99,37.54,"30,303,150"
2/4/2022,35,37.36,34.36,37.05,"33,082,059"
2/3/2022,36.08,36.74,34.3,34.54,"32,192,064"
2/2/2022,38.53,38.62,37.03,37.17,"19,591,123"
2/1/2022,37.63,38.71,37.2,38.61,"19,669,916"
1/31/2022,35.34,37.54,35.3,37.4,"22,899,346"
1/28/2022,34.17,35.22,32.81,35.21,"28,007,148"
1/27/2022,35.37,35.79,33.94,34.09,"26,086,745"
1/26/2022,36.07,36.68,34.45,34.8,"29,495,872"
1/25/2022,35.47,36.09,34.52,34.82,"29,576,954"
1/24/2022,34.91,36.42,33.51,36.28,"49,280,929"
1/21/2022,37.41,37.6,35.85,35.94,"41,836,756"
1/20/2022,38.29,39.64,37.75,37.82,"21,720,081"
1/19/2022,38.21,38.89,37.12,37.86,"35,552,500"
1/18/2022,40.96,40.96,38.37,38.41,"36,902,203"
1/14/2022,42.4,42.72,40.36,41.51,"25,817,795"
1/13/2022,43.34,43.92,42.73,42.87,"17,190,076"
1/12/2022,43.99,44.1,42.54,43.04,"18,993,872"
1/11/2022,42.36,44.17,42.19,43.62,"22,160,976"
1/10/2022,41.48,42.81,40.16,42.6,"29,783,757"
1/7/2022,42,42.65,41.2,41.51,"24,875,831"
1/6/2022,43.11,44.08,40.97,42.03,"32,434,252"
1/5/2022,44.29,45.9,42.86,43.24,"28,498,663"
1/4/2022,44.23,44.8,42.58,44.42,"30,845,320"
1/3/2022,42.48,44.41,41.89,43.95,"26,364,965"
12/31/2021,42.53,43.12,41.93,41.93,"13,746,893"
12/30/2021,42.29,43.34,42.2,42.66,"13,516,258"
12/29/2021,42.72,42.93,41.82,42.46,"15,908,613"
12/28/2021,42.6,43.74,42.3,42.54,"21,480,952"
12/27/2021,43.44,44.24,42.82,42.96,"28,284,981"
12/23/2021,43.03,44.35,42.76,43.91,"21,763,417"
12/22/2021,41.95,43.23,41.45,43.02,"27,675,666"
12/21/2021,39.82,42.08,39.82,41.97,"28,385,155"
12/20/2021,38.45,40.15,38.08,39.7,"28,153,739"
12/17/2021,37.2,40,36.74,39.68,"51,048,124"
12/16/2021,38.25,38.58,37.13,37.7,"31,478,392"
12/15/2021,36.91,38.38,36.24,37.83,"37,612,574"
12/14/2021,35.25,38.45,35.21,37.26,"45,491,730"
12/13/2021,36.18,36.31,34.88,35.73,"38,394,720"
12/10/2021,37.41,37.87,36.61,36.67,"25,760,609"
12/9/2021,38.44,38.7,37.48,37.54,"22,994,806"
12/8/2021,38.3,39.41,38.01,38.81,"29,688,552"
12/7/2021,39.4,40.22,37.76,38.08,"40,443,330"
12/6/2021,35.95,38.69,35.44,38.49,"36,689,186"
12/3/2021,37.42,37.84,35.26,35.85,"47,392,730"
12/2/2021,36.55,38.4,36.45,38.12,"32,266,969"
12/1/2021,39.45,39.5,35.8,36.02,"47,369,182"
11/30/2021,39.25,39.95,37.04,38,"55,268,520"
11/29/2021,41.06,41.25,38.78,39.7,"27,724,438"
11/26/2021,39.61,40.62,38.77,40.52,"35,453,586"
11/24/2021,42,42.37,41.24,42.08,"17,118,201"
11/23/2021,42.38,43.14,41.6,42.68,"18,099,396"
11/22/2021,43.96,44.4,41.81,42.6,"31,355,201"
11/19/2021,43.93,44.72,43.5,44.23,"21,465,519"
11/18/2021,44.53,45.33,43.58,45,"27,839,873"
11/17/2021,45.36,45.64,43.9,44.11,"25,036,352"
11/16/2021,45.54,46.66,44.86,45.76,"46,219,690"
11/15/2021,45.11,45.26,43.56,43.61,"19,690,003"
11/12/2021,43.57,45.13,43.57,45.12,"29,804,574"
11/11/2021,43.32,43.72,42.44,43.28,"27,307,792"
11/10/2021,44.9,45.25,42.6,43.38,"33,712,210"
11/9/2021,45.91,45.98,43.68,45.51,"33,588,854"
11/8/2021,47.08,47.65,45.82,45.89,"25,257,852"
11/5/2021,47.5,48.74,46.61,47.19,"45,641,491"
11/4/2021,45.54,46.53,44.99,45.27,"31,903,047"
11/3/2021,45.33,46.26,44.71,45.72,"38,499,594"
11/2/2021,44.34,44.35,42.33,42.89,"28,002,584"
11/1/2021,44.07,45.03,43.65,44.36,"20,983,925"
10/29/2021,44.49,44.8,43.57,43.82,"18,283,203"
10/28/2021,45,45.41,44.38,44.62,"14,768,789"
10/27/2021,46.47,46.55,44.17,44.73,"26,999,752"
10/26/2021,46.28,47.69,45.86,46.02,"19,491,761"
10/25/2021,45.67,46.07,45.02,45.72,"12,955,477"
10/22/2021,46,46.5,45.23,45.51,"19,259,203"
10/21/2021,45.97,47.54,45.52,46.47,"15,741,030"
10/20/2021,47.15,47.54,45.93,46,"15,570,862"
10/19/2021,47.2,47.69,46.74,47.05,"16,500,199"
10/18/2021,47.68,47.95,46.75,47.07,"19,806,658"
10/15/2021,47.91,48.84,47.34,48.36,"20,581,670"
10/14/2021,46.98,47.94,46.84,47.28,"18,514,016"
10/13/2021,46.26,47,45.94,46.41,"13,754,404"
10/12/2021,46.33,47.05,46.16,46.72,"12,404,189"
10/11/2021,47.7,47.87,46.28,46.29,"16,336,783"
10/8/2021,48.08,48.88,47.61,47.77,"17,980,417"
10/7/2021,47.64,48.24,46.89,47.91,"25,961,566"
10/6/2021,45.33,47.18,45,47.01,"24,868,676"
10/5/2021,45.91,46.08,45.35,45.61,"12,433,928"
10/4/2021,46.47,46.83,45.2,45.72,"21,588,150"
10/1/2021,45.92,47.25,45.79,47.05,"25,428,283"
9/30/2021,44.71,45.37,43.86,44.8,"16,659,698"
9/29/2021,46,46.53,44.3,44.52,"24,599,488"
9/28/2021,46.7,47,45.76,45.98,"23,707,883"
9/27/2021,46.77,47.43,46.19,47.25,"23,034,751"
9/24/2021,45.46,47.05,45.29,46.63,"29,458,270"
9/23/2021,45.35,45.84,44.71,45.48,"26,232,791"
9/22/2021,44.9,46.62,44.61,44.87,"56,455,147"
9/21/2021,42.34,45,42.18,44.36,"106,631,670"
9/20/2021,38.88,40.22,38.73,39.79,"35,417,620"
9/17/2021,39.9,40.23,39.29,39.75,"32,178,093"
9/16/2021,38.3,39.67,38.09,39.52,"25,374,019"
9/15/2021,39,39,38.08,38.48,"30,368,821"
9/14/2021,39.9,40.1,38.55,39.01,"36,717,255"
9/13/2021,40.26,41.19,39.26,40.07,"28,868,762"
9/10/2021,40.62,40.83,39.87,39.89,"14,230,634"
9/9/2021,40.1,40.95,39.84,40.35,"14,260,282"
9/8/2021,40.85,41.34,39.83,40.07,"16,219,948"
9/7/2021,40.49,41.08,40.31,40.95,"15,708,573"
9/3/2021,41.22,41.58,40.23,40.32,"15,466,520"
9/2/2021,40.75,41.86,40.54,41.4,"20,654,223"
9/1/2021,39.98,41.67,39.87,40.62,"27,788,584"
8/31/2021,39.81,40.28,39.13,39.14,"26,395,998"
8/30/2021,40.58,40.74,39.11,39.59,"29,516,296"
8/27/2021,40.53,41.31,40.5,40.69,"13,612,504"
8/26/2021,41.49,41.94,40.54,40.62,"17,473,357"
8/25/2021,40.44,42.11,40.04,41.55,"26,498,361"
8/24/2021,41.1,41.21,39.97,40.17,"44,872,760"
8/23/2021,39,41.08,38.84,41,"33,901,259"
8/20/2021,39.69,40.08,39.24,39.95,"18,080,694"
8/19/2021,40.28,40.6,39.51,39.86,"22,471,416"
8/18/2021,40.97,41.53,40.8,40.88,"13,682,286"
8/17/2021,41,41.48,40.58,41,"20,364,438"
8/16/2021,41.76,41.79,40.86,41.5,"19,250,132"
8/13/2021,42.8,43.03,42.2,42.22,"8,598,787"
8/12/2021,42.86,42.97,42.18,42.73,"16,556,292"
8/11/2021,43.41,43.5,42,43.08,"21,766,053"
8/10/2021,43.7,44.24,43.25,43.5,"26,675,230"
8/9/2021,44.19,44.27,43.21,43.25,"19,238,407"
8/6/2021,43.74,44.94,43.65,44.28,"25,514,939"
8/5/2021,40.5,44.65,40.15,43.07,"60,871,534"
8/4/2021,42.7,42.82,41.37,41.81,"42,969,148"
8/3/2021,43.56,43.68,41.62,42.79,"37,622,181"
8/2/2021,44.1,44.29,43.45,43.49,"26,579,889"
7/30/2021,44.38,44.73,43.34,43.46,"22,194,938"
7/29/2021,44.12,45.21,44,44.69,"51,033,697"
7/28/2021,45.88,46.96,45.81,46.14,"19,510,262"
7/27/2021,46.54,46.66,44.77,45.82,"16,874,229"
7/26/2021,47.04,47.6,46.37,46.81,"12,497,997"
7/23/2021,47.61,47.69,46.78,47.46,"9,540,666"
7/22/2021,47.7,48.17,47.24,47.57,"11,560,839"
7/21/2021,46.53,47.94,46.35,47.52,"14,953,653"
7/20/2021,45.46,46.66,45.07,46.32,"13,851,368"
7/19/2021,45,45.75,44.44,45.56,"20,890,643"
7/16/2021,46.4,47.09,46.01,46.19,"18,224,518"
7/15/2021,46.86,47.46,46.15,46.42,"17,225,275"
7/14/2021,48.28,48.59,47.11,47.15,"15,837,013"
7/13/2021,48.49,48.59,47.75,48.08,"11,283,578"
7/12/2021,48.87,49.29,48.09,48.41,"14,142,309"
7/9/2021,47.84,49.25,47.71,49.07,"15,400,975"
7/8/2021,47.16,48.21,46.57,47.55,"24,930,159"
7/7/2021,50.8,51.03,48.54,48.68,"24,559,506"
7/6/2021,50.6,52.03,50.4,50.8,"21,357,834"
7/2/2021,50.57,51.83,50.39,51.71,"13,698,243"
7/1/2021,50.88,51.6,50.02,50.59,"17,732,585"
6/30/2021,51.02,51.13,49.71,50.12,"18,069,434"
6/29/2021,51,51.3,50.24,50.76,"14,104,177"
6/28/2021,51.75,52.36,50.37,51.11,"22,518,031"
6/25/2021,51.18,51.83,50.53,51.73,"25,727,827"
6/24/2021,51.3,51.55,50.22,50.82,"12,403,301"
6/23/2021,49.06,50.77,49.01,50.51,"19,843,277"
6/22/2021,48.3,49.34,47.75,49.05,"19,472,455"
6/21/2021,49.72,49.86,47.9,48.12,"30,752,163"
6/18/2021,49.31,50.39,48.78,49.7,"20,633,523"
6/17/2021,48.96,49.84,48.31,49.7,"18,887,261"
6/16/2021,49.35,49.66,48.29,48.89,"18,975,750"
6/15/2021,49.55,49.96,49.09,49.3,"20,358,633"
6/14/2021,50.06,51.49,49.56,50.77,"15,399,156"
6/11/2021,50.03,50.36,49.54,50.01,"12,127,112"
6/10/2021,49.69,49.9,48.43,49.55,"14,926,468"
6/9/2021,50,50.17,49.11,49.14,"12,615,211"
6/8/2021,50.7,51.4,48.66,49.88,"19,672,716"
6/7/2021,50.49,51.22,49.75,50.76,"16,466,233"
6/4/2021,49.56,50.22,49.07,50.18,"10,409,827"
6/3/2021,50.43,50.5,48.53,48.7,"14,712,859"
6/2/2021,51.19,51.41,50.55,50.79,"13,484,205"
6/1/2021,51.62,51.66,49.84,50.98,"16,583,752"
5/28/2021,50.68,51.74,50.47,50.83,"14,226,758"
5/27/2021,51.44,51.69,48.72,50.71,"51,346,020"
5/26/2021,50.32,51.36,49.76,51.12,"16,393,706"
5/25/2021,50.74,51.59,50.44,50.46,"16,930,933"
5/24/2021,49.33,50.4,48.85,50.03,"16,768,424"
5/21/2021,49.57,49.95,48.76,48.82,"20,013,223"
5/20/2021,49.57,49.95,48.76,49.33,"18,822,300"
5/19/2021,47.53,49.83,47.37,49.47,"16,517,476"
5/18/2021,49.67,50.29,48.53,49.17,"28,244,446"
5/17/2021,47.24,47.94,46.51,47.51,"17,475,275"
5/14/2021,45.03,47.71,44.85,47.42,"25,323,284"
5/13/2021,44.99,46.1,43.56,44.48,"36,205,110"
5/12/2021,45.9,46.11,43.17,43.81,"32,117,357"
5/11/2021,44.5,46.79,44.18,46.21,"29,106,917"
5/10/2021,47.71,47.85,45.6,45.79,"28,309,814"
5/7/2021,47.22,48.6,46.53,47.03,"27,933,929"
5/6/2021,48.39,49.81,45.72,46.65,"79,242,393"
5/5/2021,53.87,54.07,50.63,51.18,"43,970,538"
5/4/2021,54.52,54.72,52.01,52.99,"19,336,646"
5/3/2021,55.12,56.13,54.84,54.85,"13,903,303"
4/30/2021,54.3,55.65,54.11,54.77,"16,736,583"
4/29/2021,59,59.22,53.11,54.93,"43,407,953"
4/28/2021,56.88,58.48,56.66,58.44,"9,269,739"
4/27/2021,58.32,58.4,57.05,57.16,"12,926,757"
4/26/2021,58.05,58.36,57.33,57.61,"8,361,602"
4/23/2021,56.56,57.95,56.39,57.93,"8,763,212"
4/22/2021,55.85,57.22,55.19,56.28,"16,936,170"
4/21/2021,55,56.2,54.61,55.77,"11,523,907"
4/20/2021,58,58.12,55.24,55.48,"19,081,120"
4/19/2021,60,60.22,57.52,57.85,"16,956,891"
4/16/2021,60.74,60.85,59.54,60.35,"11,856,110"
4/15/2021,59.88,61.09,59.55,60.74,"17,500,176"
4/14/2021,60.11,61.5,59.18,59.23,"18,959,761"
4/13/2021,59.65,61.01,58.53,60.64,"21,006,093"
4/12/2021,59.05,60.77,58.75,59.44,"36,041,324"
4/9/2021,57.32,57.88,56.4,57.68,"10,228,466"
4/8/2021,56.65,57.94,56.54,57.83,"9,498,507"
4/7/2021,58.02,58.13,55.95,56.89,"12,921,863"
4/6/2021,57.34,58.99,57.16,58.05,"13,579,181"
4/5/2021,58.1,58.42,56.64,57.4,"13,490,249"
4/1/2021,55.61,57.63,54.81,57.6,"18,703,397"
3/31/2021,53.96,55.18,53.58,54.51,"14,760,464"
3/30/2021,52.99,54.12,52.64,53.46,"9,497,186"
3/29/2021,54.8,54.8,52.85,53.35,"9,724,766"
3/26/2021,54.41,55.25,53.52,54.71,"13,528,233"
3/25/2021,52,54.28,51.8,53.89,"13,210,740"
3/24/2021,54.46,54.96,52.54,52.57,"13,700,843"
3/23/2021,55.63,55.63,53.11,53.49,"14,513,457"
3/22/2021,57.25,57.61,55.47,55.69,"14,149,412"
3/19/2021,55.48,57.18,54.34,57.08,"17,396,297"
3/18/2021,56.63,57.48,55.21,55.69,"15,742,985"
3/17/2021,57.07,57.57,55.54,56.36,"25,509,926"
3/16/2021,59.99,61.02,58.38,58.85,"12,885,725"
3/15/2021,60.35,60.53,59.12,60.19,"14,993,629"
3/12/2021,58.97,60.59,57.62,60.35,"14,839,307"
3/11/2021,58.8,59.48,58.22,58.95,"17,293,752"
3/10/2021,57.21,58.9,56.27,57.68,"27,997,015"
3/9/2021,56,56.15,54.72,55.25,"17,192,937"
3/8/2021,55.5,56.45,52.89,53.2,"19,912,065"
3/5/2021,54.28,55.83,50.81,55.54,"31,576,175"
3/4/2021,55.75,57.16,51.61,53.07,"27,409,574"
3/3/2021,55.93,57.8,54.65,56.11,"28,485,381"
3/2/2021,55.54,55.62,54.19,54.65,"15,199,537"
3/1/2021,53.67,54.76,53.3,54.4,"18,481,137"
2/26/2021,52.07,52.75,50.61,51.75,"16,349,839"
2/25/2021,54.58,54.6,50.86,51.45,"27,049,080"
2/24/2021,54.95,55.15,53.66,53.91,"24,626,966"
2/23/2021,53.5,56.37,51.89,56,"23,947,540"
2/22/2021,57.76,58.1,54.82,55.31,"25,565,420"
2/19/2021,58.36,60.46,58.11,58.39,"28,097,000"
2/18/2021,60,60.29,58.23,59,"15,135,647"
2/17/2021,60.33,60.95,58.95,60.81,"12,669,988"
2/16/2021,61.02,61.31,59.84,60.52,"15,413,075"
2/12/2021,60.12,60.93,59.32,60.63,"14,607,832"
2/11/2021,63.25,64.05,60.4,60.71,"41,363,413"
2/10/2021,62,63.5,60.8,63.18,"36,972,931"
2/9/2021,58.91,61.06,58.62,59.61,"23,510,740"
2/8/2021,59.7,60.11,58.69,59.29,"18,410,638"
2/5/2021,58.16,58.71,57.37,58.58,"15,729,172"
2/4/2021,56.45,57.85,56.11,57.85,"13,847,255"
2/3/2021,57.87,58.13,56.74,57.12,"13,519,011"
2/2/2021,55.11,58.03,54.89,56.46,"30,286,801"
2/1/2021,52.12,52.9,51.35,52.76,"15,570,904"
1/29/2021,50.63,51.49,49.64,50.93,"18,743,234"
1/28/2021,50.12,52.52,49.88,51.58,"28,114,698"
1/27/2021,49.97,50.86,47.15,48.11,"33,283,424"
1/26/2021,54.62,55.52,51.53,51.92,"25,677,017"
1/25/2021,54.5,54.52,49.65,54.29,"40,890,094"
1/22/2021,55.25,55.47,54.01,54.31,"19,570,506"
1/21/2021,56.57,57,55.31,55.79,"13,432,029"
1/20/2021,57,57.98,55.47,56.38,"16,904,343"
1/19/2021,56.39,56.84,55,56.3,"16,953,659"
1/15/2021,57.49,57.9,55,55.52,"23,708,804"
1/14/2021,60,60.03,56.7,56.91,"26,561,002"
1/13/2021,58.54,59.88,57.53,59.4,"24,178,501"
1/12/2021,55.5,59.39,55,58.54,"52,151,405"
1/11/2021,53.11,55,52.99,54.59,"23,213,840"
1/8/2021,54.4,54.79,52.58,53.28,"37,999,442"
1/7/2021,53.37,56.25,53.2,56.13,"23,737,543"
1/6/2021,53.31,54.07,52,52.48,"17,738,115"
1/5/2021,51,54.19,50.76,54.01,"21,403,169"
1/4/2021,52.22,52.32,49.64,51.14,"17,291,804"
12/31/2020,53.28,53.28,51,51,"13,282,786"
12/30/2020,52.72,53.85,52.22,53.15,"9,518,600"
12/29/2020,52.33,52.99,51.47,52.27,"10,140,561"
12/28/2020,53.02,53.13,51.56,51.97,"12,058,981"
